name,sku,type,sizeMl,sellingPrice,oilMlUsed,ethanolMlUsed,fixativeMlUsed,makingCost,isActive,description,intensity,bestFor,notes,baseOil,blendComponents
Ahsas al Arabia,AhsAra,roll-on,3.5,150,3.5,0,0,0,true,Medium oriental woody floral blend. Best for evening elegance.,medium,evening,oriental woody floral,6a3e242f2f2b2f71f964fd35,
Ahsas al Arabia,AhsAra,roll-on,6,250,6,0,0,0,true,Medium oriental woody floral blend. Best for evening elegance.,medium,evening,oriental woody floral,6a3e242f2f2b2f71f964fd35,
Ahsas al Arabia,AhsAra,roll-on,15,650,15,0,0,0,true,Medium oriental woody floral blend. Best for evening elegance.,medium,evening,oriental woody floral,6a3e242f2f2b2f71f964fd35,
Ahsas al Arabia,AhsAra,roll-on,30,1250,30,0,0,0,true,Medium oriental woody floral blend. Best for evening elegance.,medium,evening,oriental woody floral,6a3e242f2f2b2f71f964fd35,
Ahsas al Arabia Spray,AhsAra_SP,spray,6,300,3.78,2.2206,0,0,true,Medium oriental woody floral blend. Best for evening elegance.,medium,evening,oriental woody floral,,{
  material: new ObjectId('6a3e242f2f2b2f71f964fd35'),
  percentage: 48.03,
  _id: new ObjectId('6a8ae1a14e390eec88528639')
},{
  material: new ObjectId('6a3e24312f2b2f71f964fd73'),
  percentage: 0.97,
  _id: new ObjectId('6a8ae1a14e390eec8852863a')
},{
  material: new ObjectId('6a3e24312f2b2f71f964fd7a'),
  percentage: 0.97,
  _id: new ObjectId('6a8ae1a14e390eec8852863b')
},{
  material: new ObjectId('6a3e24312f2b2f71f964fd82'),
  percentage: 0.97,
  _id: new ObjectId('6a8ae1a14e390eec8852863c')
},{
  material: new ObjectId('6a3e24312f2b2f71f964fd73'),
  percentage: 0.92,
  _id: new ObjectId('6a8ae1a14e390eec8852863d')
},{
  material: new ObjectId('6a3e24312f2b2f71f964fd7a'),
  percentage: 0.92,
  _id: new ObjectId('6a8ae1a14e390eec8852863e')
},{
  material: new ObjectId('6a3e24312f2b2f71f964fd82'),
  percentage: 0.92,
  _id: new ObjectId('6a8ae1a14e390eec8852863f')
},{
  material: new ObjectId('6a3e24312f2b2f71f964fd73'),
  percentage: 0.98,
  _id: new ObjectId('6a8ae1a14e390eec88528640')
},{
  material: new ObjectId('6a3e24312f2b2f71f964fd7a'),
  percentage: 0.98,
  _id: new ObjectId('6a8ae1a14e390eec88528641')
},{
  material: new ObjectId('6a3e24312f2b2f71f964fd82'),
  percentage: 0.98,
  _id: new ObjectId('6a8ae1a14e390eec88528642')
},{
  material: new ObjectId('6a3e24312f2b2f71f964fd73'),
  percentage: 1.03,
  _id: new ObjectId('6a8ae1a14e390eec88528643')
},{
  material: new ObjectId('6a3e24312f2b2f71f964fd7a'),
  percentage: 1.03,
  _id: new ObjectId('6a8ae1a14e390eec88528644')
},{
  material: new ObjectId('6a3e24312f2b2f71f964fd82'),
  percentage: 1.03,
  _id: new ObjectId('6a8ae1a14e390eec88528645')
},{
  material: new ObjectId('6a3e24312f2b2f71f964fd73'),
  percentage: 1.09,
  _id: new ObjectId('6a8ae1a14e390eec88528647')
},{
  material: new ObjectId('6a3e24312f2b2f71f964fd7a'),
  percentage: 1.09,
  _id: new ObjectId('6a8ae1a14e390eec88528648')
},{
  material: new ObjectId('6a3e24312f2b2f71f964fd82'),
  percentage: 1.09,
  _id: new ObjectId('6a8ae1a14e390eec88528649')
},{
  material: new ObjectId('6a3e242f2f2b2f71f964fd46'),
  percentage: 37.01,
  _id: new ObjectId('6a8ae1a14e390eec88528646')
}
Ahsas al Arabia Spray,AhsAra_SP,spray,15,700,9.450000000000006,5.5515,0,0,true,Medium oriental woody floral blend. Best for evening elegance.,medium,evening,oriental woody floral,,{
  material: new ObjectId('6a3e242f2f2b2f71f964fd35'),
  percentage: 48.03,
  _id: new ObjectId('6a8ae1a14e390eec88528639')
},{
  material: new ObjectId('6a3e24312f2b2f71f964fd73'),
  percentage: 0.97,
  _id: new ObjectId('6a8ae1a14e390eec8852863a')
},{
  material: new ObjectId('6a3e24312f2b2f71f964fd7a'),
  percentage: 0.97,
  _id: new ObjectId('6a8ae1a14e390eec8852863b')
},{
  material: new ObjectId('6a3e24312f2b2f71f964fd82'),
  percentage: 0.97,
  _id: new ObjectId('6a8ae1a14e390eec8852863c')
},{
  material: new ObjectId('6a3e24312f2b2f71f964fd73'),
  percentage: 0.92,
  _id: new ObjectId('6a8ae1a14e390eec8852863d')
},{
  material: new ObjectId('6a3e24312f2b2f71f964fd7a'),
  percentage: 0.92,
  _id: new ObjectId('6a8ae1a14e390eec8852863e')
},{
  material: new ObjectId('6a3e24312f2b2f71f964fd82'),
  percentage: 0.92,
  _id: new ObjectId('6a8ae1a14e390eec8852863f')
},{
  material: new ObjectId('6a3e24312f2b2f71f964fd73'),
  percentage: 0.98,
  _id: new ObjectId('6a8ae1a14e390eec88528640')
},{
  material: new ObjectId('6a3e24312f2b2f71f964fd7a'),
  percentage: 0.98,
  _id: new ObjectId('6a8ae1a14e390eec88528641')
},{
  material: new ObjectId('6a3e24312f2b2f71f964fd82'),
  percentage: 0.98,
  _id: new ObjectId('6a8ae1a14e390eec88528642')
},{
  material: new ObjectId('6a3e24312f2b2f71f964fd73'),
  percentage: 1.03,
  _id: new ObjectId('6a8ae1a14e390eec88528643')
},{
  material: new ObjectId('6a3e24312f2b2f71f964fd7a'),
  percentage: 1.03,
  _id: new ObjectId('6a8ae1a14e390eec88528644')
},{
  material: new ObjectId('6a3e24312f2b2f71f964fd82'),
  percentage: 1.03,
  _id: new ObjectId('6a8ae1a14e390eec88528645')
},{
  material: new ObjectId('6a3e24312f2b2f71f964fd73'),
  percentage: 1.09,
  _id: new ObjectId('6a8ae1a14e390eec88528647')
},{
  material: new ObjectId('6a3e24312f2b2f71f964fd7a'),
  percentage: 1.09,
  _id: new ObjectId('6a8ae1a14e390eec88528648')
},{
  material: new ObjectId('6a3e24312f2b2f71f964fd82'),
  percentage: 1.09,
  _id: new ObjectId('6a8ae1a14e390eec88528649')
},{
  material: new ObjectId('6a3e242f2f2b2f71f964fd46'),
  percentage: 37.01,
  _id: new ObjectId('6a8ae1a14e390eec88528646')
}
Ahsas al Arabia Spray,AhsAra_SP,spray,30,1000,18.900000000000013,11.103,0,0,true,Medium oriental woody floral blend. Best for evening elegance.,medium,evening,oriental woody floral,,{
  material: new ObjectId('6a3e242f2f2b2f71f964fd35'),
  percentage: 48.03,
  _id: new ObjectId('6a8ae1a14e390eec88528639')
},{
  material: new ObjectId('6a3e24312f2b2f71f964fd73'),
  percentage: 0.97,
  _id: new ObjectId('6a8ae1a14e390eec8852863a')
},{
  material: new ObjectId('6a3e24312f2b2f71f964fd7a'),
  percentage: 0.97,
  _id: new ObjectId('6a8ae1a14e390eec8852863b')
},{
  material: new ObjectId('6a3e24312f2b2f71f964fd82'),
  percentage: 0.97,
  _id: new ObjectId('6a8ae1a14e390eec8852863c')
},{
  material: new ObjectId('6a3e24312f2b2f71f964fd73'),
  percentage: 0.92,
  _id: new ObjectId('6a8ae1a14e390eec8852863d')
},{
  material: new ObjectId('6a3e24312f2b2f71f964fd7a'),
  percentage: 0.92,
  _id: new ObjectId('6a8ae1a14e390eec8852863e')
},{
  material: new ObjectId('6a3e24312f2b2f71f964fd82'),
  percentage: 0.92,
  _id: new ObjectId('6a8ae1a14e390eec8852863f')
},{
  material: new ObjectId('6a3e24312f2b2f71f964fd73'),
  percentage: 0.98,
  _id: new ObjectId('6a8ae1a14e390eec88528640')
},{
  material: new ObjectId('6a3e24312f2b2f71f964fd7a'),
  percentage: 0.98,
  _id: new ObjectId('6a8ae1a14e390eec88528641')
},{
  material: new ObjectId('6a3e24312f2b2f71f964fd82'),
  percentage: 0.98,
  _id: new ObjectId('6a8ae1a14e390eec88528642')
},{
  material: new ObjectId('6a3e24312f2b2f71f964fd73'),
  percentage: 1.03,
  _id: new ObjectId('6a8ae1a14e390eec88528643')
},{
  material: new ObjectId('6a3e24312f2b2f71f964fd7a'),
  percentage: 1.03,
  _id: new ObjectId('6a8ae1a14e390eec88528644')
},{
  material: new ObjectId('6a3e24312f2b2f71f964fd82'),
  percentage: 1.03,
  _id: new ObjectId('6a8ae1a14e390eec88528645')
},{
  material: new ObjectId('6a3e24312f2b2f71f964fd73'),
  percentage: 1.09,
  _id: new ObjectId('6a8ae1a14e390eec88528647')
},{
  material: new ObjectId('6a3e24312f2b2f71f964fd7a'),
  percentage: 1.09,
  _id: new ObjectId('6a8ae1a14e390eec88528648')
},{
  material: new ObjectId('6a3e24312f2b2f71f964fd82'),
  percentage: 1.09,
  _id: new ObjectId('6a8ae1a14e390eec88528649')
},{
  material: new ObjectId('6a3e242f2f2b2f71f964fd46'),
  percentage: 37.01,
  _id: new ObjectId('6a8ae1a14e390eec88528646')
}
Ahsas al Arabia Spray,AhsAra_SP,spray,50,1300,31.500000000000004,18.505,0,0,true,Medium oriental woody floral blend. Best for evening elegance.,medium,evening,oriental woody floral,,{
  material: new ObjectId('6a3e242f2f2b2f71f964fd35'),
  percentage: 48.03,
  _id: new ObjectId('6a8ae1a14e390eec88528639')
},{
  material: new ObjectId('6a3e24312f2b2f71f964fd73'),
  percentage: 0.97,
  _id: new ObjectId('6a8ae1a14e390eec8852863a')
},{
  material: new ObjectId('6a3e24312f2b2f71f964fd7a'),
  percentage: 0.97,
  _id: new ObjectId('6a8ae1a14e390eec8852863b')
},{
  material: new ObjectId('6a3e24312f2b2f71f964fd82'),
  percentage: 0.97,
  _id: new ObjectId('6a8ae1a14e390eec8852863c')
},{
  material: new ObjectId('6a3e24312f2b2f71f964fd73'),
  percentage: 0.92,
  _id: new ObjectId('6a8ae1a14e390eec8852863d')
},{
  material: new ObjectId('6a3e24312f2b2f71f964fd7a'),
  percentage: 0.92,
  _id: new ObjectId('6a8ae1a14e390eec8852863e')
},{
  material: new ObjectId('6a3e24312f2b2f71f964fd82'),
  percentage: 0.92,
  _id: new ObjectId('6a8ae1a14e390eec8852863f')
},{
  material: new ObjectId('6a3e24312f2b2f71f964fd73'),
  percentage: 0.98,
  _id: new ObjectId('6a8ae1a14e390eec88528640')
},{
  material: new ObjectId('6a3e24312f2b2f71f964fd7a'),
  percentage: 0.98,
  _id: new ObjectId('6a8ae1a14e390eec88528641')
},{
  material: new ObjectId('6a3e24312f2b2f71f964fd82'),
  percentage: 0.98,
  _id: new ObjectId('6a8ae1a14e390eec88528642')
},{
  material: new ObjectId('6a3e24312f2b2f71f964fd73'),
  percentage: 1.03,
  _id: new ObjectId('6a8ae1a14e390eec88528643')
},{
  material: new ObjectId('6a3e24312f2b2f71f964fd7a'),
  percentage: 1.03,
  _id: new ObjectId('6a8ae1a14e390eec88528644')
},{
  material: new ObjectId('6a3e24312f2b2f71f964fd82'),
  percentage: 1.03,
  _id: new ObjectId('6a8ae1a14e390eec88528645')
},{
  material: new ObjectId('6a3e24312f2b2f71f964fd73'),
  percentage: 1.09,
  _id: new ObjectId('6a8ae1a14e390eec88528647')
},{
  material: new ObjectId('6a3e24312f2b2f71f964fd7a'),
  percentage: 1.09,
  _id: new ObjectId('6a8ae1a14e390eec88528648')
},{
  material: new ObjectId('6a3e24312f2b2f71f964fd82'),
  percentage: 1.09,
  _id: new ObjectId('6a8ae1a14e390eec88528649')
},{
  material: new ObjectId('6a3e242f2f2b2f71f964fd46'),
  percentage: 37.01,
  _id: new ObjectId('6a8ae1a14e390eec88528646')
}
Ahsas al Arabia Spray,AhsAra_SP,spray,100,1700,63.00000000000001,37.01,0,0,true,Medium oriental woody floral blend. Best for evening elegance.,medium,evening,oriental woody floral,,{
  material: new ObjectId('6a3e242f2f2b2f71f964fd35'),
  percentage: 48.03,
  _id: new ObjectId('6a8ae1a14e390eec88528639')
},{
  material: new ObjectId('6a3e24312f2b2f71f964fd73'),
  percentage: 0.97,
  _id: new ObjectId('6a8ae1a14e390eec8852863a')
},{
  material: new ObjectId('6a3e24312f2b2f71f964fd7a'),
  percentage: 0.97,
  _id: new ObjectId('6a8ae1a14e390eec8852863b')
},{
  material: new ObjectId('6a3e24312f2b2f71f964fd82'),
  percentage: 0.97,
  _id: new ObjectId('6a8ae1a14e390eec8852863c')
},{
  material: new ObjectId('6a3e24312f2b2f71f964fd73'),
  percentage: 0.92,
  _id: new ObjectId('6a8ae1a14e390eec8852863d')
},{
  material: new ObjectId('6a3e24312f2b2f71f964fd7a'),
  percentage: 0.92,
  _id: new ObjectId('6a8ae1a14e390eec8852863e')
},{
  material: new ObjectId('6a3e24312f2b2f71f964fd82'),
  percentage: 0.92,
  _id: new ObjectId('6a8ae1a14e390eec8852863f')
},{
  material: new ObjectId('6a3e24312f2b2f71f964fd73'),
  percentage: 0.98,
  _id: new ObjectId('6a8ae1a14e390eec88528640')
},{
  material: new ObjectId('6a3e24312f2b2f71f964fd7a'),
  percentage: 0.98,
  _id: new ObjectId('6a8ae1a14e390eec88528641')
},{
  material: new ObjectId('6a3e24312f2b2f71f964fd82'),
  percentage: 0.98,
  _id: new ObjectId('6a8ae1a14e390eec88528642')
},{
  material: new ObjectId('6a3e24312f2b2f71f964fd73'),
  percentage: 1.03,
  _id: new ObjectId('6a8ae1a14e390eec88528643')
},{
  material: new ObjectId('6a3e24312f2b2f71f964fd7a'),
  percentage: 1.03,
  _id: new ObjectId('6a8ae1a14e390eec88528644')
},{
  material: new ObjectId('6a3e24312f2b2f71f964fd82'),
  percentage: 1.03,
  _id: new ObjectId('6a8ae1a14e390eec88528645')
},{
  material: new ObjectId('6a3e24312f2b2f71f964fd73'),
  percentage: 1.09,
  _id: new ObjectId('6a8ae1a14e390eec88528647')
},{
  material: new ObjectId('6a3e24312f2b2f71f964fd7a'),
  percentage: 1.09,
  _id: new ObjectId('6a8ae1a14e390eec88528648')
},{
  material: new ObjectId('6a3e24312f2b2f71f964fd82'),
  percentage: 1.09,
  _id: new ObjectId('6a8ae1a14e390eec88528649')
},{
  material: new ObjectId('6a3e242f2f2b2f71f964fd46'),
  percentage: 37.01,
  _id: new ObjectId('6a8ae1a14e390eec88528646')
}
Ameer Al oud,AmeOud,roll-on,3.5,150,3.5,0,0,0,true,Strong oriental woody spicy fragrance. Perfect for evening sophistication.,strong,evening,oriental woody spicy,6a3e242e2f2b2f71f964fd33,
Ameer Al oud,AmeOud,roll-on,6,250,6,0,0,0,true,Strong oriental woody spicy fragrance. Perfect for evening sophistication.,strong,evening,oriental woody spicy,6a3e242e2f2b2f71f964fd33,
Ameer Al oud,AmeOud,roll-on,15,650,15,0,0,0,true,Strong oriental woody spicy fragrance. Perfect for evening sophistication.,strong,evening,oriental woody spicy,6a3e242e2f2b2f71f964fd33,
Ameer Al oud,AmeOud,roll-on,30,1250,30,0,0,0,true,Strong oriental woody spicy fragrance. Perfect for evening sophistication.,strong,evening,oriental woody spicy,6a3e242e2f2b2f71f964fd33,
Ameer Al oud Spray,AmeOud_SP,spray,6,300,3.78,2.2206,0,0,true,Strong oriental woody spicy fragrance. Perfect for evening sophistication.,strong,evening,oriental woody spicy,,{
  material: new ObjectId('6a3e242e2f2b2f71f964fd33'),
  percentage: 48.03,
  _id: new ObjectId('6a8ae1a14e390eec88528621')
},{
  material: new ObjectId('6a3e24312f2b2f71f964fd73'),
  percentage: 0.97,
  _id: new ObjectId('6a8ae1a14e390eec88528622')
},{
  material: new ObjectId('6a3e24312f2b2f71f964fd7a'),
  percentage: 0.97,
  _id: new ObjectId('6a8ae1a14e390eec88528623')
},{
  material: new ObjectId('6a3e24312f2b2f71f964fd82'),
  percentage: 0.97,
  _id: new ObjectId('6a8ae1a14e390eec88528624')
},{
  material: new ObjectId('6a3e24312f2b2f71f964fd73'),
  percentage: 0.92,
  _id: new ObjectId('6a8ae1a14e390eec88528625')
},{
  material: new ObjectId('6a3e24312f2b2f71f964fd7a'),
  percentage: 0.92,
  _id: new ObjectId('6a8ae1a14e390eec88528626')
},{
  material: new ObjectId('6a3e24312f2b2f71f964fd82'),
  percentage: 0.92,
  _id: new ObjectId('6a8ae1a14e390eec88528627')
},{
  material: new ObjectId('6a3e24312f2b2f71f964fd73'),
  percentage: 0.98,
  _id: new ObjectId('6a8ae1a14e390eec88528628')
},{
  material: new ObjectId('6a3e24312f2b2f71f964fd7a'),
  percentage: 0.98,
  _id: new ObjectId('6a8ae1a14e390eec88528629')
},{
  material: new ObjectId('6a3e24312f2b2f71f964fd82'),
  percentage: 0.98,
  _id: new ObjectId('6a8ae1a14e390eec8852862a')
},{
  material: new ObjectId('6a3e24312f2b2f71f964fd73'),
  percentage: 1.03,
  _id: new ObjectId('6a8ae1a14e390eec8852862b')
},{
  material: new ObjectId('6a3e24312f2b2f71f964fd7a'),
  percentage: 1.03,
  _id: new ObjectId('6a8ae1a14e390eec8852862c')
},{
  material: new ObjectId('6a3e24312f2b2f71f964fd82'),
  percentage: 1.03,
  _id: new ObjectId('6a8ae1a14e390eec8852862d')
},{
  material: new ObjectId('6a3e24312f2b2f71f964fd73'),
  percentage: 1.09,
  _id: new ObjectId('6a8ae1a14e390eec8852862f')
},{
  material: new ObjectId('6a3e24312f2b2f71f964fd7a'),
  percentage: 1.09,
  _id: new ObjectId('6a8ae1a14e390eec88528630')
},{
  material: new ObjectId('6a3e24312f2b2f71f964fd82'),
  percentage: 1.09,
  _id: new ObjectId('6a8ae1a14e390eec88528631')
},{
  material: new ObjectId('6a3e242f2f2b2f71f964fd46'),
  percentage: 37.01,
  _id: new ObjectId('6a8ae1a14e390eec8852862e')
}
Ameer Al oud Spray,AmeOud_SP,spray,15,700,9.450000000000006,5.5515,0,0,true,Strong oriental woody spicy fragrance. Perfect for evening sophistication.,strong,evening,oriental woody spicy,,{
  material: new ObjectId('6a3e242e2f2b2f71f964fd33'),
  percentage: 48.03,
  _id: new ObjectId('6a8ae1a14e390eec88528621')
},{
  material: new ObjectId('6a3e24312f2b2f71f964fd73'),
  percentage: 0.97,
  _id: new ObjectId('6a8ae1a14e390eec88528622')
},{
  material: new ObjectId('6a3e24312f2b2f71f964fd7a'),
  percentage: 0.97,
  _id: new ObjectId('6a8ae1a14e390eec88528623')
},{
  material: new ObjectId('6a3e24312f2b2f71f964fd82'),
  percentage: 0.97,
  _id: new ObjectId('6a8ae1a14e390eec88528624')
},{
  material: new ObjectId('6a3e24312f2b2f71f964fd73'),
  percentage: 0.92,
  _id: new ObjectId('6a8ae1a14e390eec88528625')
},{
  material: new ObjectId('6a3e24312f2b2f71f964fd7a'),
  percentage: 0.92,
  _id: new ObjectId('6a8ae1a14e390eec88528626')
},{
  material: new ObjectId('6a3e24312f2b2f71f964fd82'),
  percentage: 0.92,
  _id: new ObjectId('6a8ae1a14e390eec88528627')
},{
  material: new ObjectId('6a3e24312f2b2f71f964fd73'),
  percentage: 0.98,
  _id: new ObjectId('6a8ae1a14e390eec88528628')
},{
  material: new ObjectId('6a3e24312f2b2f71f964fd7a'),
  percentage: 0.98,
  _id: new ObjectId('6a8ae1a14e390eec88528629')
},{
  material: new ObjectId('6a3e24312f2b2f71f964fd82'),
  percentage: 0.98,
  _id: new ObjectId('6a8ae1a14e390eec8852862a')
},{
  material: new ObjectId('6a3e24312f2b2f71f964fd73'),
  percentage: 1.03,
  _id: new ObjectId('6a8ae1a14e390eec8852862b')
},{
  material: new ObjectId('6a3e24312f2b2f71f964fd7a'),
  percentage: 1.03,
  _id: new ObjectId('6a8ae1a14e390eec8852862c')
},{
  material: new ObjectId('6a3e24312f2b2f71f964fd82'),
  percentage: 1.03,
  _id: new ObjectId('6a8ae1a14e390eec8852862d')
},{
  material: new ObjectId('6a3e24312f2b2f71f964fd73'),
  percentage: 1.09,
  _id: new ObjectId('6a8ae1a14e390eec8852862f')
},{
  material: new ObjectId('6a3e24312f2b2f71f964fd7a'),
  percentage: 1.09,
  _id: new ObjectId('6a8ae1a14e390eec88528630')
},{
  material: new ObjectId('6a3e24312f2b2f71f964fd82'),
  percentage: 1.09,
  _id: new ObjectId('6a8ae1a14e390eec88528631')
},{
  material: new ObjectId('6a3e242f2f2b2f71f964fd46'),
  percentage: 37.01,
  _id: new ObjectId('6a8ae1a14e390eec8852862e')
}
Ameer Al oud Spray,AmeOud_SP,spray,30,1000,18.900000000000013,11.103,0,0,true,Strong oriental woody spicy fragrance. Perfect for evening sophistication.,strong,evening,oriental woody spicy,,{
  material: new ObjectId('6a3e242e2f2b2f71f964fd33'),
  percentage: 48.03,
  _id: new ObjectId('6a8ae1a14e390eec88528621')
},{
  material: new ObjectId('6a3e24312f2b2f71f964fd73'),
  percentage: 0.97,
  _id: new ObjectId('6a8ae1a14e390eec88528622')
},{
  material: new ObjectId('6a3e24312f2b2f71f964fd7a'),
  percentage: 0.97,
  _id: new ObjectId('6a8ae1a14e390eec88528623')
},{
  material: new ObjectId('6a3e24312f2b2f71f964fd82'),
  percentage: 0.97,
  _id: new ObjectId('6a8ae1a14e390eec88528624')
},{
  material: new ObjectId('6a3e24312f2b2f71f964fd73'),
  percentage: 0.92,
  _id: new ObjectId('6a8ae1a14e390eec88528625')
},{
  material: new ObjectId('6a3e24312f2b2f71f964fd7a'),
  percentage: 0.92,
  _id: new ObjectId('6a8ae1a14e390eec88528626')
},{
  material: new ObjectId('6a3e24312f2b2f71f964fd82'),
  percentage: 0.92,
  _id: new ObjectId('6a8ae1a14e390eec88528627')
},{
  material: new ObjectId('6a3e24312f2b2f71f964fd73'),
  percentage: 0.98,
  _id: new ObjectId('6a8ae1a14e390eec88528628')
},{
  material: new ObjectId('6a3e24312f2b2f71f964fd7a'),
  percentage: 0.98,
  _id: new ObjectId('6a8ae1a14e390eec88528629')
},{
  material: new ObjectId('6a3e24312f2b2f71f964fd82'),
  percentage: 0.98,
  _id: new ObjectId('6a8ae1a14e390eec8852862a')
},{
  material: new ObjectId('6a3e24312f2b2f71f964fd73'),
  percentage: 1.03,
  _id: new ObjectId('6a8ae1a14e390eec8852862b')
},{
  material: new ObjectId('6a3e24312f2b2f71f964fd7a'),
  percentage: 1.03,
  _id: new ObjectId('6a8ae1a14e390eec8852862c')
},{
  material: new ObjectId('6a3e24312f2b2f71f964fd82'),
  percentage: 1.03,
  _id: new ObjectId('6a8ae1a14e390eec8852862d')
},{
  material: new ObjectId('6a3e24312f2b2f71f964fd73'),
  percentage: 1.09,
  _id: new ObjectId('6a8ae1a14e390eec8852862f')
},{
  material: new ObjectId('6a3e24312f2b2f71f964fd7a'),
  percentage: 1.09,
  _id: new ObjectId('6a8ae1a14e390eec88528630')
},{
  material: new ObjectId('6a3e24312f2b2f71f964fd82'),
  percentage: 1.09,
  _id: new ObjectId('6a8ae1a14e390eec88528631')
},{
  material: new ObjectId('6a3e242f2f2b2f71f964fd46'),
  percentage: 37.01,
  _id: new ObjectId('6a8ae1a14e390eec8852862e')
}
Ameer Al oud Spray,AmeOud_SP,spray,50,1300,31.500000000000004,18.505,0,0,true,Strong oriental woody spicy fragrance. Perfect for evening sophistication.,strong,evening,oriental woody spicy,,{
  material: new ObjectId('6a3e242e2f2b2f71f964fd33'),
  percentage: 48.03,
  _id: new ObjectId('6a8ae1a14e390eec88528621')
},{
  material: new ObjectId('6a3e24312f2b2f71f964fd73'),
  percentage: 0.97,
  _id: new ObjectId('6a8ae1a14e390eec88528622')
},{
  material: new ObjectId('6a3e24312f2b2f71f964fd7a'),
  percentage: 0.97,
  _id: new ObjectId('6a8ae1a14e390eec88528623')
},{
  material: new ObjectId('6a3e24312f2b2f71f964fd82'),
  percentage: 0.97,
  _id: new ObjectId('6a8ae1a14e390eec88528624')
},{
  material: new ObjectId('6a3e24312f2b2f71f964fd73'),
  percentage: 0.92,
  _id: new ObjectId('6a8ae1a14e390eec88528625')
},{
  material: new ObjectId('6a3e24312f2b2f71f964fd7a'),
  percentage: 0.92,
  _id: new ObjectId('6a8ae1a14e390eec88528626')
},{
  material: new ObjectId('6a3e24312f2b2f71f964fd82'),
  percentage: 0.92,
  _id: new ObjectId('6a8ae1a14e390eec88528627')
},{
  material: new ObjectId('6a3e24312f2b2f71f964fd73'),
  percentage: 0.98,
  _id: new ObjectId('6a8ae1a14e390eec88528628')
},{
  material: new ObjectId('6a3e24312f2b2f71f964fd7a'),
  percentage: 0.98,
  _id: new ObjectId('6a8ae1a14e390eec88528629')
},{
  material: new ObjectId('6a3e24312f2b2f71f964fd82'),
  percentage: 0.98,
  _id: new ObjectId('6a8ae1a14e390eec8852862a')
},{
  material: new ObjectId('6a3e24312f2b2f71f964fd73'),
  percentage: 1.03,
  _id: new ObjectId('6a8ae1a14e390eec8852862b')
},{
  material: new ObjectId('6a3e24312f2b2f71f964fd7a'),
  percentage: 1.03,
  _id: new ObjectId('6a8ae1a14e390eec8852862c')
},{
  material: new ObjectId('6a3e24312f2b2f71f964fd82'),
  percentage: 1.03,
  _id: new ObjectId('6a8ae1a14e390eec8852862d')
},{
  material: new ObjectId('6a3e24312f2b2f71f964fd73'),
  percentage: 1.09,
  _id: new ObjectId('6a8ae1a14e390eec8852862f')
},{
  material: new ObjectId('6a3e24312f2b2f71f964fd7a'),
  percentage: 1.09,
  _id: new ObjectId('6a8ae1a14e390eec88528630')
},{
  material: new ObjectId('6a3e24312f2b2f71f964fd82'),
  percentage: 1.09,
  _id: new ObjectId('6a8ae1a14e390eec88528631')
},{
  material: new ObjectId('6a3e242f2f2b2f71f964fd46'),
  percentage: 37.01,
  _id: new ObjectId('6a8ae1a14e390eec8852862e')
}
Ameer Al oud Spray,AmeOud_SP,spray,100,1700,63.00000000000001,37.01,0,0,true,Strong oriental woody spicy fragrance. Perfect for evening sophistication.,strong,evening,oriental woody spicy,,{
  material: new ObjectId('6a3e242e2f2b2f71f964fd33'),
  percentage: 48.03,
  _id: new ObjectId('6a8ae1a14e390eec88528621')
},{
  material: new ObjectId('6a3e24312f2b2f71f964fd73'),
  percentage: 0.97,
  _id: new ObjectId('6a8ae1a14e390eec88528622')
},{
  material: new ObjectId('6a3e24312f2b2f71f964fd7a'),
  percentage: 0.97,
  _id: new ObjectId('6a8ae1a14e390eec88528623')
},{
  material: new ObjectId('6a3e24312f2b2f71f964fd82'),
  percentage: 0.97,
  _id: new ObjectId('6a8ae1a14e390eec88528624')
},{
  material: new ObjectId('6a3e24312f2b2f71f964fd73'),
  percentage: 0.92,
  _id: new ObjectId('6a8ae1a14e390eec88528625')
},{
  material: new ObjectId('6a3e24312f2b2f71f964fd7a'),
  percentage: 0.92,
  _id: new ObjectId('6a8ae1a14e390eec88528626')
},{
  material: new ObjectId('6a3e24312f2b2f71f964fd82'),
  percentage: 0.92,
  _id: new ObjectId('6a8ae1a14e390eec88528627')
},{
  material: new ObjectId('6a3e24312f2b2f71f964fd73'),
  percentage: 0.98,
  _id: new ObjectId('6a8ae1a14e390eec88528628')
},{
  material: new ObjectId('6a3e24312f2b2f71f964fd7a'),
  percentage: 0.98,
  _id: new ObjectId('6a8ae1a14e390eec88528629')
},{
  material: new ObjectId('6a3e24312f2b2f71f964fd82'),
  percentage: 0.98,
  _id: new ObjectId('6a8ae1a14e390eec8852862a')
},{
  material: new ObjectId('6a3e24312f2b2f71f964fd73'),
  percentage: 1.03,
  _id: new ObjectId('6a8ae1a14e390eec8852862b')
},{
  material: new ObjectId('6a3e24312f2b2f71f964fd7a'),
  percentage: 1.03,
  _id: new ObjectId('6a8ae1a14e390eec8852862c')
},{
  material: new ObjectId('6a3e24312f2b2f71f964fd82'),
  percentage: 1.03,
  _id: new ObjectId('6a8ae1a14e390eec8852862d')
},{
  material: new ObjectId('6a3e24312f2b2f71f964fd73'),
  percentage: 1.09,
  _id: new ObjectId('6a8ae1a14e390eec8852862f')
},{
  material: new ObjectId('6a3e24312f2b2f71f964fd7a'),
  percentage: 1.09,
  _id: new ObjectId('6a8ae1a14e390eec88528630')
},{
  material: new ObjectId('6a3e24312f2b2f71f964fd82'),
  percentage: 1.09,
  _id: new ObjectId('6a8ae1a14e390eec88528631')
},{
  material: new ObjectId('6a3e242f2f2b2f71f964fd46'),
  percentage: 37.01,
  _id: new ObjectId('6a8ae1a14e390eec8852862e')
}
Aqua DI Gio,AquGio,roll-on,3.5,180,3.5,0,0,0,true,Fresh aquatic citrus fragrance. A daytime classic.,medium,daytime,aquatic citrus,6a3e242f2f2b2f71f964fd39,
Aqua DI Gio,AquGio,roll-on,6,280,6,0,0,0,true,Fresh aquatic citrus fragrance. A daytime classic.,medium,daytime,aquatic citrus,6a3e242f2f2b2f71f964fd39,
Aqua DI Gio,AquGio,roll-on,15,750,15,0,0,0,true,Fresh aquatic citrus fragrance. A daytime classic.,medium,daytime,aquatic citrus,6a3e242f2f2b2f71f964fd39,
Aqua DI Gio,AquGio,roll-on,30,1500,30,0,0,0,true,Fresh aquatic citrus fragrance. A daytime classic.,medium,daytime,aquatic citrus,6a3e242f2f2b2f71f964fd39,
Aqua DI Gio Spray,AquGio_SP,spray,6,330,3.78,2.2206,0,0,true,Fresh aquatic citrus fragrance. A daytime classic.,medium,daytime,aquatic citrus,,{
  material: new ObjectId('6a3e242f2f2b2f71f964fd39'),
  percentage: 48.03,
  _id: new ObjectId('6a8ae1a14e390eec88528669')
},{
  material: new ObjectId('6a3e24312f2b2f71f964fd73'),
  percentage: 0.97,
  _id: new ObjectId('6a8ae1a14e390eec8852866a')
},{
  material: new ObjectId('6a3e24312f2b2f71f964fd7a'),
  percentage: 0.97,
  _id: new ObjectId('6a8ae1a14e390eec8852866b')
},{
  material: new ObjectId('6a3e24312f2b2f71f964fd82'),
  percentage: 0.97,
  _id: new ObjectId('6a8ae1a14e390eec8852866c')
},{
  material: new ObjectId('6a3e24312f2b2f71f964fd73'),
  percentage: 0.92,
  _id: new ObjectId('6a8ae1a14e390eec8852866d')
},{
  material: new ObjectId('6a3e24312f2b2f71f964fd7a'),
  percentage: 0.92,
  _id: new ObjectId('6a8ae1a14e390eec8852866e')
},{
  material: new ObjectId('6a3e24312f2b2f71f964fd82'),
  percentage: 0.92,
  _id: new ObjectId('6a8ae1a14e390eec8852866f')
},{
  material: new ObjectId('6a3e24312f2b2f71f964fd73'),
  percentage: 0.98,
  _id: new ObjectId('6a8ae1a14e390eec88528670')
},{
  material: new ObjectId('6a3e24312f2b2f71f964fd7a'),
  percentage: 0.98,
  _id: new ObjectId('6a8ae1a14e390eec88528671')
},{
  material: new ObjectId('6a3e24312f2b2f71f964fd82'),
  percentage: 0.98,
  _id: new ObjectId('6a8ae1a14e390eec88528672')
},{
  material: new ObjectId('6a3e24312f2b2f71f964fd73'),
  percentage: 1.03,
  _id: new ObjectId('6a8ae1a14e390eec88528673')
},{
  material: new ObjectId('6a3e24312f2b2f71f964fd7a'),
  percentage: 1.03,
  _id: new ObjectId('6a8ae1a14e390eec88528674')
},{
  material: new ObjectId('6a3e24312f2b2f71f964fd82'),
  percentage: 1.03,
  _id: new ObjectId('6a8ae1a14e390eec88528675')
},{
  material: new ObjectId('6a3e24312f2b2f71f964fd73'),
  percentage: 1.09,
  _id: new ObjectId('6a8ae1a14e390eec88528677')
},{
  material: new ObjectId('6a3e24312f2b2f71f964fd7a'),
  percentage: 1.09,
  _id: new ObjectId('6a8ae1a14e390eec88528678')
},{
  material: new ObjectId('6a3e24312f2b2f71f964fd82'),
  percentage: 1.09,
  _id: new ObjectId('6a8ae1a14e390eec88528679')
},{
  material: new ObjectId('6a3e242f2f2b2f71f964fd46'),
  percentage: 37.01,
  _id: new ObjectId('6a8ae1a14e390eec88528676')
}
Aqua DI Gio Spray,AquGio_SP,spray,15,780,9.450000000000006,5.5515,0,0,true,Fresh aquatic citrus fragrance. A daytime classic.,medium,daytime,aquatic citrus,,{
  material: new ObjectId('6a3e242f2f2b2f71f964fd39'),
  percentage: 48.03,
  _id: new ObjectId('6a8ae1a14e390eec88528669')
},{
  material: new ObjectId('6a3e24312f2b2f71f964fd73'),
  percentage: 0.97,
  _id: new ObjectId('6a8ae1a14e390eec8852866a')
},{
  material: new ObjectId('6a3e24312f2b2f71f964fd7a'),
  percentage: 0.97,
  _id: new ObjectId('6a8ae1a14e390eec8852866b')
},{
  material: new ObjectId('6a3e24312f2b2f71f964fd82'),
  percentage: 0.97,
  _id: new ObjectId('6a8ae1a14e390eec8852866c')
},{
  material: new ObjectId('6a3e24312f2b2f71f964fd73'),
  percentage: 0.92,
  _id: new ObjectId('6a8ae1a14e390eec8852866d')
},{
  material: new ObjectId('6a3e24312f2b2f71f964fd7a'),
  percentage: 0.92,
  _id: new ObjectId('6a8ae1a14e390eec8852866e')
},{
  material: new ObjectId('6a3e24312f2b2f71f964fd82'),
  percentage: 0.92,
  _id: new ObjectId('6a8ae1a14e390eec8852866f')
},{
  material: new ObjectId('6a3e24312f2b2f71f964fd73'),
  percentage: 0.98,
  _id: new ObjectId('6a8ae1a14e390eec88528670')
},{
  material: new ObjectId('6a3e24312f2b2f71f964fd7a'),
  percentage: 0.98,
  _id: new ObjectId('6a8ae1a14e390eec88528671')
},{
  material: new ObjectId('6a3e24312f2b2f71f964fd82'),
  percentage: 0.98,
  _id: new ObjectId('6a8ae1a14e390eec88528672')
},{
  material: new ObjectId('6a3e24312f2b2f71f964fd73'),
  percentage: 1.03,
  _id: new ObjectId('6a8ae1a14e390eec88528673')
},{
  material: new ObjectId('6a3e24312f2b2f71f964fd7a'),
  percentage: 1.03,
  _id: new ObjectId('6a8ae1a14e390eec88528674')
},{
  material: new ObjectId('6a3e24312f2b2f71f964fd82'),
  percentage: 1.03,
  _id: new ObjectId('6a8ae1a14e390eec88528675')
},{
  material: new ObjectId('6a3e24312f2b2f71f964fd73'),
  percentage: 1.09,
  _id: new ObjectId('6a8ae1a14e390eec88528677')
},{
  material: new ObjectId('6a3e24312f2b2f71f964fd7a'),
  percentage: 1.09,
  _id: new ObjectId('6a8ae1a14e390eec88528678')
},{
  material: new ObjectId('6a3e24312f2b2f71f964fd82'),
  percentage: 1.09,
  _id: new ObjectId('6a8ae1a14e390eec88528679')
},{
  material: new ObjectId('6a3e242f2f2b2f71f964fd46'),
  percentage: 37.01,
  _id: new ObjectId('6a8ae1a14e390eec88528676')
}
Aqua DI Gio Spray,AquGio_SP,spray,30,1050,18.900000000000013,11.103,0,0,true,Fresh aquatic citrus fragrance. A daytime classic.,medium,daytime,aquatic citrus,,{
  material: new ObjectId('6a3e242f2f2b2f71f964fd39'),
  percentage: 48.03,
  _id: new ObjectId('6a8ae1a14e390eec88528669')
},{
  material: new ObjectId('6a3e24312f2b2f71f964fd73'),
  percentage: 0.97,
  _id: new ObjectId('6a8ae1a14e390eec8852866a')
},{
  material: new ObjectId('6a3e24312f2b2f71f964fd7a'),
  percentage: 0.97,
  _id: new ObjectId('6a8ae1a14e390eec8852866b')
},{
  material: new ObjectId('6a3e24312f2b2f71f964fd82'),
  percentage: 0.97,
  _id: new ObjectId('6a8ae1a14e390eec8852866c')
},{
  material: new ObjectId('6a3e24312f2b2f71f964fd73'),
  percentage: 0.92,
  _id: new ObjectId('6a8ae1a14e390eec8852866d')
},{
  material: new ObjectId('6a3e24312f2b2f71f964fd7a'),
  percentage: 0.92,
  _id: new ObjectId('6a8ae1a14e390eec8852866e')
},{
  material: new ObjectId('6a3e24312f2b2f71f964fd82'),
  percentage: 0.92,
  _id: new ObjectId('6a8ae1a14e390eec8852866f')
},{
  material: new ObjectId('6a3e24312f2b2f71f964fd73'),
  percentage: 0.98,
  _id: new ObjectId('6a8ae1a14e390eec88528670')
},{
  material: new ObjectId('6a3e24312f2b2f71f964fd7a'),
  percentage: 0.98,
  _id: new ObjectId('6a8ae1a14e390eec88528671')
},{
  material: new ObjectId('6a3e24312f2b2f71f964fd82'),
  percentage: 0.98,
  _id: new ObjectId('6a8ae1a14e390eec88528672')
},{
  material: new ObjectId('6a3e24312f2b2f71f964fd73'),
  percentage: 1.03,
  _id: new ObjectId('6a8ae1a14e390eec88528673')
},{
  material: new ObjectId('6a3e24312f2b2f71f964fd7a'),
  percentage: 1.03,
  _id: new ObjectId('6a8ae1a14e390eec88528674')
},{
  material: new ObjectId('6a3e24312f2b2f71f964fd82'),
  percentage: 1.03,
  _id: new ObjectId('6a8ae1a14e390eec88528675')
},{
  material: new ObjectId('6a3e24312f2b2f71f964fd73'),
  percentage: 1.09,
  _id: new ObjectId('6a8ae1a14e390eec88528677')
},{
  material: new ObjectId('6a3e24312f2b2f71f964fd7a'),
  percentage: 1.09,
  _id: new ObjectId('6a8ae1a14e390eec88528678')
},{
  material: new ObjectId('6a3e24312f2b2f71f964fd82'),
  percentage: 1.09,
  _id: new ObjectId('6a8ae1a14e390eec88528679')
},{
  material: new ObjectId('6a3e242f2f2b2f71f964fd46'),
  percentage: 37.01,
  _id: new ObjectId('6a8ae1a14e390eec88528676')
}
Aqua DI Gio Spray,AquGio_SP,spray,50,1300,31.500000000000004,18.505,0,0,true,Fresh aquatic citrus fragrance. A daytime classic.,medium,daytime,aquatic citrus,,{
  material: new ObjectId('6a3e242f2f2b2f71f964fd39'),
  percentage: 48.03,
  _id: new ObjectId('6a8ae1a14e390eec88528669')
},{
  material: new ObjectId('6a3e24312f2b2f71f964fd73'),
  percentage: 0.97,
  _id: new ObjectId('6a8ae1a14e390eec8852866a')
},{
  material: new ObjectId('6a3e24312f2b2f71f964fd7a'),
  percentage: 0.97,
  _id: new ObjectId('6a8ae1a14e390eec8852866b')
},{
  material: new ObjectId('6a3e24312f2b2f71f964fd82'),
  percentage: 0.97,
  _id: new ObjectId('6a8ae1a14e390eec8852866c')
},{
  material: new ObjectId('6a3e24312f2b2f71f964fd73'),
  percentage: 0.92,
  _id: new ObjectId('6a8ae1a14e390eec8852866d')
},{
  material: new ObjectId('6a3e24312f2b2f71f964fd7a'),
  percentage: 0.92,
  _id: new ObjectId('6a8ae1a14e390eec8852866e')
},{
  material: new ObjectId('6a3e24312f2b2f71f964fd82'),
  percentage: 0.92,
  _id: new ObjectId('6a8ae1a14e390eec8852866f')
},{
  material: new ObjectId('6a3e24312f2b2f71f964fd73'),
  percentage: 0.98,
  _id: new ObjectId('6a8ae1a14e390eec88528670')
},{
  material: new ObjectId('6a3e24312f2b2f71f964fd7a'),
  percentage: 0.98,
  _id: new ObjectId('6a8ae1a14e390eec88528671')
},{
  material: new ObjectId('6a3e24312f2b2f71f964fd82'),
  percentage: 0.98,
  _id: new ObjectId('6a8ae1a14e390eec88528672')
},{
  material: new ObjectId('6a3e24312f2b2f71f964fd73'),
  percentage: 1.03,
  _id: new ObjectId('6a8ae1a14e390eec88528673')
},{
  material: new ObjectId('6a3e24312f2b2f71f964fd7a'),
  percentage: 1.03,
  _id: new ObjectId('6a8ae1a14e390eec88528674')
},{
  material: new ObjectId('6a3e24312f2b2f71f964fd82'),
  percentage: 1.03,
  _id: new ObjectId('6a8ae1a14e390eec88528675')
},{
  material: new ObjectId('6a3e24312f2b2f71f964fd73'),
  percentage: 1.09,
  _id: new ObjectId('6a8ae1a14e390eec88528677')
},{
  material: new ObjectId('6a3e24312f2b2f71f964fd7a'),
  percentage: 1.09,
  _id: new ObjectId('6a8ae1a14e390eec88528678')
},{
  material: new ObjectId('6a3e24312f2b2f71f964fd82'),
  percentage: 1.09,
  _id: new ObjectId('6a8ae1a14e390eec88528679')
},{
  material: new ObjectId('6a3e242f2f2b2f71f964fd46'),
  percentage: 37.01,
  _id: new ObjectId('6a8ae1a14e390eec88528676')
}
Aqua DI Gio Spray,AquGio_SP,spray,100,1650,63.00000000000001,37.01,0,0,true,Fresh aquatic citrus fragrance. A daytime classic.,medium,daytime,aquatic citrus,,{
  material: new ObjectId('6a3e242f2f2b2f71f964fd39'),
  percentage: 48.03,
  _id: new ObjectId('6a8ae1a14e390eec88528669')
},{
  material: new ObjectId('6a3e24312f2b2f71f964fd73'),
  percentage: 0.97,
  _id: new ObjectId('6a8ae1a14e390eec8852866a')
},{
  material: new ObjectId('6a3e24312f2b2f71f964fd7a'),
  percentage: 0.97,
  _id: new ObjectId('6a8ae1a14e390eec8852866b')
},{
  material: new ObjectId('6a3e24312f2b2f71f964fd82'),
  percentage: 0.97,
  _id: new ObjectId('6a8ae1a14e390eec8852866c')
},{
  material: new ObjectId('6a3e24312f2b2f71f964fd73'),
  percentage: 0.92,
  _id: new ObjectId('6a8ae1a14e390eec8852866d')
},{
  material: new ObjectId('6a3e24312f2b2f71f964fd7a'),
  percentage: 0.92,
  _id: new ObjectId('6a8ae1a14e390eec8852866e')
},{
  material: new ObjectId('6a3e24312f2b2f71f964fd82'),
  percentage: 0.92,
  _id: new ObjectId('6a8ae1a14e390eec8852866f')
},{
  material: new ObjectId('6a3e24312f2b2f71f964fd73'),
  percentage: 0.98,
  _id: new ObjectId('6a8ae1a14e390eec88528670')
},{
  material: new ObjectId('6a3e24312f2b2f71f964fd7a'),
  percentage: 0.98,
  _id: new ObjectId('6a8ae1a14e390eec88528671')
},{
  material: new ObjectId('6a3e24312f2b2f71f964fd82'),
  percentage: 0.98,
  _id: new ObjectId('6a8ae1a14e390eec88528672')
},{
  material: new ObjectId('6a3e24312f2b2f71f964fd73'),
  percentage: 1.03,
  _id: new ObjectId('6a8ae1a14e390eec88528673')
},{
  material: new ObjectId('6a3e24312f2b2f71f964fd7a'),
  percentage: 1.03,
  _id: new ObjectId('6a8ae1a14e390eec88528674')
},{
  material: new ObjectId('6a3e24312f2b2f71f964fd82'),
  percentage: 1.03,
  _id: new ObjectId('6a8ae1a14e390eec88528675')
},{
  material: new ObjectId('6a3e24312f2b2f71f964fd73'),
  percentage: 1.09,
  _id: new ObjectId('6a8ae1a14e390eec88528677')
},{
  material: new ObjectId('6a3e24312f2b2f71f964fd7a'),
  percentage: 1.09,
  _id: new ObjectId('6a8ae1a14e390eec88528678')
},{
  material: new ObjectId('6a3e24312f2b2f71f964fd82'),
  percentage: 1.09,
  _id: new ObjectId('6a8ae1a14e390eec88528679')
},{
  material: new ObjectId('6a3e242f2f2b2f71f964fd46'),
  percentage: 37.01,
  _id: new ObjectId('6a8ae1a14e390eec88528676')
}
Ariana Grande Cloud,AGC,roll-on,3.5,170,3.5,0,0,148.67169697333333,true,"Top Notes: Lavender, pear, and bergamot.
Heart/Middle Notes: Whipped cream, praline, coconut, and vanilla orchid.
Base Notes: Musk and woody notes.",medium,daytime,floral,fruity,gourmand,6a77747b21fc6555b5eab13e,
Ariana Grande Cloud,AGC,roll-on,6,330,6,0,0,200.15315315027027,true,"Top Notes: Lavender, pear, and bergamot.
Heart/Middle Notes: Whipped cream, praline, coconut, and vanilla orchid.
Base Notes: Musk and woody notes.",medium,daytime,floral,fruity,gourmand,6a77747b21fc6555b5eab13e,
Ariana Grande Cloud,AGC,roll-on,15,770,15,0,0,330,true,"Top Notes: Lavender, pear, and bergamot.
Heart/Middle Notes: Whipped cream, praline, coconut, and vanilla orchid.
Base Notes: Musk and woody notes.",medium,daytime,floral,fruity,gourmand,6a77747b21fc6555b5eab13e,
Ariana Grande Cloud,AGC,roll-on,30,1350,30,0,0,505,true,"Top Notes: Lavender, pear, and bergamot.
Heart/Middle Notes: Whipped cream, praline, coconut, and vanilla orchid.
Base Notes: Musk and woody notes.",medium,daytime,floral,fruity,gourmand,6a77747b21fc6555b5eab13e,
Ariana Grande Cloud Spray,AGC_SP,spray,6,350,3.78,2.2206,0,172.978,true,"Top Notes: Lavender, pear, and bergamot.
Heart/Middle Notes: Whipped cream, praline, coconut, and vanilla orchid.
Base Notes: Musk and woody notes.",medium,daytime,floral,fruity,gourmand,,{
  material: new ObjectId('6a77747b21fc6555b5eab13e'),
  percentage: 48.03,
  _id: new ObjectId('6a8ae1a74e390eec88528970')
},{
  material: new ObjectId('6a3e24312f2b2f71f964fd73'),
  percentage: 0.97,
  _id: new ObjectId('6a8ae1a74e390eec88528971')
},{
  material: new ObjectId('6a3e24312f2b2f71f964fd7a'),
  percentage: 0.97,
  _id: new ObjectId('6a8ae1a74e390eec88528972')
},{
  material: new ObjectId('6a3e24312f2b2f71f964fd82'),
  percentage: 0.97,
  _id: new ObjectId('6a8ae1a74e390eec88528973')
},{
  material: new ObjectId('6a3e24312f2b2f71f964fd73'),
  percentage: 0.92,
  _id: new ObjectId('6a8ae1a74e390eec88528974')
},{
  material: new ObjectId('6a3e24312f2b2f71f964fd7a'),
  percentage: 0.92,
  _id: new ObjectId('6a8ae1a74e390eec88528975')
},{
  material: new ObjectId('6a3e24312f2b2f71f964fd82'),
  percentage: 0.92,
  _id: new ObjectId('6a8ae1a74e390eec88528976')
},{
  material: new ObjectId('6a3e24312f2b2f71f964fd73'),
  percentage: 0.98,
  _id: new ObjectId('6a8ae1a74e390eec88528977')
},{
  material: new ObjectId('6a3e24312f2b2f71f964fd7a'),
  percentage: 0.98,
  _id: new ObjectId('6a8ae1a74e390eec88528978')
},{
  material: new ObjectId('6a3e24312f2b2f71f964fd82'),
  percentage: 0.98,
  _id: new ObjectId('6a8ae1a74e390eec88528979')
},{
  material: new ObjectId('6a3e24312f2b2f71f964fd73'),
  percentage: 1.03,
  _id: new ObjectId('6a8ae1a74e390eec8852897a')
},{
  material: new ObjectId('6a3e24312f2b2f71f964fd7a'),
  percentage: 1.03,
  _id: new ObjectId('6a8ae1a74e390eec8852897b')
},{
  material: new ObjectId('6a3e24312f2b2f71f964fd82'),
  percentage: 1.03,
  _id: new ObjectId('6a8ae1a74e390eec8852897c')
},{
  material: new ObjectId('6a3e24312f2b2f71f964fd73'),
  percentage: 1.09,
  _id: new ObjectId('6a8ae1a74e390eec8852897e')
},{
  material: new ObjectId('6a3e24312f2b2f71f964fd7a'),
  percentage: 1.09,
  _id: new ObjectId('6a8ae1a74e390eec8852897f')
},{
  material: new ObjectId('6a3e24312f2b2f71f964fd82'),
  percentage: 1.09,
  _id: new ObjectId('6a8ae1a74e390eec88528980')
},{
  material: new ObjectId('6a3e242f2f2b2f71f964fd46'),
  percentage: 37.01,
  _id: new ObjectId('6a8ae1a74e390eec8852897d')
}
Ariana Grande Cloud Spray,AGC_SP,spray,15,800,9.450000000000006,5.5515,0,259.945,true,"Top Notes: Lavender, pear, and bergamot.
Heart/Middle Notes: Whipped cream, praline, coconut, and vanilla orchid.
Base Notes: Musk and woody notes.",medium,daytime,floral,fruity,gourmand,,{
  material: new ObjectId('6a77747b21fc6555b5eab13e'),
  percentage: 48.03,
  _id: new ObjectId('6a8ae1a74e390eec88528970')
},{
  material: new ObjectId('6a3e24312f2b2f71f964fd73'),
  percentage: 0.97,
  _id: new ObjectId('6a8ae1a74e390eec88528971')
},{
  material: new ObjectId('6a3e24312f2b2f71f964fd7a'),
  percentage: 0.97,
  _id: new ObjectId('6a8ae1a74e390eec88528972')
},{
  material: new ObjectId('6a3e24312f2b2f71f964fd82'),
  percentage: 0.97,
  _id: new ObjectId('6a8ae1a74e390eec88528973')
},{
  material: new ObjectId('6a3e24312f2b2f71f964fd73'),
  percentage: 0.92,
  _id: new ObjectId('6a8ae1a74e390eec88528974')
},{
  material: new ObjectId('6a3e24312f2b2f71f964fd7a'),
  percentage: 0.92,
  _id: new ObjectId('6a8ae1a74e390eec88528975')
},{
  material: new ObjectId('6a3e24312f2b2f71f964fd82'),
  percentage: 0.92,
  _id: new ObjectId('6a8ae1a74e390eec88528976')
},{
  material: new ObjectId('6a3e24312f2b2f71f964fd73'),
  percentage: 0.98,
  _id: new ObjectId('6a8ae1a74e390eec88528977')
},{
  material: new ObjectId('6a3e24312f2b2f71f964fd7a'),
  percentage: 0.98,
  _id: new ObjectId('6a8ae1a74e390eec88528978')
},{
  material: new ObjectId('6a3e24312f2b2f71f964fd82'),
  percentage: 0.98,
  _id: new ObjectId('6a8ae1a74e390eec88528979')
},{
  material: new ObjectId('6a3e24312f2b2f71f964fd73'),
  percentage: 1.03,
  _id: new ObjectId('6a8ae1a74e390eec8852897a')
},{
  material: new ObjectId('6a3e24312f2b2f71f964fd7a'),
  percentage: 1.03,
  _id: new ObjectId('6a8ae1a74e390eec8852897b')
},{
  material: new ObjectId('6a3e24312f2b2f71f964fd82'),
  percentage: 1.03,
  _id: new ObjectId('6a8ae1a74e390eec8852897c')
},{
  material: new ObjectId('6a3e24312f2b2f71f964fd73'),
  percentage: 1.09,
  _id: new ObjectId('6a8ae1a74e390eec8852897e')
},{
  material: new ObjectId('6a3e24312f2b2f71f964fd7a'),
  percentage: 1.09,
  _id: new ObjectId('6a8ae1a74e390eec8852897f')
},{
  material: new ObjectId('6a3e24312f2b2f71f964fd82'),
  percentage: 1.09,
  _id: new ObjectId('6a8ae1a74e390eec88528980')
},{
  material: new ObjectId('6a3e242f2f2b2f71f964fd46'),
  percentage: 37.01,
  _id: new ObjectId('6a8ae1a74e390eec8852897d')
}
Ariana Grande Cloud Spray,AGC_SP,spray,30,1500,18.900000000000013,11.103,0,462.2233333333333,true,"Top Notes: Lavender, pear, and bergamot.
Heart/Middle Notes: Whipped cream, praline, coconut, and vanilla orchid.
Base Notes: Musk and woody notes.",medium,daytime,floral,fruity,gourmand,,{
  material: new ObjectId('6a77747b21fc6555b5eab13e'),
  percentage: 48.03,
  _id: new ObjectId('6a8ae1a74e390eec88528970')
},{
  material: new ObjectId('6a3e24312f2b2f71f964fd73'),
  percentage: 0.97,
  _id: new ObjectId('6a8ae1a74e390eec88528971')
},{
  material: new ObjectId('6a3e24312f2b2f71f964fd7a'),
  percentage: 0.97,
  _id: new ObjectId('6a8ae1a74e390eec88528972')
},{
  material: new ObjectId('6a3e24312f2b2f71f964fd82'),
  percentage: 0.97,
  _id: new ObjectId('6a8ae1a74e390eec88528973')
},{
  material: new ObjectId('6a3e24312f2b2f71f964fd73'),
  percentage: 0.92,
  _id: new ObjectId('6a8ae1a74e390eec88528974')
},{
  material: new ObjectId('6a3e24312f2b2f71f964fd7a'),
  percentage: 0.92,
  _id: new ObjectId('6a8ae1a74e390eec88528975')
},{
  material: new ObjectId('6a3e24312f2b2f71f964fd82'),
  percentage: 0.92,
  _id: new ObjectId('6a8ae1a74e390eec88528976')
},{
  material: new ObjectId('6a3e24312f2b2f71f964fd73'),
  percentage: 0.98,
  _id: new ObjectId('6a8ae1a74e390eec88528977')
},{
  material: new ObjectId('6a3e24312f2b2f71f964fd7a'),
  percentage: 0.98,
  _id: new ObjectId('6a8ae1a74e390eec88528978')
},{
  material: new ObjectId('6a3e24312f2b2f71f964fd82'),
  percentage: 0.98,
  _id: new ObjectId('6a8ae1a74e390eec88528979')
},{
  material: new ObjectId('6a3e24312f2b2f71f964fd73'),
  percentage: 1.03,
  _id: new ObjectId('6a8ae1a74e390eec8852897a')
},{
  material: new ObjectId('6a3e24312f2b2f71f964fd7a'),
  percentage: 1.03,
  _id: new ObjectId('6a8ae1a74e390eec8852897b')
},{
  material: new ObjectId('6a3e24312f2b2f71f964fd82'),
  percentage: 1.03,
  _id: new ObjectId('6a8ae1a74e390eec8852897c')
},{
  material: new ObjectId('6a3e24312f2b2f71f964fd73'),
  percentage: 1.09,
  _id: new ObjectId('6a8ae1a74e390eec8852897e')
},{
  material: new ObjectId('6a3e24312f2b2f71f964fd7a'),
  percentage: 1.09,
  _id: new ObjectId('6a8ae1a74e390eec8852897f')
},{
  material: new ObjectId('6a3e24312f2b2f71f964fd82'),
  percentage: 1.09,
  _id: new ObjectId('6a8ae1a74e390eec88528980')
},{
  material: new ObjectId('6a3e242f2f2b2f71f964fd46'),
  percentage: 37.01,
  _id: new ObjectId('6a8ae1a74e390eec8852897d')
}
Ariana Grande Cloud Spray,AGC_SP,spray,50,1700,31.500000000000004,18.505,0,658.15,true,"Top Notes: Lavender, pear, and bergamot.
Heart/Middle Notes: Whipped cream, praline, coconut, and vanilla orchid.
Base Notes: Musk and woody notes.",medium,daytime,floral,fruity,gourmand,,{
  material: new ObjectId('6a77747b21fc6555b5eab13e'),
  percentage: 48.03,
  _id: new ObjectId('6a8ae1a74e390eec88528970')
},{
  material: new ObjectId('6a3e24312f2b2f71f964fd73'),
  percentage: 0.97,
  _id: new ObjectId('6a8ae1a74e390eec88528971')
},{
  material: new ObjectId('6a3e24312f2b2f71f964fd7a'),
  percentage: 0.97,
  _id: new ObjectId('6a8ae1a74e390eec88528972')
},{
  material: new ObjectId('6a3e24312f2b2f71f964fd82'),
  percentage: 0.97,
  _id: new ObjectId('6a8ae1a74e390eec88528973')
},{
  material: new ObjectId('6a3e24312f2b2f71f964fd73'),
  percentage: 0.92,
  _id: new ObjectId('6a8ae1a74e390eec88528974')
},{
  material: new ObjectId('6a3e24312f2b2f71f964fd7a'),
  percentage: 0.92,
  _id: new ObjectId('6a8ae1a74e390eec88528975')
},{
  material: new ObjectId('6a3e24312f2b2f71f964fd82'),
  percentage: 0.92,
  _id: new ObjectId('6a8ae1a74e390eec88528976')
},{
  material: new ObjectId('6a3e24312f2b2f71f964fd73'),
  percentage: 0.98,
  _id: new ObjectId('6a8ae1a74e390eec88528977')
},{
  material: new ObjectId('6a3e24312f2b2f71f964fd7a'),
  percentage: 0.98,
  _id: new ObjectId('6a8ae1a74e390eec88528978')
},{
  material: new ObjectId('6a3e24312f2b2f71f964fd82'),
  percentage: 0.98,
  _id: new ObjectId('6a8ae1a74e390eec88528979')
},{
  material: new ObjectId('6a3e24312f2b2f71f964fd73'),
  percentage: 1.03,
  _id: new ObjectId('6a8ae1a74e390eec8852897a')
},{
  material: new ObjectId('6a3e24312f2b2f71f964fd7a'),
  percentage: 1.03,
  _id: new ObjectId('6a8ae1a74e390eec8852897b')
},{
  material: new ObjectId('6a3e24312f2b2f71f964fd82'),
  percentage: 1.03,
  _id: new ObjectId('6a8ae1a74e390eec8852897c')
},{
  material: new ObjectId('6a3e24312f2b2f71f964fd73'),
  percentage: 1.09,
  _id: new ObjectId('6a8ae1a74e390eec8852897e')
},{
  material: new ObjectId('6a3e24312f2b2f71f964fd7a'),
  percentage: 1.09,
  _id: new ObjectId('6a8ae1a74e390eec8852897f')
},{
  material: new ObjectId('6a3e24312f2b2f71f964fd82'),
  percentage: 1.09,
  _id: new ObjectId('6a8ae1a74e390eec88528980')
},{
  material: new ObjectId('6a3e242f2f2b2f71f964fd46'),
  percentage: 37.01,
  _id: new ObjectId('6a8ae1a74e390eec8852897d')
}
Ariana Grande Cloud Spray,AGC_SP,spray,100,2200,63.00000000000001,37.01,0,1131.3,true,"Top Notes: Lavender, pear, and bergamot.
Heart/Middle Notes: Whipped cream, praline, coconut, and vanilla orchid.
Base Notes: Musk and woody notes.",medium,daytime,floral,fruity,gourmand,,{
  material: new ObjectId('6a77747b21fc6555b5eab13e'),
  percentage: 48.03,
  _id: new ObjectId('6a8ae1a74e390eec88528970')
},{
  material: new ObjectId('6a3e24312f2b2f71f964fd73'),
  percentage: 0.97,
  _id: new ObjectId('6a8ae1a74e390eec88528971')
},{
  material: new ObjectId('6a3e24312f2b2f71f964fd7a'),
  percentage: 0.97,
  _id: new ObjectId('6a8ae1a74e390eec88528972')
},{
  material: new ObjectId('6a3e24312f2b2f71f964fd82'),
  percentage: 0.97,
  _id: new ObjectId('6a8ae1a74e390eec88528973')
},{
  material: new ObjectId('6a3e24312f2b2f71f964fd73'),
  percentage: 0.92,
  _id: new ObjectId('6a8ae1a74e390eec88528974')
},{
  material: new ObjectId('6a3e24312f2b2f71f964fd7a'),
  percentage: 0.92,
  _id: new ObjectId('6a8ae1a74e390eec88528975')
},{
  material: new ObjectId('6a3e24312f2b2f71f964fd82'),
  percentage: 0.92,
  _id: new ObjectId('6a8ae1a74e390eec88528976')
},{
  material: new ObjectId('6a3e24312f2b2f71f964fd73'),
  percentage: 0.98,
  _id: new ObjectId('6a8ae1a74e390eec88528977')
},{
  material: new ObjectId('6a3e24312f2b2f71f964fd7a'),
  percentage: 0.98,
  _id: new ObjectId('6a8ae1a74e390eec88528978')
},{
  material: new ObjectId('6a3e24312f2b2f71f964fd82'),
  percentage: 0.98,
  _id: new ObjectId('6a8ae1a74e390eec88528979')
},{
  material: new ObjectId('6a3e24312f2b2f71f964fd73'),
  percentage: 1.03,
  _id: new ObjectId('6a8ae1a74e390eec8852897a')
},{
  material: new ObjectId('6a3e24312f2b2f71f964fd7a'),
  percentage: 1.03,
  _id: new ObjectId('6a8ae1a74e390eec8852897b')
},{
  material: new ObjectId('6a3e24312f2b2f71f964fd82'),
  percentage: 1.03,
  _id: new ObjectId('6a8ae1a74e390eec8852897c')
},{
  material: new ObjectId('6a3e24312f2b2f71f964fd73'),
  percentage: 1.09,
  _id: new ObjectId('6a8ae1a74e390eec8852897e')
},{
  material: new ObjectId('6a3e24312f2b2f71f964fd7a'),
  percentage: 1.09,
  _id: new ObjectId('6a8ae1a74e390eec8852897f')
},{
  material: new ObjectId('6a3e24312f2b2f71f964fd82'),
  percentage: 1.09,
  _id: new ObjectId('6a8ae1a74e390eec88528980')
},{
  material: new ObjectId('6a3e242f2f2b2f71f964fd46'),
  percentage: 37.01,
  _id: new ObjectId('6a8ae1a74e390eec8852897d')
}
Ariana Grande thank you,AG-Thnk,roll-on,3.5,210,3.5,0,0,155.67169697333333,true,"Top Notes: White raspberry and pear.
Heart/Middle Notes: Coconut cream and pink rose petals.
Base Notes: Macaron sugar and velvet musk",medium,daytime,evening,floral,fruity,gourmand,6a7773a121fc6555b5eab13a,
Ariana Grande thank you,AG-Thnk,roll-on,6,350,6,0,0,212.15315315027027,true,"Top Notes: White raspberry and pear.
Heart/Middle Notes: Coconut cream and pink rose petals.
Base Notes: Macaron sugar and velvet musk",medium,daytime,evening,floral,fruity,gourmand,6a7773a121fc6555b5eab13a,
Ariana Grande thank you,AG-Thnk,roll-on,15,800,15,0,0,360,true,"Top Notes: White raspberry and pear.
Heart/Middle Notes: Coconut cream and pink rose petals.
Base Notes: Macaron sugar and velvet musk",medium,daytime,evening,floral,fruity,gourmand,6a7773a121fc6555b5eab13a,
Ariana Grande thank you,AG-Thnk,roll-on,30,1400,30,0,0,565,true,"Top Notes: White raspberry and pear.
Heart/Middle Notes: Coconut cream and pink rose petals.
Base Notes: Macaron sugar and velvet musk",medium,daytime,evening,floral,fruity,gourmand,6a7773a121fc6555b5eab13a,
Ariana Grande thank you Spray,AG-Thnk_SP,spray,6,370,3.78,2.2206,0,179.578,true,"Top Notes: White raspberry and pear.
Heart/Middle Notes: Coconut cream and pink rose petals.
Base Notes: Macaron sugar and velvet musk",medium,daytime,evening,floral,fruity,gourmand,,{
  material: new ObjectId('6a7773a121fc6555b5eab13a'),
  percentage: 48.03,
  _id: new ObjectId('6a8ae1a64e390eec88528922')
},{
  material: new ObjectId('6a3e24312f2b2f71f964fd73'),
  percentage: 0.97,
  _id: new ObjectId('6a8ae1a64e390eec88528923')
},{
  material: new ObjectId('6a3e24312f2b2f71f964fd7a'),
  percentage: 0.97,
  _id: new ObjectId('6a8ae1a64e390eec88528924')
},{
  material: new ObjectId('6a3e24312f2b2f71f964fd82'),
  percentage: 0.97,
  _id: new ObjectId('6a8ae1a64e390eec88528925')
},{
  material: new ObjectId('6a3e24312f2b2f71f964fd73'),
  percentage: 0.92,
  _id: new ObjectId('6a8ae1a64e390eec88528926')
},{
  material: new ObjectId('6a3e24312f2b2f71f964fd7a'),
  percentage: 0.92,
  _id: new ObjectId('6a8ae1a64e390eec88528927')
},{
  material: new ObjectId('6a3e24312f2b2f71f964fd82'),
  percentage: 0.92,
  _id: new ObjectId('6a8ae1a64e390eec88528928')
},{
  material: new ObjectId('6a3e24312f2b2f71f964fd73'),
  percentage: 0.98,
  _id: new ObjectId('6a8ae1a64e390eec88528929')
},{
  material: new ObjectId('6a3e24312f2b2f71f964fd7a'),
  percentage: 0.98,
  _id: new ObjectId('6a8ae1a64e390eec8852892a')
},{
  material: new ObjectId('6a3e24312f2b2f71f964fd82'),
  percentage: 0.98,
  _id: new ObjectId('6a8ae1a64e390eec8852892b')
},{
  material: new ObjectId('6a3e24312f2b2f71f964fd73'),
  percentage: 1.03,
  _id: new ObjectId('6a8ae1a64e390eec8852892c')
},{
  material: new ObjectId('6a3e24312f2b2f71f964fd7a'),
  percentage: 1.03,
  _id: new ObjectId('6a8ae1a64e390eec8852892d')
},{
  material: new ObjectId('6a3e24312f2b2f71f964fd82'),
  percentage: 1.03,
  _id: new ObjectId('6a8ae1a64e390eec8852892e')
},{
  material: new ObjectId('6a3e24312f2b2f71f964fd73'),
  percentage: 1.09,
  _id: new ObjectId('6a8ae1a64e390eec88528930')
},{
  material: new ObjectId('6a3e24312f2b2f71f964fd7a'),
  percentage: 1.09,
  _id: new ObjectId('6a8ae1a64e390eec88528931')
},{
  material: new ObjectId('6a3e24312f2b2f71f964fd82'),
  percentage: 1.09,
  _id: new ObjectId('6a8ae1a64e390eec88528932')
},{
  material: new ObjectId('6a3e242f2f2b2f71f964fd46'),
  percentage: 37.01,
  _id: new ObjectId('6a8ae1a64e390eec8852892f')
}
Ariana Grande thank you Spray,AG-Thnk_SP,spray,15,830,9.450000000000006,5.5515,0,276.445,true,"Top Notes: White raspberry and pear.
Heart/Middle Notes: Coconut cream and pink rose petals.
Base Notes: Macaron sugar and velvet musk",medium,daytime,evening,floral,fruity,gourmand,,{
  material: new ObjectId('6a7773a121fc6555b5eab13a'),
  percentage: 48.03,
  _id: new ObjectId('6a8ae1a64e390eec88528922')
},{
  material: new ObjectId('6a3e24312f2b2f71f964fd73'),
  percentage: 0.97,
  _id: new ObjectId('6a8ae1a64e390eec88528923')
},{
  material: new ObjectId('6a3e24312f2b2f71f964fd7a'),
  percentage: 0.97,
  _id: new ObjectId('6a8ae1a64e390eec88528924')
},{
  material: new ObjectId('6a3e24312f2b2f71f964fd82'),
  percentage: 0.97,
  _id: new ObjectId('6a8ae1a64e390eec88528925')
},{
  material: new ObjectId('6a3e24312f2b2f71f964fd73'),
  percentage: 0.92,
  _id: new ObjectId('6a8ae1a64e390eec88528926')
},{
  material: new ObjectId('6a3e24312f2b2f71f964fd7a'),
  percentage: 0.92,
  _id: new ObjectId('6a8ae1a64e390eec88528927')
},{
  material: new ObjectId('6a3e24312f2b2f71f964fd82'),
  percentage: 0.92,
  _id: new ObjectId('6a8ae1a64e390eec88528928')
},{
  material: new ObjectId('6a3e24312f2b2f71f964fd73'),
  percentage: 0.98,
  _id: new ObjectId('6a8ae1a64e390eec88528929')
},{
  material: new ObjectId('6a3e24312f2b2f71f964fd7a'),
  percentage: 0.98,
  _id: new ObjectId('6a8ae1a64e390eec8852892a')
},{
  material: new ObjectId('6a3e24312f2b2f71f964fd82'),
  percentage: 0.98,
  _id: new ObjectId('6a8ae1a64e390eec8852892b')
},{
  material: new ObjectId('6a3e24312f2b2f71f964fd73'),
  percentage: 1.03,
  _id: new ObjectId('6a8ae1a64e390eec8852892c')
},{
  material: new ObjectId('6a3e24312f2b2f71f964fd7a'),
  percentage: 1.03,
  _id: new ObjectId('6a8ae1a64e390eec8852892d')
},{
  material: new ObjectId('6a3e24312f2b2f71f964fd82'),
  percentage: 1.03,
  _id: new ObjectId('6a8ae1a64e390eec8852892e')
},{
  material: new ObjectId('6a3e24312f2b2f71f964fd73'),
  percentage: 1.09,
  _id: new ObjectId('6a8ae1a64e390eec88528930')
},{
  material: new ObjectId('6a3e24312f2b2f71f964fd7a'),
  percentage: 1.09,
  _id: new ObjectId('6a8ae1a64e390eec88528931')
},{
  material: new ObjectId('6a3e24312f2b2f71f964fd82'),
  percentage: 1.09,
  _id: new ObjectId('6a8ae1a64e390eec88528932')
},{
  material: new ObjectId('6a3e242f2f2b2f71f964fd46'),
  percentage: 37.01,
  _id: new ObjectId('6a8ae1a64e390eec8852892f')
}
Ariana Grande thank you Spray,AG-Thnk_SP,spray,30,1430,18.900000000000013,11.103,0,495.2233333333333,true,"Top Notes: White raspberry and pear.
Heart/Middle Notes: Coconut cream and pink rose petals.
Base Notes: Macaron sugar and velvet musk",medium,daytime,evening,floral,fruity,gourmand,,{
  material: new ObjectId('6a7773a121fc6555b5eab13a'),
  percentage: 48.03,
  _id: new ObjectId('6a8ae1a64e390eec88528922')
},{
  material: new ObjectId('6a3e24312f2b2f71f964fd73'),
  percentage: 0.97,
  _id: new ObjectId('6a8ae1a64e390eec88528923')
},{
  material: new ObjectId('6a3e24312f2b2f71f964fd7a'),
  percentage: 0.97,
  _id: new ObjectId('6a8ae1a64e390eec88528924')
},{
  material: new ObjectId('6a3e24312f2b2f71f964fd82'),
  percentage: 0.97,
  _id: new ObjectId('6a8ae1a64e390eec88528925')
},{
  material: new ObjectId('6a3e24312f2b2f71f964fd73'),
  percentage: 0.92,
  _id: new ObjectId('6a8ae1a64e390eec88528926')
},{
  material: new ObjectId('6a3e24312f2b2f71f964fd7a'),
  percentage: 0.92,
  _id: new ObjectId('6a8ae1a64e390eec88528927')
},{
  material: new ObjectId('6a3e24312f2b2f71f964fd82'),
  percentage: 0.92,
  _id: new ObjectId('6a8ae1a64e390eec88528928')
},{
  material: new ObjectId('6a3e24312f2b2f71f964fd73'),
  percentage: 0.98,
  _id: new ObjectId('6a8ae1a64e390eec88528929')
},{
  material: new ObjectId('6a3e24312f2b2f71f964fd7a'),
  percentage: 0.98,
  _id: new ObjectId('6a8ae1a64e390eec8852892a')
},{
  material: new ObjectId('6a3e24312f2b2f71f964fd82'),
  percentage: 0.98,
  _id: new ObjectId('6a8ae1a64e390eec8852892b')
},{
  material: new ObjectId('6a3e24312f2b2f71f964fd73'),
  percentage: 1.03,
  _id: new ObjectId('6a8ae1a64e390eec8852892c')
},{
  material: new ObjectId('6a3e24312f2b2f71f964fd7a'),
  percentage: 1.03,
  _id: new ObjectId('6a8ae1a64e390eec8852892d')
},{
  material: new ObjectId('6a3e24312f2b2f71f964fd82'),
  percentage: 1.03,
  _id: new ObjectId('6a8ae1a64e390eec8852892e')
},{
  material: new ObjectId('6a3e24312f2b2f71f964fd73'),
  percentage: 1.09,
  _id: new ObjectId('6a8ae1a64e390eec88528930')
},{
  material: new ObjectId('6a3e24312f2b2f71f964fd7a'),
  percentage: 1.09,
  _id: new ObjectId('6a8ae1a64e390eec88528931')
},{
  material: new ObjectId('6a3e24312f2b2f71f964fd82'),
  percentage: 1.09,
  _id: new ObjectId('6a8ae1a64e390eec88528932')
},{
  material: new ObjectId('6a3e242f2f2b2f71f964fd46'),
  percentage: 37.01,
  _id: new ObjectId('6a8ae1a64e390eec8852892f')
}
Ariana Grande thank you Spray,AG-Thnk_SP,spray,50,1600,31.500000000000004,18.505,0,713.15,true,"Top Notes: White raspberry and pear.
Heart/Middle Notes: Coconut cream and pink rose petals.
Base Notes: Macaron sugar and velvet musk",medium,daytime,evening,floral,fruity,gourmand,,{
  material: new ObjectId('6a7773a121fc6555b5eab13a'),
  percentage: 48.03,
  _id: new ObjectId('6a8ae1a64e390eec88528922')
},{
  material: new ObjectId('6a3e24312f2b2f71f964fd73'),
  percentage: 0.97,
  _id: new ObjectId('6a8ae1a64e390eec88528923')
},{
  material: new ObjectId('6a3e24312f2b2f71f964fd7a'),
  percentage: 0.97,
  _id: new ObjectId('6a8ae1a64e390eec88528924')
},{
  material: new ObjectId('6a3e24312f2b2f71f964fd82'),
  percentage: 0.97,
  _id: new ObjectId('6a8ae1a64e390eec88528925')
},{
  material: new ObjectId('6a3e24312f2b2f71f964fd73'),
  percentage: 0.92,
  _id: new ObjectId('6a8ae1a64e390eec88528926')
},{
  material: new ObjectId('6a3e24312f2b2f71f964fd7a'),
  percentage: 0.92,
  _id: new ObjectId('6a8ae1a64e390eec88528927')
},{
  material: new ObjectId('6a3e24312f2b2f71f964fd82'),
  percentage: 0.92,
  _id: new ObjectId('6a8ae1a64e390eec88528928')
},{
  material: new ObjectId('6a3e24312f2b2f71f964fd73'),
  percentage: 0.98,
  _id: new ObjectId('6a8ae1a64e390eec88528929')
},{
  material: new ObjectId('6a3e24312f2b2f71f964fd7a'),
  percentage: 0.98,
  _id: new ObjectId('6a8ae1a64e390eec8852892a')
},{
  material: new ObjectId('6a3e24312f2b2f71f964fd82'),
  percentage: 0.98,
  _id: new ObjectId('6a8ae1a64e390eec8852892b')
},{
  material: new ObjectId('6a3e24312f2b2f71f964fd73'),
  percentage: 1.03,
  _id: new ObjectId('6a8ae1a64e390eec8852892c')
},{
  material: new ObjectId('6a3e24312f2b2f71f964fd7a'),
  percentage: 1.03,
  _id: new ObjectId('6a8ae1a64e390eec8852892d')
},{
  material: new ObjectId('6a3e24312f2b2f71f964fd82'),
  percentage: 1.03,
  _id: new ObjectId('6a8ae1a64e390eec8852892e')
},{
  material: new ObjectId('6a3e24312f2b2f71f964fd73'),
  percentage: 1.09,
  _id: new ObjectId('6a8ae1a64e390eec88528930')
},{
  material: new ObjectId('6a3e24312f2b2f71f964fd7a'),
  percentage: 1.09,
  _id: new ObjectId('6a8ae1a64e390eec88528931')
},{
  material: new ObjectId('6a3e24312f2b2f71f964fd82'),
  percentage: 1.09,
  _id: new ObjectId('6a8ae1a64e390eec88528932')
},{
  material: new ObjectId('6a3e242f2f2b2f71f964fd46'),
  percentage: 37.01,
  _id: new ObjectId('6a8ae1a64e390eec8852892f')
}
Ariana Grande thank you Spray,AG-Thnk_SP,spray,100,2000,63.00000000000001,37.01,0,1241.3,true,"Top Notes: White raspberry and pear.
Heart/Middle Notes: Coconut cream and pink rose petals.
Base Notes: Macaron sugar and velvet musk",medium,daytime,evening,floral,fruity,gourmand,,{
  material: new ObjectId('6a7773a121fc6555b5eab13a'),
  percentage: 48.03,
  _id: new ObjectId('6a8ae1a64e390eec88528922')
},{
  material: new ObjectId('6a3e24312f2b2f71f964fd73'),
  percentage: 0.97,
  _id: new ObjectId('6a8ae1a64e390eec88528923')
},{
  material: new ObjectId('6a3e24312f2b2f71f964fd7a'),
  percentage: 0.97,
  _id: new ObjectId('6a8ae1a64e390eec88528924')
},{
  material: new ObjectId('6a3e24312f2b2f71f964fd82'),
  percentage: 0.97,
  _id: new ObjectId('6a8ae1a64e390eec88528925')
},{
  material: new ObjectId('6a3e24312f2b2f71f964fd73'),
  percentage: 0.92,
  _id: new ObjectId('6a8ae1a64e390eec88528926')
},{
  material: new ObjectId('6a3e24312f2b2f71f964fd7a'),
  percentage: 0.92,
  _id: new ObjectId('6a8ae1a64e390eec88528927')
},{
  material: new ObjectId('6a3e24312f2b2f71f964fd82'),
  percentage: 0.92,
  _id: new ObjectId('6a8ae1a64e390eec88528928')
},{
  material: new ObjectId('6a3e24312f2b2f71f964fd73'),
  percentage: 0.98,
  _id: new ObjectId('6a8ae1a64e390eec88528929')
},{
  material: new ObjectId('6a3e24312f2b2f71f964fd7a'),
  percentage: 0.98,
  _id: new ObjectId('6a8ae1a64e390eec8852892a')
},{
  material: new ObjectId('6a3e24312f2b2f71f964fd82'),
  percentage: 0.98,
  _id: new ObjectId('6a8ae1a64e390eec8852892b')
},{
  material: new ObjectId('6a3e24312f2b2f71f964fd73'),
  percentage: 1.03,
  _id: new ObjectId('6a8ae1a64e390eec8852892c')
},{
  material: new ObjectId('6a3e24312f2b2f71f964fd7a'),
  percentage: 1.03,
  _id: new ObjectId('6a8ae1a64e390eec8852892d')
},{
  material: new ObjectId('6a3e24312f2b2f71f964fd82'),
  percentage: 1.03,
  _id: new ObjectId('6a8ae1a64e390eec8852892e')
},{
  material: new ObjectId('6a3e24312f2b2f71f964fd73'),
  percentage: 1.09,
  _id: new ObjectId('6a8ae1a64e390eec88528930')
},{
  material: new ObjectId('6a3e24312f2b2f71f964fd7a'),
  percentage: 1.09,
  _id: new ObjectId('6a8ae1a64e390eec88528931')
},{
  material: new ObjectId('6a3e24312f2b2f71f964fd82'),
  percentage: 1.09,
  _id: new ObjectId('6a8ae1a64e390eec88528932')
},{
  material: new ObjectId('6a3e242f2f2b2f71f964fd46'),
  percentage: 37.01,
  _id: new ObjectId('6a8ae1a64e390eec8852892f')
}
Armanis.w.y,ArmWy,roll-on,3.5,150,3.5,0,0,127.75,true,Spicy sweet woody fragrance. A strong statement for evening events.,medium,evening,spicy sweet woody,6a3e242e2f2b2f71f964fd1e,
Armanis.w.y,ArmWy,roll-on,6,250,6,0,0,165,true,Spicy sweet woody fragrance. A strong statement for evening events.,medium,evening,spicy sweet woody,6a3e242e2f2b2f71f964fd1e,
Armanis.w.y,ArmWy,roll-on,15,700,15,0,0,205,true,Spicy sweet woody fragrance. A strong statement for evening events.,medium,evening,spicy sweet woody,6a3e242e2f2b2f71f964fd1e,
Armanis.w.y,ArmWy,roll-on,30,1400,30,0,0,325,true,Spicy sweet woody fragrance. A strong statement for evening events.,medium,evening,spicy sweet woody,6a3e242e2f2b2f71f964fd1e,
Armanis.w.y Spray,ArmWy_SP,spray,6,300,3.78,2.2206,0,149.662,true,Spicy sweet woody fragrance. A strong statement for evening events.,medium,evening,spicy sweet woody,,{
  material: new ObjectId('6a3e242e2f2b2f71f964fd1e'),
  percentage: 48.03,
  _id: new ObjectId('6a8ae1a04e390eec8852856c')
},{
  material: new ObjectId('6a3e24312f2b2f71f964fd73'),
  percentage: 0.97,
  _id: new ObjectId('6a8ae1a04e390eec8852856d')
},{
  material: new ObjectId('6a3e24312f2b2f71f964fd7a'),
  percentage: 0.97,
  _id: new ObjectId('6a8ae1a04e390eec8852856e')
},{
  material: new ObjectId('6a3e24312f2b2f71f964fd82'),
  percentage: 0.97,
  _id: new ObjectId('6a8ae1a04e390eec8852856f')
},{
  material: new ObjectId('6a3e24312f2b2f71f964fd73'),
  percentage: 0.92,
  _id: new ObjectId('6a8ae1a04e390eec88528570')
},{
  material: new ObjectId('6a3e24312f2b2f71f964fd7a'),
  percentage: 0.92,
  _id: new ObjectId('6a8ae1a04e390eec88528571')
},{
  material: new ObjectId('6a3e24312f2b2f71f964fd82'),
  percentage: 0.92,
  _id: new ObjectId('6a8ae1a04e390eec88528572')
},{
  material: new ObjectId('6a3e24312f2b2f71f964fd73'),
  percentage: 0.98,
  _id: new ObjectId('6a8ae1a04e390eec88528573')
},{
  material: new ObjectId('6a3e24312f2b2f71f964fd7a'),
  percentage: 0.98,
  _id: new ObjectId('6a8ae1a04e390eec88528574')
},{
  material: new ObjectId('6a3e24312f2b2f71f964fd82'),
  percentage: 0.98,
  _id: new ObjectId('6a8ae1a04e390eec88528575')
},{
  material: new ObjectId('6a3e24312f2b2f71f964fd73'),
  percentage: 1.03,
  _id: new ObjectId('6a8ae1a04e390eec88528576')
},{
  material: new ObjectId('6a3e24312f2b2f71f964fd7a'),
  percentage: 1.03,
  _id: new ObjectId('6a8ae1a04e390eec88528577')
},{
  material: new ObjectId('6a3e24312f2b2f71f964fd82'),
  percentage: 1.03,
  _id: new ObjectId('6a8ae1a04e390eec88528578')
},{
  material: new ObjectId('6a3e24312f2b2f71f964fd73'),
  percentage: 1.09,
  _id: new ObjectId('6a8ae1a04e390eec8852857a')
},{
  material: new ObjectId('6a3e24312f2b2f71f964fd7a'),
  percentage: 1.09,
  _id: new ObjectId('6a8ae1a04e390eec8852857b')
},{
  material: new ObjectId('6a3e24312f2b2f71f964fd82'),
  percentage: 1.09,
  _id: new ObjectId('6a8ae1a04e390eec8852857c')
},{
  material: new ObjectId('6a3e242f2f2b2f71f964fd46'),
  percentage: 37.01,
  _id: new ObjectId('6a8ae1a04e390eec88528579')
}
Armanis.w.y Spray,ArmWy_SP,spray,15,700,9.450000000000006,5.5515,0,201.655,true,Spicy sweet woody fragrance. A strong statement for evening events.,medium,evening,spicy sweet woody,,{
  material: new ObjectId('6a3e242e2f2b2f71f964fd1e'),
  percentage: 48.03,
  _id: new ObjectId('6a8ae1a04e390eec8852856c')
},{
  material: new ObjectId('6a3e24312f2b2f71f964fd73'),
  percentage: 0.97,
  _id: new ObjectId('6a8ae1a04e390eec8852856d')
},{
  material: new ObjectId('6a3e24312f2b2f71f964fd7a'),
  percentage: 0.97,
  _id: new ObjectId('6a8ae1a04e390eec8852856e')
},{
  material: new ObjectId('6a3e24312f2b2f71f964fd82'),
  percentage: 0.97,
  _id: new ObjectId('6a8ae1a04e390eec8852856f')
},{
  material: new ObjectId('6a3e24312f2b2f71f964fd73'),
  percentage: 0.92,
  _id: new ObjectId('6a8ae1a04e390eec88528570')
},{
  material: new ObjectId('6a3e24312f2b2f71f964fd7a'),
  percentage: 0.92,
  _id: new ObjectId('6a8ae1a04e390eec88528571')
},{
  material: new ObjectId('6a3e24312f2b2f71f964fd82'),
  percentage: 0.92,
  _id: new ObjectId('6a8ae1a04e390eec88528572')
},{
  material: new ObjectId('6a3e24312f2b2f71f964fd73'),
  percentage: 0.98,
  _id: new ObjectId('6a8ae1a04e390eec88528573')
},{
  material: new ObjectId('6a3e24312f2b2f71f964fd7a'),
  percentage: 0.98,
  _id: new ObjectId('6a8ae1a04e390eec88528574')
},{
  material: new ObjectId('6a3e24312f2b2f71f964fd82'),
  percentage: 0.98,
  _id: new ObjectId('6a8ae1a04e390eec88528575')
},{
  material: new ObjectId('6a3e24312f2b2f71f964fd73'),
  percentage: 1.03,
  _id: new ObjectId('6a8ae1a04e390eec88528576')
},{
  material: new ObjectId('6a3e24312f2b2f71f964fd7a'),
  percentage: 1.03,
  _id: new ObjectId('6a8ae1a04e390eec88528577')
},{
  material: new ObjectId('6a3e24312f2b2f71f964fd82'),
  percentage: 1.03,
  _id: new ObjectId('6a8ae1a04e390eec88528578')
},{
  material: new ObjectId('6a3e24312f2b2f71f964fd73'),
  percentage: 1.09,
  _id: new ObjectId('6a8ae1a04e390eec8852857a')
},{
  material: new ObjectId('6a3e24312f2b2f71f964fd7a'),
  percentage: 1.09,
  _id: new ObjectId('6a8ae1a04e390eec8852857b')
},{
  material: new ObjectId('6a3e24312f2b2f71f964fd82'),
  percentage: 1.09,
  _id: new ObjectId('6a8ae1a04e390eec8852857c')
},{
  material: new ObjectId('6a3e242f2f2b2f71f964fd46'),
  percentage: 37.01,
  _id: new ObjectId('6a8ae1a04e390eec88528579')
}
Armanis.w.y Spray,ArmWy_SP,spray,30,1100,18.900000000000013,11.103,0,348.31,true,Spicy sweet woody fragrance. A strong statement for evening events.,medium,evening,spicy sweet woody,,{
  material: new ObjectId('6a3e242e2f2b2f71f964fd1e'),
  percentage: 48.03,
  _id: new ObjectId('6a8ae1a04e390eec8852856c')
},{
  material: new ObjectId('6a3e24312f2b2f71f964fd73'),
  percentage: 0.97,
  _id: new ObjectId('6a8ae1a04e390eec8852856d')
},{
  material: new ObjectId('6a3e24312f2b2f71f964fd7a'),
  percentage: 0.97,
  _id: new ObjectId('6a8ae1a04e390eec8852856e')
},{
  material: new ObjectId('6a3e24312f2b2f71f964fd82'),
  percentage: 0.97,
  _id: new ObjectId('6a8ae1a04e390eec8852856f')
},{
  material: new ObjectId('6a3e24312f2b2f71f964fd73'),
  percentage: 0.92,
  _id: new ObjectId('6a8ae1a04e390eec88528570')
},{
  material: new ObjectId('6a3e24312f2b2f71f964fd7a'),
  percentage: 0.92,
  _id: new ObjectId('6a8ae1a04e390eec88528571')
},{
  material: new ObjectId('6a3e24312f2b2f71f964fd82'),
  percentage: 0.92,
  _id: new ObjectId('6a8ae1a04e390eec88528572')
},{
  material: new ObjectId('6a3e24312f2b2f71f964fd73'),
  percentage: 0.98,
  _id: new ObjectId('6a8ae1a04e390eec88528573')
},{
  material: new ObjectId('6a3e24312f2b2f71f964fd7a'),
  percentage: 0.98,
  _id: new ObjectId('6a8ae1a04e390eec88528574')
},{
  material: new ObjectId('6a3e24312f2b2f71f964fd82'),
  percentage: 0.98,
  _id: new ObjectId('6a8ae1a04e390eec88528575')
},{
  material: new ObjectId('6a3e24312f2b2f71f964fd73'),
  percentage: 1.03,
  _id: new ObjectId('6a8ae1a04e390eec88528576')
},{
  material: new ObjectId('6a3e24312f2b2f71f964fd7a'),
  percentage: 1.03,
  _id: new ObjectId('6a8ae1a04e390eec88528577')
},{
  material: new ObjectId('6a3e24312f2b2f71f964fd82'),
  percentage: 1.03,
  _id: new ObjectId('6a8ae1a04e390eec88528578')
},{
  material: new ObjectId('6a3e24312f2b2f71f964fd73'),
  percentage: 1.09,
  _id: new ObjectId('6a8ae1a04e390eec8852857a')
},{
  material: new ObjectId('6a3e24312f2b2f71f964fd7a'),
  percentage: 1.09,
  _id: new ObjectId('6a8ae1a04e390eec8852857b')
},{
  material: new ObjectId('6a3e24312f2b2f71f964fd82'),
  percentage: 1.09,
  _id: new ObjectId('6a8ae1a04e390eec8852857c')
},{
  material: new ObjectId('6a3e242f2f2b2f71f964fd46'),
  percentage: 37.01,
  _id: new ObjectId('6a8ae1a04e390eec88528579')
}
Armanis.w.y Spray,ArmWy_SP,spray,50,1500,31.500000000000004,18.505,0,463.85,true,Spicy sweet woody fragrance. A strong statement for evening events.,medium,evening,spicy sweet woody,,{
  material: new ObjectId('6a3e242e2f2b2f71f964fd1e'),
  percentage: 48.03,
  _id: new ObjectId('6a8ae1a04e390eec8852856c')
},{
  material: new ObjectId('6a3e24312f2b2f71f964fd73'),
  percentage: 0.97,
  _id: new ObjectId('6a8ae1a04e390eec8852856d')
},{
  material: new ObjectId('6a3e24312f2b2f71f964fd7a'),
  percentage: 0.97,
  _id: new ObjectId('6a8ae1a04e390eec8852856e')
},{
  material: new ObjectId('6a3e24312f2b2f71f964fd82'),
  percentage: 0.97,
  _id: new ObjectId('6a8ae1a04e390eec8852856f')
},{
  material: new ObjectId('6a3e24312f2b2f71f964fd73'),
  percentage: 0.92,
  _id: new ObjectId('6a8ae1a04e390eec88528570')
},{
  material: new ObjectId('6a3e24312f2b2f71f964fd7a'),
  percentage: 0.92,
  _id: new ObjectId('6a8ae1a04e390eec88528571')
},{
  material: new ObjectId('6a3e24312f2b2f71f964fd82'),
  percentage: 0.92,
  _id: new ObjectId('6a8ae1a04e390eec88528572')
},{
  material: new ObjectId('6a3e24312f2b2f71f964fd73'),
  percentage: 0.98,
  _id: new ObjectId('6a8ae1a04e390eec88528573')
},{
  material: new ObjectId('6a3e24312f2b2f71f964fd7a'),
  percentage: 0.98,
  _id: new ObjectId('6a8ae1a04e390eec88528574')
},{
  material: new ObjectId('6a3e24312f2b2f71f964fd82'),
  percentage: 0.98,
  _id: new ObjectId('6a8ae1a04e390eec88528575')
},{
  material: new ObjectId('6a3e24312f2b2f71f964fd73'),
  percentage: 1.03,
  _id: new ObjectId('6a8ae1a04e390eec88528576')
},{
  material: new ObjectId('6a3e24312f2b2f71f964fd7a'),
  percentage: 1.03,
  _id: new ObjectId('6a8ae1a04e390eec88528577')
},{
  material: new ObjectId('6a3e24312f2b2f71f964fd82'),
  percentage: 1.03,
  _id: new ObjectId('6a8ae1a04e390eec88528578')
},{
  material: new ObjectId('6a3e24312f2b2f71f964fd73'),
  percentage: 1.09,
  _id: new ObjectId('6a8ae1a04e390eec8852857a')
},{
  material: new ObjectId('6a3e24312f2b2f71f964fd7a'),
  percentage: 1.09,
  _id: new ObjectId('6a8ae1a04e390eec8852857b')
},{
  material: new ObjectId('6a3e24312f2b2f71f964fd82'),
  percentage: 1.09,
  _id: new ObjectId('6a8ae1a04e390eec8852857c')
},{
  material: new ObjectId('6a3e242f2f2b2f71f964fd46'),
  percentage: 37.01,
  _id: new ObjectId('6a8ae1a04e390eec88528579')
}
Armanis.w.y Spray,ArmWy_SP,spray,100,1900,63.00000000000001,37.01,0,742.7,true,Spicy sweet woody fragrance. A strong statement for evening events.,medium,evening,spicy sweet woody,,{
  material: new ObjectId('6a3e242e2f2b2f71f964fd1e'),
  percentage: 48.03,
  _id: new ObjectId('6a8ae1a04e390eec8852856c')
},{
  material: new ObjectId('6a3e24312f2b2f71f964fd73'),
  percentage: 0.97,
  _id: new ObjectId('6a8ae1a04e390eec8852856d')
},{
  material: new ObjectId('6a3e24312f2b2f71f964fd7a'),
  percentage: 0.97,
  _id: new ObjectId('6a8ae1a04e390eec8852856e')
},{
  material: new ObjectId('6a3e24312f2b2f71f964fd82'),
  percentage: 0.97,
  _id: new ObjectId('6a8ae1a04e390eec8852856f')
},{
  material: new ObjectId('6a3e24312f2b2f71f964fd73'),
  percentage: 0.92,
  _id: new ObjectId('6a8ae1a04e390eec88528570')
},{
  material: new ObjectId('6a3e24312f2b2f71f964fd7a'),
  percentage: 0.92,
  _id: new ObjectId('6a8ae1a04e390eec88528571')
},{
  material: new ObjectId('6a3e24312f2b2f71f964fd82'),
  percentage: 0.92,
  _id: new ObjectId('6a8ae1a04e390eec88528572')
},{
  material: new ObjectId('6a3e24312f2b2f71f964fd73'),
  percentage: 0.98,
  _id: new ObjectId('6a8ae1a04e390eec88528573')
},{
  material: new ObjectId('6a3e24312f2b2f71f964fd7a'),
  percentage: 0.98,
  _id: new ObjectId('6a8ae1a04e390eec88528574')
},{
  material: new ObjectId('6a3e24312f2b2f71f964fd82'),
  percentage: 0.98,
  _id: new ObjectId('6a8ae1a04e390eec88528575')
},{
  material: new ObjectId('6a3e24312f2b2f71f964fd73'),
  percentage: 1.03,
  _id: new ObjectId('6a8ae1a04e390eec88528576')
},{
  material: new ObjectId('6a3e24312f2b2f71f964fd7a'),
  percentage: 1.03,
  _id: new ObjectId('6a8ae1a04e390eec88528577')
},{
  material: new ObjectId('6a3e24312f2b2f71f964fd82'),
  percentage: 1.03,
  _id: new ObjectId('6a8ae1a04e390eec88528578')
},{
  material: new ObjectId('6a3e24312f2b2f71f964fd73'),
  percentage: 1.09,
  _id: new ObjectId('6a8ae1a04e390eec8852857a')
},{
  material: new ObjectId('6a3e24312f2b2f71f964fd7a'),
  percentage: 1.09,
  _id: new ObjectId('6a8ae1a04e390eec8852857b')
},{
  material: new ObjectId('6a3e24312f2b2f71f964fd82'),
  percentage: 1.09,
  _id: new ObjectId('6a8ae1a04e390eec8852857c')
},{
  material: new ObjectId('6a3e242f2f2b2f71f964fd46'),
  percentage: 37.01,
  _id: new ObjectId('6a8ae1a04e390eec88528579')
}
Baccarat rouge,BacRou,roll-on,3.5,180,3.5,0,0,0,true,Luxury saffron amber woody fragrance. For special occasions.,strong,special,saffron amber woody,6a3e242f2f2b2f71f964fd37,
Baccarat rouge,BacRou,roll-on,6,280,6,0,0,0,true,Luxury saffron amber woody fragrance. For special occasions.,strong,special,saffron amber woody,6a3e242f2f2b2f71f964fd37,
Baccarat rouge,BacRou,roll-on,15,750,15,0,0,0,true,Luxury saffron amber woody fragrance. For special occasions.,strong,special,saffron amber woody,6a3e242f2f2b2f71f964fd37,
Baccarat rouge,BacRou,roll-on,30,1500,30,0,0,0,true,Luxury saffron amber woody fragrance. For special occasions.,strong,special,saffron amber woody,6a3e242f2f2b2f71f964fd37,
Baccarat rouge Spray,BacRou_SP,spray,6,330,3.78,2.2206,0,0,true,Luxury saffron amber woody fragrance. For special occasions.,strong,special,saffron amber woody,,{
  material: new ObjectId('6a3e242f2f2b2f71f964fd37'),
  percentage: 48.03,
  _id: new ObjectId('6a8ae1a14e390eec88528651')
},{
  material: new ObjectId('6a3e24312f2b2f71f964fd73'),
  percentage: 0.97,
  _id: new ObjectId('6a8ae1a14e390eec88528652')
},{
  material: new ObjectId('6a3e24312f2b2f71f964fd7a'),
  percentage: 0.97,
  _id: new ObjectId('6a8ae1a14e390eec88528653')
},{
  material: new ObjectId('6a3e24312f2b2f71f964fd82'),
  percentage: 0.97,
  _id: new ObjectId('6a8ae1a14e390eec88528654')
},{
  material: new ObjectId('6a3e24312f2b2f71f964fd73'),
  percentage: 0.92,
  _id: new ObjectId('6a8ae1a14e390eec88528655')
},{
  material: new ObjectId('6a3e24312f2b2f71f964fd7a'),
  percentage: 0.92,
  _id: new ObjectId('6a8ae1a14e390eec88528656')
},{
  material: new ObjectId('6a3e24312f2b2f71f964fd82'),
  percentage: 0.92,
  _id: new ObjectId('6a8ae1a14e390eec88528657')
},{
  material: new ObjectId('6a3e24312f2b2f71f964fd73'),
  percentage: 0.98,
  _id: new ObjectId('6a8ae1a14e390eec88528658')
},{
  material: new ObjectId('6a3e24312f2b2f71f964fd7a'),
  percentage: 0.98,
  _id: new ObjectId('6a8ae1a14e390eec88528659')
},{
  material: new ObjectId('6a3e24312f2b2f71f964fd82'),
  percentage: 0.98,
  _id: new ObjectId('6a8ae1a14e390eec8852865a')
},{
  material: new ObjectId('6a3e24312f2b2f71f964fd73'),
  percentage: 1.03,
  _id: new ObjectId('6a8ae1a14e390eec8852865b')
},{
  material: new ObjectId('6a3e24312f2b2f71f964fd7a'),
  percentage: 1.03,
  _id: new ObjectId('6a8ae1a14e390eec8852865c')
},{
  material: new ObjectId('6a3e24312f2b2f71f964fd82'),
  percentage: 1.03,
  _id: new ObjectId('6a8ae1a14e390eec8852865d')
},{
  material: new ObjectId('6a3e24312f2b2f71f964fd73'),
  percentage: 1.09,
  _id: new ObjectId('6a8ae1a14e390eec8852865f')
},{
  material: new ObjectId('6a3e24312f2b2f71f964fd7a'),
  percentage: 1.09,
  _id: new ObjectId('6a8ae1a14e390eec88528660')
},{
  material: new ObjectId('6a3e24312f2b2f71f964fd82'),
  percentage: 1.09,
  _id: new ObjectId('6a8ae1a14e390eec88528661')
},{
  material: new ObjectId('6a3e242f2f2b2f71f964fd46'),
  percentage: 37.01,
  _id: new ObjectId('6a8ae1a14e390eec8852865e')
}
Baccarat rouge Spray,BacRou_SP,spray,15,780,9.450000000000006,5.5515,0,0,true,Luxury saffron amber woody fragrance. For special occasions.,strong,special,saffron amber woody,,{
  material: new ObjectId('6a3e242f2f2b2f71f964fd37'),
  percentage: 48.03,
  _id: new ObjectId('6a8ae1a14e390eec88528651')
},{
  material: new ObjectId('6a3e24312f2b2f71f964fd73'),
  percentage: 0.97,
  _id: new ObjectId('6a8ae1a14e390eec88528652')
},{
  material: new ObjectId('6a3e24312f2b2f71f964fd7a'),
  percentage: 0.97,
  _id: new ObjectId('6a8ae1a14e390eec88528653')
},{
  material: new ObjectId('6a3e24312f2b2f71f964fd82'),
  percentage: 0.97,
  _id: new ObjectId('6a8ae1a14e390eec88528654')
},{
  material: new ObjectId('6a3e24312f2b2f71f964fd73'),
  percentage: 0.92,
  _id: new ObjectId('6a8ae1a14e390eec88528655')
},{
  material: new ObjectId('6a3e24312f2b2f71f964fd7a'),
  percentage: 0.92,
  _id: new ObjectId('6a8ae1a14e390eec88528656')
},{
  material: new ObjectId('6a3e24312f2b2f71f964fd82'),
  percentage: 0.92,
  _id: new ObjectId('6a8ae1a14e390eec88528657')
},{
  material: new ObjectId('6a3e24312f2b2f71f964fd73'),
  percentage: 0.98,
  _id: new ObjectId('6a8ae1a14e390eec88528658')
},{
  material: new ObjectId('6a3e24312f2b2f71f964fd7a'),
  percentage: 0.98,
  _id: new ObjectId('6a8ae1a14e390eec88528659')
},{
  material: new ObjectId('6a3e24312f2b2f71f964fd82'),
  percentage: 0.98,
  _id: new ObjectId('6a8ae1a14e390eec8852865a')
},{
  material: new ObjectId('6a3e24312f2b2f71f964fd73'),
  percentage: 1.03,
  _id: new ObjectId('6a8ae1a14e390eec8852865b')
},{
  material: new ObjectId('6a3e24312f2b2f71f964fd7a'),
  percentage: 1.03,
  _id: new ObjectId('6a8ae1a14e390eec8852865c')
},{
  material: new ObjectId('6a3e24312f2b2f71f964fd82'),
  percentage: 1.03,
  _id: new ObjectId('6a8ae1a14e390eec8852865d')
},{
  material: new ObjectId('6a3e24312f2b2f71f964fd73'),
  percentage: 1.09,
  _id: new ObjectId('6a8ae1a14e390eec8852865f')
},{
  material: new ObjectId('6a3e24312f2b2f71f964fd7a'),
  percentage: 1.09,
  _id: new ObjectId('6a8ae1a14e390eec88528660')
},{
  material: new ObjectId('6a3e24312f2b2f71f964fd82'),
  percentage: 1.09,
  _id: new ObjectId('6a8ae1a14e390eec88528661')
},{
  material: new ObjectId('6a3e242f2f2b2f71f964fd46'),
  percentage: 37.01,
  _id: new ObjectId('6a8ae1a14e390eec8852865e')
}
Baccarat rouge Spray,BacRou_SP,spray,30,1050,18.900000000000013,11.103,0,0,true,Luxury saffron amber woody fragrance. For special occasions.,strong,special,saffron amber woody,,{
  material: new ObjectId('6a3e242f2f2b2f71f964fd37'),
  percentage: 48.03,
  _id: new ObjectId('6a8ae1a14e390eec88528651')
},{
  material: new ObjectId('6a3e24312f2b2f71f964fd73'),
  percentage: 0.97,
  _id: new ObjectId('6a8ae1a14e390eec88528652')
},{
  material: new ObjectId('6a3e24312f2b2f71f964fd7a'),
  percentage: 0.97,
  _id: new ObjectId('6a8ae1a14e390eec88528653')
},{
  material: new ObjectId('6a3e24312f2b2f71f964fd82'),
  percentage: 0.97,
  _id: new ObjectId('6a8ae1a14e390eec88528654')
},{
  material: new ObjectId('6a3e24312f2b2f71f964fd73'),
  percentage: 0.92,
  _id: new ObjectId('6a8ae1a14e390eec88528655')
},{
  material: new ObjectId('6a3e24312f2b2f71f964fd7a'),
  percentage: 0.92,
  _id: new ObjectId('6a8ae1a14e390eec88528656')
},{
  material: new ObjectId('6a3e24312f2b2f71f964fd82'),
  percentage: 0.92,
  _id: new ObjectId('6a8ae1a14e390eec88528657')
},{
  material: new ObjectId('6a3e24312f2b2f71f964fd73'),
  percentage: 0.98,
  _id: new ObjectId('6a8ae1a14e390eec88528658')
},{
  material: new ObjectId('6a3e24312f2b2f71f964fd7a'),
  percentage: 0.98,
  _id: new ObjectId('6a8ae1a14e390eec88528659')
},{
  material: new ObjectId('6a3e24312f2b2f71f964fd82'),
  percentage: 0.98,
  _id: new ObjectId('6a8ae1a14e390eec8852865a')
},{
  material: new ObjectId('6a3e24312f2b2f71f964fd73'),
  percentage: 1.03,
  _id: new ObjectId('6a8ae1a14e390eec8852865b')
},{
  material: new ObjectId('6a3e24312f2b2f71f964fd7a'),
  percentage: 1.03,
  _id: new ObjectId('6a8ae1a14e390eec8852865c')
},{
  material: new ObjectId('6a3e24312f2b2f71f964fd82'),
  percentage: 1.03,
  _id: new ObjectId('6a8ae1a14e390eec8852865d')
},{
  material: new ObjectId('6a3e24312f2b2f71f964fd73'),
  percentage: 1.09,
  _id: new ObjectId('6a8ae1a14e390eec8852865f')
},{
  material: new ObjectId('6a3e24312f2b2f71f964fd7a'),
  percentage: 1.09,
  _id: new ObjectId('6a8ae1a14e390eec88528660')
},{
  material: new ObjectId('6a3e24312f2b2f71f964fd82'),
  percentage: 1.09,
  _id: new ObjectId('6a8ae1a14e390eec88528661')
},{
  material: new ObjectId('6a3e242f2f2b2f71f964fd46'),
  percentage: 37.01,
  _id: new ObjectId('6a8ae1a14e390eec8852865e')
}
Baccarat rouge Spray,BacRou_SP,spray,50,1300,31.500000000000004,18.505,0,0,true,Luxury saffron amber woody fragrance. For special occasions.,strong,special,saffron amber woody,,{
  material: new ObjectId('6a3e242f2f2b2f71f964fd37'),
  percentage: 48.03,
  _id: new ObjectId('6a8ae1a14e390eec88528651')
},{
  material: new ObjectId('6a3e24312f2b2f71f964fd73'),
  percentage: 0.97,
  _id: new ObjectId('6a8ae1a14e390eec88528652')
},{
  material: new ObjectId('6a3e24312f2b2f71f964fd7a'),
  percentage: 0.97,
  _id: new ObjectId('6a8ae1a14e390eec88528653')
},{
  material: new ObjectId('6a3e24312f2b2f71f964fd82'),
  percentage: 0.97,
  _id: new ObjectId('6a8ae1a14e390eec88528654')
},{
  material: new ObjectId('6a3e24312f2b2f71f964fd73'),
  percentage: 0.92,
  _id: new ObjectId('6a8ae1a14e390eec88528655')
},{
  material: new ObjectId('6a3e24312f2b2f71f964fd7a'),
  percentage: 0.92,
  _id: new ObjectId('6a8ae1a14e390eec88528656')
},{
  material: new ObjectId('6a3e24312f2b2f71f964fd82'),
  percentage: 0.92,
  _id: new ObjectId('6a8ae1a14e390eec88528657')
},{
  material: new ObjectId('6a3e24312f2b2f71f964fd73'),
  percentage: 0.98,
  _id: new ObjectId('6a8ae1a14e390eec88528658')
},{
  material: new ObjectId('6a3e24312f2b2f71f964fd7a'),
  percentage: 0.98,
  _id: new ObjectId('6a8ae1a14e390eec88528659')
},{
  material: new ObjectId('6a3e24312f2b2f71f964fd82'),
  percentage: 0.98,
  _id: new ObjectId('6a8ae1a14e390eec8852865a')
},{
  material: new ObjectId('6a3e24312f2b2f71f964fd73'),
  percentage: 1.03,
  _id: new ObjectId('6a8ae1a14e390eec8852865b')
},{
  material: new ObjectId('6a3e24312f2b2f71f964fd7a'),
  percentage: 1.03,
  _id: new ObjectId('6a8ae1a14e390eec8852865c')
},{
  material: new ObjectId('6a3e24312f2b2f71f964fd82'),
  percentage: 1.03,
  _id: new ObjectId('6a8ae1a14e390eec8852865d')
},{
  material: new ObjectId('6a3e24312f2b2f71f964fd73'),
  percentage: 1.09,
  _id: new ObjectId('6a8ae1a14e390eec8852865f')
},{
  material: new ObjectId('6a3e24312f2b2f71f964fd7a'),
  percentage: 1.09,
  _id: new ObjectId('6a8ae1a14e390eec88528660')
},{
  material: new ObjectId('6a3e24312f2b2f71f964fd82'),
  percentage: 1.09,
  _id: new ObjectId('6a8ae1a14e390eec88528661')
},{
  material: new ObjectId('6a3e242f2f2b2f71f964fd46'),
  percentage: 37.01,
  _id: new ObjectId('6a8ae1a14e390eec8852865e')
}
Baccarat rouge Spray,BacRou_SP,spray,100,1650,63.00000000000001,37.01,0,0,true,Luxury saffron amber woody fragrance. For special occasions.,strong,special,saffron amber woody,,{
  material: new ObjectId('6a3e242f2f2b2f71f964fd37'),
  percentage: 48.03,
  _id: new ObjectId('6a8ae1a14e390eec88528651')
},{
  material: new ObjectId('6a3e24312f2b2f71f964fd73'),
  percentage: 0.97,
  _id: new ObjectId('6a8ae1a14e390eec88528652')
},{
  material: new ObjectId('6a3e24312f2b2f71f964fd7a'),
  percentage: 0.97,
  _id: new ObjectId('6a8ae1a14e390eec88528653')
},{
  material: new ObjectId('6a3e24312f2b2f71f964fd82'),
  percentage: 0.97,
  _id: new ObjectId('6a8ae1a14e390eec88528654')
},{
  material: new ObjectId('6a3e24312f2b2f71f964fd73'),
  percentage: 0.92,
  _id: new ObjectId('6a8ae1a14e390eec88528655')
},{
  material: new ObjectId('6a3e24312f2b2f71f964fd7a'),
  percentage: 0.92,
  _id: new ObjectId('6a8ae1a14e390eec88528656')
},{
  material: new ObjectId('6a3e24312f2b2f71f964fd82'),
  percentage: 0.92,
  _id: new ObjectId('6a8ae1a14e390eec88528657')
},{
  material: new ObjectId('6a3e24312f2b2f71f964fd73'),
  percentage: 0.98,
  _id: new ObjectId('6a8ae1a14e390eec88528658')
},{
  material: new ObjectId('6a3e24312f2b2f71f964fd7a'),
  percentage: 0.98,
  _id: new ObjectId('6a8ae1a14e390eec88528659')
},{
  material: new ObjectId('6a3e24312f2b2f71f964fd82'),
  percentage: 0.98,
  _id: new ObjectId('6a8ae1a14e390eec8852865a')
},{
  material: new ObjectId('6a3e24312f2b2f71f964fd73'),
  percentage: 1.03,
  _id: new ObjectId('6a8ae1a14e390eec8852865b')
},{
  material: new ObjectId('6a3e24312f2b2f71f964fd7a'),
  percentage: 1.03,
  _id: new ObjectId('6a8ae1a14e390eec8852865c')
},{
  material: new ObjectId('6a3e24312f2b2f71f964fd82'),
  percentage: 1.03,
  _id: new ObjectId('6a8ae1a14e390eec8852865d')
},{
  material: new ObjectId('6a3e24312f2b2f71f964fd73'),
  percentage: 1.09,
  _id: new ObjectId('6a8ae1a14e390eec8852865f')
},{
  material: new ObjectId('6a3e24312f2b2f71f964fd7a'),
  percentage: 1.09,
  _id: new ObjectId('6a8ae1a14e390eec88528660')
},{
  material: new ObjectId('6a3e24312f2b2f71f964fd82'),
  percentage: 1.09,
  _id: new ObjectId('6a8ae1a14e390eec88528661')
},{
  material: new ObjectId('6a3e242f2f2b2f71f964fd46'),
  percentage: 37.01,
  _id: new ObjectId('6a8ae1a14e390eec8852865e')
}
Black Orchid,BLOr,roll-on,6,330,6,0,0,194.15315315027027,true,"Top Notes: Black truffle, ylang-ylang, black currant, gardenia, jasmine, bergamot, mandarin orange, and Amalfi lemon.
Heart/Middle Notes: Orchid, spices, fruity notes, lotus, gardenia, and jasmine.
Base Notes: Mexican chocolate, patchouli, vanille, incense, amber, sandalwood, vetiver, and white musk",medium,evening,special,amber,floral,6a77740b21fc6555b5eab13c,
Black Orchid,BLOr,roll-on,15,700,15,0,0,315,true,"Top Notes: Black truffle, ylang-ylang, black currant, gardenia, jasmine, bergamot, mandarin orange, and Amalfi lemon.
Heart/Middle Notes: Orchid, spices, fruity notes, lotus, gardenia, and jasmine.
Base Notes: Mexican chocolate, patchouli, vanille, incense, amber, sandalwood, vetiver, and white musk",medium,evening,special,amber,floral,6a77740b21fc6555b5eab13c,
Black Orchid,BLOr,roll-on,30,1300,30,0,0,475,true,"Top Notes: Black truffle, ylang-ylang, black currant, gardenia, jasmine, bergamot, mandarin orange, and Amalfi lemon.
Heart/Middle Notes: Orchid, spices, fruity notes, lotus, gardenia, and jasmine.
Base Notes: Mexican chocolate, patchouli, vanille, incense, amber, sandalwood, vetiver, and white musk",medium,evening,special,amber,floral,6a77740b21fc6555b5eab13c,
Black Orchid,BLOr,roll-on,3.5,180,3.5,0,0,145.17169697333333,true,"Top Notes: Black truffle, ylang-ylang, black currant, gardenia, jasmine, bergamot, mandarin orange, and Amalfi lemon.
Heart/Middle Notes: Orchid, spices, fruity notes, lotus, gardenia, and jasmine.
Base Notes: Mexican chocolate, patchouli, vanille, incense, amber, sandalwood, vetiver, and white musk",medium,evening,special,amber,floral,6a77740b21fc6555b5eab13c,
Black Orchid Spray,BLOr_SP,spray,6,350,3.7811999999999997,2.22,0,168.658,true,"Top Notes: Black truffle, ylang-ylang, black currant, gardenia, jasmine, bergamot, mandarin orange, and Amalfi lemon.
Heart/Middle Notes: Orchid, spices, fruity notes, lotus, gardenia, and jasmine.
Base Notes: Mexican chocolate, patchouli, vanille, incense, amber, sandalwood, vetiver, and white musk",medium,evening,special,amber,floral,,{
  material: new ObjectId('6a77740b21fc6555b5eab13c'),
  percentage: 45.44,
  _id: new ObjectId('6a8ae1a64e390eec88528955')
},{
  material: new ObjectId('6a3e24312f2b2f71f964fd73'),
  percentage: 0.87,
  _id: new ObjectId('6a8ae1a64e390eec88528956')
},{
  material: new ObjectId('6a3e24312f2b2f71f964fd7a'),
  percentage: 0.87,
  _id: new ObjectId('6a8ae1a64e390eec88528957')
},{
  material: new ObjectId('6a3e24312f2b2f71f964fd82'),
  percentage: 0.87,
  _id: new ObjectId('6a8ae1a64e390eec88528958')
},{
  material: new ObjectId('6a3e24312f2b2f71f964fd73'),
  percentage: 0.97,
  _id: new ObjectId('6a8ae1a64e390eec88528959')
},{
  material: new ObjectId('6a3e24312f2b2f71f964fd7a'),
  percentage: 0.97,
  _id: new ObjectId('6a8ae1a64e390eec8852895a')
},{
  material: new ObjectId('6a3e24312f2b2f71f964fd82'),
  percentage: 0.97,
  _id: new ObjectId('6a8ae1a64e390eec8852895b')
},{
  material: new ObjectId('6a3e24312f2b2f71f964fd73'),
  percentage: 0.92,
  _id: new ObjectId('6a8ae1a64e390eec8852895c')
},{
  material: new ObjectId('6a3e24312f2b2f71f964fd7a'),
  percentage: 0.92,
  _id: new ObjectId('6a8ae1a64e390eec8852895d')
},{
  material: new ObjectId('6a3e24312f2b2f71f964fd82'),
  percentage: 0.92,
  _id: new ObjectId('6a8ae1a64e390eec8852895e')
},{
  material: new ObjectId('6a3e24312f2b2f71f964fd73'),
  percentage: 0.98,
  _id: new ObjectId('6a8ae1a64e390eec8852895f')
},{
  material: new ObjectId('6a3e24312f2b2f71f964fd7a'),
  percentage: 0.98,
  _id: new ObjectId('6a8ae1a64e390eec88528960')
},{
  material: new ObjectId('6a3e24312f2b2f71f964fd82'),
  percentage: 0.98,
  _id: new ObjectId('6a8ae1a64e390eec88528961')
},{
  material: new ObjectId('6a3e24312f2b2f71f964fd73'),
  percentage: 1.03,
  _id: new ObjectId('6a8ae1a64e390eec88528962')
},{
  material: new ObjectId('6a3e24312f2b2f71f964fd7a'),
  percentage: 1.03,
  _id: new ObjectId('6a8ae1a64e390eec88528963')
},{
  material: new ObjectId('6a3e24312f2b2f71f964fd82'),
  percentage: 1.03,
  _id: new ObjectId('6a8ae1a64e390eec88528964')
},{
  material: new ObjectId('6a3e24312f2b2f71f964fd73'),
  percentage: 1.09,
  _id: new ObjectId('6a8ae1a64e390eec88528966')
},{
  material: new ObjectId('6a3e24312f2b2f71f964fd7a'),
  percentage: 1.09,
  _id: new ObjectId('6a8ae1a64e390eec88528967')
},{
  material: new ObjectId('6a3e24312f2b2f71f964fd82'),
  percentage: 1.09,
  _id: new ObjectId('6a8ae1a64e390eec88528968')
},{
  material: new ObjectId('6a3e242f2f2b2f71f964fd46'),
  percentage: 37,
  _id: new ObjectId('6a8ae1a64e390eec88528965')
}
Black Orchid Spray,BLOr_SP,spray,15,800,9.453000000000003,5.55,0,249.14499999999998,true,"Top Notes: Black truffle, ylang-ylang, black currant, gardenia, jasmine, bergamot, mandarin orange, and Amalfi lemon.
Heart/Middle Notes: Orchid, spices, fruity notes, lotus, gardenia, and jasmine.
Base Notes: Mexican chocolate, patchouli, vanille, incense, amber, sandalwood, vetiver, and white musk",medium,evening,special,amber,floral,,{
  material: new ObjectId('6a77740b21fc6555b5eab13c'),
  percentage: 45.44,
  _id: new ObjectId('6a8ae1a64e390eec88528955')
},{
  material: new ObjectId('6a3e24312f2b2f71f964fd73'),
  percentage: 0.87,
  _id: new ObjectId('6a8ae1a64e390eec88528956')
},{
  material: new ObjectId('6a3e24312f2b2f71f964fd7a'),
  percentage: 0.87,
  _id: new ObjectId('6a8ae1a64e390eec88528957')
},{
  material: new ObjectId('6a3e24312f2b2f71f964fd82'),
  percentage: 0.87,
  _id: new ObjectId('6a8ae1a64e390eec88528958')
},{
  material: new ObjectId('6a3e24312f2b2f71f964fd73'),
  percentage: 0.97,
  _id: new ObjectId('6a8ae1a64e390eec88528959')
},{
  material: new ObjectId('6a3e24312f2b2f71f964fd7a'),
  percentage: 0.97,
  _id: new ObjectId('6a8ae1a64e390eec8852895a')
},{
  material: new ObjectId('6a3e24312f2b2f71f964fd82'),
  percentage: 0.97,
  _id: new ObjectId('6a8ae1a64e390eec8852895b')
},{
  material: new ObjectId('6a3e24312f2b2f71f964fd73'),
  percentage: 0.92,
  _id: new ObjectId('6a8ae1a64e390eec8852895c')
},{
  material: new ObjectId('6a3e24312f2b2f71f964fd7a'),
  percentage: 0.92,
  _id: new ObjectId('6a8ae1a64e390eec8852895d')
},{
  material: new ObjectId('6a3e24312f2b2f71f964fd82'),
  percentage: 0.92,
  _id: new ObjectId('6a8ae1a64e390eec8852895e')
},{
  material: new ObjectId('6a3e24312f2b2f71f964fd73'),
  percentage: 0.98,
  _id: new ObjectId('6a8ae1a64e390eec8852895f')
},{
  material: new ObjectId('6a3e24312f2b2f71f964fd7a'),
  percentage: 0.98,
  _id: new ObjectId('6a8ae1a64e390eec88528960')
},{
  material: new ObjectId('6a3e24312f2b2f71f964fd82'),
  percentage: 0.98,
  _id: new ObjectId('6a8ae1a64e390eec88528961')
},{
  material: new ObjectId('6a3e24312f2b2f71f964fd73'),
  percentage: 1.03,
  _id: new ObjectId('6a8ae1a64e390eec88528962')
},{
  material: new ObjectId('6a3e24312f2b2f71f964fd7a'),
  percentage: 1.03,
  _id: new ObjectId('6a8ae1a64e390eec88528963')
},{
  material: new ObjectId('6a3e24312f2b2f71f964fd82'),
  percentage: 1.03,
  _id: new ObjectId('6a8ae1a64e390eec88528964')
},{
  material: new ObjectId('6a3e24312f2b2f71f964fd73'),
  percentage: 1.09,
  _id: new ObjectId('6a8ae1a64e390eec88528966')
},{
  material: new ObjectId('6a3e24312f2b2f71f964fd7a'),
  percentage: 1.09,
  _id: new ObjectId('6a8ae1a64e390eec88528967')
},{
  material: new ObjectId('6a3e24312f2b2f71f964fd82'),
  percentage: 1.09,
  _id: new ObjectId('6a8ae1a64e390eec88528968')
},{
  material: new ObjectId('6a3e242f2f2b2f71f964fd46'),
  percentage: 37,
  _id: new ObjectId('6a8ae1a64e390eec88528965')
}
Black Orchid Spray,BLOr_SP,spray,30,1400,18.906000000000006,11.1,0,440.62333333333333,true,"Top Notes: Black truffle, ylang-ylang, black currant, gardenia, jasmine, bergamot, mandarin orange, and Amalfi lemon.
Heart/Middle Notes: Orchid, spices, fruity notes, lotus, gardenia, and jasmine.
Base Notes: Mexican chocolate, patchouli, vanille, incense, amber, sandalwood, vetiver, and white musk",medium,evening,special,amber,floral,,{
  material: new ObjectId('6a77740b21fc6555b5eab13c'),
  percentage: 45.44,
  _id: new ObjectId('6a8ae1a64e390eec88528955')
},{
  material: new ObjectId('6a3e24312f2b2f71f964fd73'),
  percentage: 0.87,
  _id: new ObjectId('6a8ae1a64e390eec88528956')
},{
  material: new ObjectId('6a3e24312f2b2f71f964fd7a'),
  percentage: 0.87,
  _id: new ObjectId('6a8ae1a64e390eec88528957')
},{
  material: new ObjectId('6a3e24312f2b2f71f964fd82'),
  percentage: 0.87,
  _id: new ObjectId('6a8ae1a64e390eec88528958')
},{
  material: new ObjectId('6a3e24312f2b2f71f964fd73'),
  percentage: 0.97,
  _id: new ObjectId('6a8ae1a64e390eec88528959')
},{
  material: new ObjectId('6a3e24312f2b2f71f964fd7a'),
  percentage: 0.97,
  _id: new ObjectId('6a8ae1a64e390eec8852895a')
},{
  material: new ObjectId('6a3e24312f2b2f71f964fd82'),
  percentage: 0.97,
  _id: new ObjectId('6a8ae1a64e390eec8852895b')
},{
  material: new ObjectId('6a3e24312f2b2f71f964fd73'),
  percentage: 0.92,
  _id: new ObjectId('6a8ae1a64e390eec8852895c')
},{
  material: new ObjectId('6a3e24312f2b2f71f964fd7a'),
  percentage: 0.92,
  _id: new ObjectId('6a8ae1a64e390eec8852895d')
},{
  material: new ObjectId('6a3e24312f2b2f71f964fd82'),
  percentage: 0.92,
  _id: new ObjectId('6a8ae1a64e390eec8852895e')
},{
  material: new ObjectId('6a3e24312f2b2f71f964fd73'),
  percentage: 0.98,
  _id: new ObjectId('6a8ae1a64e390eec8852895f')
},{
  material: new ObjectId('6a3e24312f2b2f71f964fd7a'),
  percentage: 0.98,
  _id: new ObjectId('6a8ae1a64e390eec88528960')
},{
  material: new ObjectId('6a3e24312f2b2f71f964fd82'),
  percentage: 0.98,
  _id: new ObjectId('6a8ae1a64e390eec88528961')
},{
  material: new ObjectId('6a3e24312f2b2f71f964fd73'),
  percentage: 1.03,
  _id: new ObjectId('6a8ae1a64e390eec88528962')
},{
  material: new ObjectId('6a3e24312f2b2f71f964fd7a'),
  percentage: 1.03,
  _id: new ObjectId('6a8ae1a64e390eec88528963')
},{
  material: new ObjectId('6a3e24312f2b2f71f964fd82'),
  percentage: 1.03,
  _id: new ObjectId('6a8ae1a64e390eec88528964')
},{
  material: new ObjectId('6a3e24312f2b2f71f964fd73'),
  percentage: 1.09,
  _id: new ObjectId('6a8ae1a64e390eec88528966')
},{
  material: new ObjectId('6a3e24312f2b2f71f964fd7a'),
  percentage: 1.09,
  _id: new ObjectId('6a8ae1a64e390eec88528967')
},{
  material: new ObjectId('6a3e24312f2b2f71f964fd82'),
  percentage: 1.09,
  _id: new ObjectId('6a8ae1a64e390eec88528968')
},{
  material: new ObjectId('6a3e242f2f2b2f71f964fd46'),
  percentage: 37,
  _id: new ObjectId('6a8ae1a64e390eec88528965')
}
Black Orchid Spray,BLOr_SP,spray,50,1650,31.509999999999998,18.5,0,622.15,true,"Top Notes: Black truffle, ylang-ylang, black currant, gardenia, jasmine, bergamot, mandarin orange, and Amalfi lemon.
Heart/Middle Notes: Orchid, spices, fruity notes, lotus, gardenia, and jasmine.
Base Notes: Mexican chocolate, patchouli, vanille, incense, amber, sandalwood, vetiver, and white musk",medium,evening,special,amber,floral,,{
  material: new ObjectId('6a77740b21fc6555b5eab13c'),
  percentage: 45.44,
  _id: new ObjectId('6a8ae1a64e390eec88528955')
},{
  material: new ObjectId('6a3e24312f2b2f71f964fd73'),
  percentage: 0.87,
  _id: new ObjectId('6a8ae1a64e390eec88528956')
},{
  material: new ObjectId('6a3e24312f2b2f71f964fd7a'),
  percentage: 0.87,
  _id: new ObjectId('6a8ae1a64e390eec88528957')
},{
  material: new ObjectId('6a3e24312f2b2f71f964fd82'),
  percentage: 0.87,
  _id: new ObjectId('6a8ae1a64e390eec88528958')
},{
  material: new ObjectId('6a3e24312f2b2f71f964fd73'),
  percentage: 0.97,
  _id: new ObjectId('6a8ae1a64e390eec88528959')
},{
  material: new ObjectId('6a3e24312f2b2f71f964fd7a'),
  percentage: 0.97,
  _id: new ObjectId('6a8ae1a64e390eec8852895a')
},{
  material: new ObjectId('6a3e24312f2b2f71f964fd82'),
  percentage: 0.97,
  _id: new ObjectId('6a8ae1a64e390eec8852895b')
},{
  material: new ObjectId('6a3e24312f2b2f71f964fd73'),
  percentage: 0.92,
  _id: new ObjectId('6a8ae1a64e390eec8852895c')
},{
  material: new ObjectId('6a3e24312f2b2f71f964fd7a'),
  percentage: 0.92,
  _id: new ObjectId('6a8ae1a64e390eec8852895d')
},{
  material: new ObjectId('6a3e24312f2b2f71f964fd82'),
  percentage: 0.92,
  _id: new ObjectId('6a8ae1a64e390eec8852895e')
},{
  material: new ObjectId('6a3e24312f2b2f71f964fd73'),
  percentage: 0.98,
  _id: new ObjectId('6a8ae1a64e390eec8852895f')
},{
  material: new ObjectId('6a3e24312f2b2f71f964fd7a'),
  percentage: 0.98,
  _id: new ObjectId('6a8ae1a64e390eec88528960')
},{
  material: new ObjectId('6a3e24312f2b2f71f964fd82'),
  percentage: 0.98,
  _id: new ObjectId('6a8ae1a64e390eec88528961')
},{
  material: new ObjectId('6a3e24312f2b2f71f964fd73'),
  percentage: 1.03,
  _id: new ObjectId('6a8ae1a64e390eec88528962')
},{
  material: new ObjectId('6a3e24312f2b2f71f964fd7a'),
  percentage: 1.03,
  _id: new ObjectId('6a8ae1a64e390eec88528963')
},{
  material: new ObjectId('6a3e24312f2b2f71f964fd82'),
  percentage: 1.03,
  _id: new ObjectId('6a8ae1a64e390eec88528964')
},{
  material: new ObjectId('6a3e24312f2b2f71f964fd73'),
  percentage: 1.09,
  _id: new ObjectId('6a8ae1a64e390eec88528966')
},{
  material: new ObjectId('6a3e24312f2b2f71f964fd7a'),
  percentage: 1.09,
  _id: new ObjectId('6a8ae1a64e390eec88528967')
},{
  material: new ObjectId('6a3e24312f2b2f71f964fd82'),
  percentage: 1.09,
  _id: new ObjectId('6a8ae1a64e390eec88528968')
},{
  material: new ObjectId('6a3e242f2f2b2f71f964fd46'),
  percentage: 37,
  _id: new ObjectId('6a8ae1a64e390eec88528965')
}
Black Orchid Spray,BLOr_SP,spray,100,2000,63.019999999999996,37,0,1059.3,true,"Top Notes: Black truffle, ylang-ylang, black currant, gardenia, jasmine, bergamot, mandarin orange, and Amalfi lemon.
Heart/Middle Notes: Orchid, spices, fruity notes, lotus, gardenia, and jasmine.
Base Notes: Mexican chocolate, patchouli, vanille, incense, amber, sandalwood, vetiver, and white musk",medium,evening,special,amber,floral,,{
  material: new ObjectId('6a77740b21fc6555b5eab13c'),
  percentage: 45.44,
  _id: new ObjectId('6a8ae1a64e390eec88528955')
},{
  material: new ObjectId('6a3e24312f2b2f71f964fd73'),
  percentage: 0.87,
  _id: new ObjectId('6a8ae1a64e390eec88528956')
},{
  material: new ObjectId('6a3e24312f2b2f71f964fd7a'),
  percentage: 0.87,
  _id: new ObjectId('6a8ae1a64e390eec88528957')
},{
  material: new ObjectId('6a3e24312f2b2f71f964fd82'),
  percentage: 0.87,
  _id: new ObjectId('6a8ae1a64e390eec88528958')
},{
  material: new ObjectId('6a3e24312f2b2f71f964fd73'),
  percentage: 0.97,
  _id: new ObjectId('6a8ae1a64e390eec88528959')
},{
  material: new ObjectId('6a3e24312f2b2f71f964fd7a'),
  percentage: 0.97,
  _id: new ObjectId('6a8ae1a64e390eec8852895a')
},{
  material: new ObjectId('6a3e24312f2b2f71f964fd82'),
  percentage: 0.97,
  _id: new ObjectId('6a8ae1a64e390eec8852895b')
},{
  material: new ObjectId('6a3e24312f2b2f71f964fd73'),
  percentage: 0.92,
  _id: new ObjectId('6a8ae1a64e390eec8852895c')
},{
  material: new ObjectId('6a3e24312f2b2f71f964fd7a'),
  percentage: 0.92,
  _id: new ObjectId('6a8ae1a64e390eec8852895d')
},{
  material: new ObjectId('6a3e24312f2b2f71f964fd82'),
  percentage: 0.92,
  _id: new ObjectId('6a8ae1a64e390eec8852895e')
},{
  material: new ObjectId('6a3e24312f2b2f71f964fd73'),
  percentage: 0.98,
  _id: new ObjectId('6a8ae1a64e390eec8852895f')
},{
  material: new ObjectId('6a3e24312f2b2f71f964fd7a'),
  percentage: 0.98,
  _id: new ObjectId('6a8ae1a64e390eec88528960')
},{
  material: new ObjectId('6a3e24312f2b2f71f964fd82'),
  percentage: 0.98,
  _id: new ObjectId('6a8ae1a64e390eec88528961')
},{
  material: new ObjectId('6a3e24312f2b2f71f964fd73'),
  percentage: 1.03,
  _id: new ObjectId('6a8ae1a64e390eec88528962')
},{
  material: new ObjectId('6a3e24312f2b2f71f964fd7a'),
  percentage: 1.03,
  _id: new ObjectId('6a8ae1a64e390eec88528963')
},{
  material: new ObjectId('6a3e24312f2b2f71f964fd82'),
  percentage: 1.03,
  _id: new ObjectId('6a8ae1a64e390eec88528964')
},{
  material: new ObjectId('6a3e24312f2b2f71f964fd73'),
  percentage: 1.09,
  _id: new ObjectId('6a8ae1a64e390eec88528966')
},{
  material: new ObjectId('6a3e24312f2b2f71f964fd7a'),
  percentage: 1.09,
  _id: new ObjectId('6a8ae1a64e390eec88528967')
},{
  material: new ObjectId('6a3e24312f2b2f71f964fd82'),
  percentage: 1.09,
  _id: new ObjectId('6a8ae1a64e390eec88528968')
},{
  material: new ObjectId('6a3e242f2f2b2f71f964fd46'),
  percentage: 37,
  _id: new ObjectId('6a8ae1a64e390eec88528965')
}
Blue berry,BluBer,roll-on,3.5,150,3.5,0,0,141.75,true,"A light, sweet fruity fragrance with juicy blueberry notes. Perfect for daytime freshness.",light,daytime,fruity sweet,6a3e242d2f2b2f71f964fd04,
Blue berry,BluBer,roll-on,6,250,6,0,0,189,true,"A light, sweet fruity fragrance with juicy blueberry notes. Perfect for daytime freshness.",light,daytime,fruity sweet,6a3e242d2f2b2f71f964fd04,
Blue berry,BluBer,roll-on,15,650,15,0,0,265,true,"A light, sweet fruity fragrance with juicy blueberry notes. Perfect for daytime freshness.",light,daytime,fruity sweet,6a3e242d2f2b2f71f964fd04,
Blue berry,BluBer,roll-on,30,1250,30,0,0,445,true,"A light, sweet fruity fragrance with juicy blueberry notes. Perfect for daytime freshness.",light,daytime,fruity sweet,6a3e242d2f2b2f71f964fd04,
Blue berry Spray,BluBer_SP,spray,6,300,3.78,2.2206,0,160.462,true,"A light, sweet fruity fragrance with juicy blueberry notes. Perfect for daytime freshness.",light,daytime,fruity sweet,,{
  material: new ObjectId('6a3e242d2f2b2f71f964fd04'),
  percentage: 48.03,
  _id: new ObjectId('6a8ae19e4e390eec8852849c')
},{
  material: new ObjectId('6a3e24312f2b2f71f964fd73'),
  percentage: 0.97,
  _id: new ObjectId('6a8ae19e4e390eec8852849d')
},{
  material: new ObjectId('6a3e24312f2b2f71f964fd7a'),
  percentage: 0.97,
  _id: new ObjectId('6a8ae19e4e390eec8852849e')
},{
  material: new ObjectId('6a3e24312f2b2f71f964fd82'),
  percentage: 0.97,
  _id: new ObjectId('6a8ae19e4e390eec8852849f')
},{
  material: new ObjectId('6a3e24312f2b2f71f964fd73'),
  percentage: 0.92,
  _id: new ObjectId('6a8ae19e4e390eec885284a0')
},{
  material: new ObjectId('6a3e24312f2b2f71f964fd7a'),
  percentage: 0.92,
  _id: new ObjectId('6a8ae19e4e390eec885284a1')
},{
  material: new ObjectId('6a3e24312f2b2f71f964fd82'),
  percentage: 0.92,
  _id: new ObjectId('6a8ae19e4e390eec885284a2')
},{
  material: new ObjectId('6a3e24312f2b2f71f964fd73'),
  percentage: 0.98,
  _id: new ObjectId('6a8ae19e4e390eec885284a3')
},{
  material: new ObjectId('6a3e24312f2b2f71f964fd7a'),
  percentage: 0.98,
  _id: new ObjectId('6a8ae19e4e390eec885284a4')
},{
  material: new ObjectId('6a3e24312f2b2f71f964fd82'),
  percentage: 0.98,
  _id: new ObjectId('6a8ae19e4e390eec885284a5')
},{
  material: new ObjectId('6a3e24312f2b2f71f964fd73'),
  percentage: 1.03,
  _id: new ObjectId('6a8ae19e4e390eec885284a6')
},{
  material: new ObjectId('6a3e24312f2b2f71f964fd7a'),
  percentage: 1.03,
  _id: new ObjectId('6a8ae19e4e390eec885284a7')
},{
  material: new ObjectId('6a3e24312f2b2f71f964fd82'),
  percentage: 1.03,
  _id: new ObjectId('6a8ae19e4e390eec885284a8')
},{
  material: new ObjectId('6a3e24312f2b2f71f964fd73'),
  percentage: 1.09,
  _id: new ObjectId('6a8ae19e4e390eec885284aa')
},{
  material: new ObjectId('6a3e24312f2b2f71f964fd7a'),
  percentage: 1.09,
  _id: new ObjectId('6a8ae19e4e390eec885284ab')
},{
  material: new ObjectId('6a3e24312f2b2f71f964fd82'),
  percentage: 1.09,
  _id: new ObjectId('6a8ae19e4e390eec885284ac')
},{
  material: new ObjectId('6a3e242f2f2b2f71f964fd46'),
  percentage: 37.01,
  _id: new ObjectId('6a8ae19e4e390eec885284a9')
}
Blue berry Spray,BluBer_SP,spray,15,700,9.450000000000006,5.5515,0,228.655,true,"A light, sweet fruity fragrance with juicy blueberry notes. Perfect for daytime freshness.",light,daytime,fruity sweet,,{
  material: new ObjectId('6a3e242d2f2b2f71f964fd04'),
  percentage: 48.03,
  _id: new ObjectId('6a8ae19e4e390eec8852849c')
},{
  material: new ObjectId('6a3e24312f2b2f71f964fd73'),
  percentage: 0.97,
  _id: new ObjectId('6a8ae19e4e390eec8852849d')
},{
  material: new ObjectId('6a3e24312f2b2f71f964fd7a'),
  percentage: 0.97,
  _id: new ObjectId('6a8ae19e4e390eec8852849e')
},{
  material: new ObjectId('6a3e24312f2b2f71f964fd82'),
  percentage: 0.97,
  _id: new ObjectId('6a8ae19e4e390eec8852849f')
},{
  material: new ObjectId('6a3e24312f2b2f71f964fd73'),
  percentage: 0.92,
  _id: new ObjectId('6a8ae19e4e390eec885284a0')
},{
  material: new ObjectId('6a3e24312f2b2f71f964fd7a'),
  percentage: 0.92,
  _id: new ObjectId('6a8ae19e4e390eec885284a1')
},{
  material: new ObjectId('6a3e24312f2b2f71f964fd82'),
  percentage: 0.92,
  _id: new ObjectId('6a8ae19e4e390eec885284a2')
},{
  material: new ObjectId('6a3e24312f2b2f71f964fd73'),
  percentage: 0.98,
  _id: new ObjectId('6a8ae19e4e390eec885284a3')
},{
  material: new ObjectId('6a3e24312f2b2f71f964fd7a'),
  percentage: 0.98,
  _id: new ObjectId('6a8ae19e4e390eec885284a4')
},{
  material: new ObjectId('6a3e24312f2b2f71f964fd82'),
  percentage: 0.98,
  _id: new ObjectId('6a8ae19e4e390eec885284a5')
},{
  material: new ObjectId('6a3e24312f2b2f71f964fd73'),
  percentage: 1.03,
  _id: new ObjectId('6a8ae19e4e390eec885284a6')
},{
  material: new ObjectId('6a3e24312f2b2f71f964fd7a'),
  percentage: 1.03,
  _id: new ObjectId('6a8ae19e4e390eec885284a7')
},{
  material: new ObjectId('6a3e24312f2b2f71f964fd82'),
  percentage: 1.03,
  _id: new ObjectId('6a8ae19e4e390eec885284a8')
},{
  material: new ObjectId('6a3e24312f2b2f71f964fd73'),
  percentage: 1.09,
  _id: new ObjectId('6a8ae19e4e390eec885284aa')
},{
  material: new ObjectId('6a3e24312f2b2f71f964fd7a'),
  percentage: 1.09,
  _id: new ObjectId('6a8ae19e4e390eec885284ab')
},{
  material: new ObjectId('6a3e24312f2b2f71f964fd82'),
  percentage: 1.09,
  _id: new ObjectId('6a8ae19e4e390eec885284ac')
},{
  material: new ObjectId('6a3e242f2f2b2f71f964fd46'),
  percentage: 37.01,
  _id: new ObjectId('6a8ae19e4e390eec885284a9')
}
Blue berry Spray,BluBer_SP,spray,30,1000,18.900000000000013,11.103,0,402.31,true,"A light, sweet fruity fragrance with juicy blueberry notes. Perfect for daytime freshness.",light,daytime,fruity sweet,,{
  material: new ObjectId('6a3e242d2f2b2f71f964fd04'),
  percentage: 48.03,
  _id: new ObjectId('6a8ae19e4e390eec8852849c')
},{
  material: new ObjectId('6a3e24312f2b2f71f964fd73'),
  percentage: 0.97,
  _id: new ObjectId('6a8ae19e4e390eec8852849d')
},{
  material: new ObjectId('6a3e24312f2b2f71f964fd7a'),
  percentage: 0.97,
  _id: new ObjectId('6a8ae19e4e390eec8852849e')
},{
  material: new ObjectId('6a3e24312f2b2f71f964fd82'),
  percentage: 0.97,
  _id: new ObjectId('6a8ae19e4e390eec8852849f')
},{
  material: new ObjectId('6a3e24312f2b2f71f964fd73'),
  percentage: 0.92,
  _id: new ObjectId('6a8ae19e4e390eec885284a0')
},{
  material: new ObjectId('6a3e24312f2b2f71f964fd7a'),
  percentage: 0.92,
  _id: new ObjectId('6a8ae19e4e390eec885284a1')
},{
  material: new ObjectId('6a3e24312f2b2f71f964fd82'),
  percentage: 0.92,
  _id: new ObjectId('6a8ae19e4e390eec885284a2')
},{
  material: new ObjectId('6a3e24312f2b2f71f964fd73'),
  percentage: 0.98,
  _id: new ObjectId('6a8ae19e4e390eec885284a3')
},{
  material: new ObjectId('6a3e24312f2b2f71f964fd7a'),
  percentage: 0.98,
  _id: new ObjectId('6a8ae19e4e390eec885284a4')
},{
  material: new ObjectId('6a3e24312f2b2f71f964fd82'),
  percentage: 0.98,
  _id: new ObjectId('6a8ae19e4e390eec885284a5')
},{
  material: new ObjectId('6a3e24312f2b2f71f964fd73'),
  percentage: 1.03,
  _id: new ObjectId('6a8ae19e4e390eec885284a6')
},{
  material: new ObjectId('6a3e24312f2b2f71f964fd7a'),
  percentage: 1.03,
  _id: new ObjectId('6a8ae19e4e390eec885284a7')
},{
  material: new ObjectId('6a3e24312f2b2f71f964fd82'),
  percentage: 1.03,
  _id: new ObjectId('6a8ae19e4e390eec885284a8')
},{
  material: new ObjectId('6a3e24312f2b2f71f964fd73'),
  percentage: 1.09,
  _id: new ObjectId('6a8ae19e4e390eec885284aa')
},{
  material: new ObjectId('6a3e24312f2b2f71f964fd7a'),
  percentage: 1.09,
  _id: new ObjectId('6a8ae19e4e390eec885284ab')
},{
  material: new ObjectId('6a3e24312f2b2f71f964fd82'),
  percentage: 1.09,
  _id: new ObjectId('6a8ae19e4e390eec885284ac')
},{
  material: new ObjectId('6a3e242f2f2b2f71f964fd46'),
  percentage: 37.01,
  _id: new ObjectId('6a8ae19e4e390eec885284a9')
}
Blue berry Spray,BluBer_SP,spray,50,1300,31.500000000000004,18.505,0,553.85,true,"A light, sweet fruity fragrance with juicy blueberry notes. Perfect for daytime freshness.",light,daytime,fruity sweet,,{
  material: new ObjectId('6a3e242d2f2b2f71f964fd04'),
  percentage: 48.03,
  _id: new ObjectId('6a8ae19e4e390eec8852849c')
},{
  material: new ObjectId('6a3e24312f2b2f71f964fd73'),
  percentage: 0.97,
  _id: new ObjectId('6a8ae19e4e390eec8852849d')
},{
  material: new ObjectId('6a3e24312f2b2f71f964fd7a'),
  percentage: 0.97,
  _id: new ObjectId('6a8ae19e4e390eec8852849e')
},{
  material: new ObjectId('6a3e24312f2b2f71f964fd82'),
  percentage: 0.97,
  _id: new ObjectId('6a8ae19e4e390eec8852849f')
},{
  material: new ObjectId('6a3e24312f2b2f71f964fd73'),
  percentage: 0.92,
  _id: new ObjectId('6a8ae19e4e390eec885284a0')
},{
  material: new ObjectId('6a3e24312f2b2f71f964fd7a'),
  percentage: 0.92,
  _id: new ObjectId('6a8ae19e4e390eec885284a1')
},{
  material: new ObjectId('6a3e24312f2b2f71f964fd82'),
  percentage: 0.92,
  _id: new ObjectId('6a8ae19e4e390eec885284a2')
},{
  material: new ObjectId('6a3e24312f2b2f71f964fd73'),
  percentage: 0.98,
  _id: new ObjectId('6a8ae19e4e390eec885284a3')
},{
  material: new ObjectId('6a3e24312f2b2f71f964fd7a'),
  percentage: 0.98,
  _id: new ObjectId('6a8ae19e4e390eec885284a4')
},{
  material: new ObjectId('6a3e24312f2b2f71f964fd82'),
  percentage: 0.98,
  _id: new ObjectId('6a8ae19e4e390eec885284a5')
},{
  material: new ObjectId('6a3e24312f2b2f71f964fd73'),
  percentage: 1.03,
  _id: new ObjectId('6a8ae19e4e390eec885284a6')
},{
  material: new ObjectId('6a3e24312f2b2f71f964fd7a'),
  percentage: 1.03,
  _id: new ObjectId('6a8ae19e4e390eec885284a7')
},{
  material: new ObjectId('6a3e24312f2b2f71f964fd82'),
  percentage: 1.03,
  _id: new ObjectId('6a8ae19e4e390eec885284a8')
},{
  material: new ObjectId('6a3e24312f2b2f71f964fd73'),
  percentage: 1.09,
  _id: new ObjectId('6a8ae19e4e390eec885284aa')
},{
  material: new ObjectId('6a3e24312f2b2f71f964fd7a'),
  percentage: 1.09,
  _id: new ObjectId('6a8ae19e4e390eec885284ab')
},{
  material: new ObjectId('6a3e24312f2b2f71f964fd82'),
  percentage: 1.09,
  _id: new ObjectId('6a8ae19e4e390eec885284ac')
},{
  material: new ObjectId('6a3e242f2f2b2f71f964fd46'),
  percentage: 37.01,
  _id: new ObjectId('6a8ae19e4e390eec885284a9')
}
Blue berry Spray,BluBer_SP,spray,100,1700,63.00000000000001,37.01,0,922.7,true,"A light, sweet fruity fragrance with juicy blueberry notes. Perfect for daytime freshness.",light,daytime,fruity sweet,,{
  material: new ObjectId('6a3e242d2f2b2f71f964fd04'),
  percentage: 48.03,
  _id: new ObjectId('6a8ae19e4e390eec8852849c')
},{
  material: new ObjectId('6a3e24312f2b2f71f964fd73'),
  percentage: 0.97,
  _id: new ObjectId('6a8ae19e4e390eec8852849d')
},{
  material: new ObjectId('6a3e24312f2b2f71f964fd7a'),
  percentage: 0.97,
  _id: new ObjectId('6a8ae19e4e390eec8852849e')
},{
  material: new ObjectId('6a3e24312f2b2f71f964fd82'),
  percentage: 0.97,
  _id: new ObjectId('6a8ae19e4e390eec8852849f')
},{
  material: new ObjectId('6a3e24312f2b2f71f964fd73'),
  percentage: 0.92,
  _id: new ObjectId('6a8ae19e4e390eec885284a0')
},{
  material: new ObjectId('6a3e24312f2b2f71f964fd7a'),
  percentage: 0.92,
  _id: new ObjectId('6a8ae19e4e390eec885284a1')
},{
  material: new ObjectId('6a3e24312f2b2f71f964fd82'),
  percentage: 0.92,
  _id: new ObjectId('6a8ae19e4e390eec885284a2')
},{
  material: new ObjectId('6a3e24312f2b2f71f964fd73'),
  percentage: 0.98,
  _id: new ObjectId('6a8ae19e4e390eec885284a3')
},{
  material: new ObjectId('6a3e24312f2b2f71f964fd7a'),
  percentage: 0.98,
  _id: new ObjectId('6a8ae19e4e390eec885284a4')
},{
  material: new ObjectId('6a3e24312f2b2f71f964fd82'),
  percentage: 0.98,
  _id: new ObjectId('6a8ae19e4e390eec885284a5')
},{
  material: new ObjectId('6a3e24312f2b2f71f964fd73'),
  percentage: 1.03,
  _id: new ObjectId('6a8ae19e4e390eec885284a6')
},{
  material: new ObjectId('6a3e24312f2b2f71f964fd7a'),
  percentage: 1.03,
  _id: new ObjectId('6a8ae19e4e390eec885284a7')
},{
  material: new ObjectId('6a3e24312f2b2f71f964fd82'),
  percentage: 1.03,
  _id: new ObjectId('6a8ae19e4e390eec885284a8')
},{
  material: new ObjectId('6a3e24312f2b2f71f964fd73'),
  percentage: 1.09,
  _id: new ObjectId('6a8ae19e4e390eec885284aa')
},{
  material: new ObjectId('6a3e24312f2b2f71f964fd7a'),
  percentage: 1.09,
  _id: new ObjectId('6a8ae19e4e390eec885284ab')
},{
  material: new ObjectId('6a3e24312f2b2f71f964fd82'),
  percentage: 1.09,
  _id: new ObjectId('6a8ae19e4e390eec885284ac')
},{
  material: new ObjectId('6a3e242f2f2b2f71f964fd46'),
  percentage: 37.01,
  _id: new ObjectId('6a8ae19e4e390eec885284a9')
}
Blue de Chanel,BluCha,roll-on,3.5,1300,3.5,0,0,0,true,Fresh citrus with a woody base. Versatile for any occasion.,medium,all,citrus woody fresh,6a3e242e2f2b2f71f964fd19,
Blue de Chanel,BluCha,roll-on,6,1650,6,0,0,0,true,Fresh citrus with a woody base. Versatile for any occasion.,medium,all,citrus woody fresh,6a3e242e2f2b2f71f964fd19,
Blue de Chanel,BluCha,roll-on,15,180,15,0,0,0,true,Fresh citrus with a woody base. Versatile for any occasion.,medium,all,citrus woody fresh,6a3e242e2f2b2f71f964fd19,
Blue de Chanel,BluCha,roll-on,30,280,30,0,0,0,true,Fresh citrus with a woody base. Versatile for any occasion.,medium,all,citrus woody fresh,6a3e242e2f2b2f71f964fd19,
Blue de Chanel Spray,BluCha_SP,spray,6,330,3.78,2.2206,0,0,true,Fresh citrus with a woody base. Versatile for any occasion.,medium,all,citrus woody fresh,,{
  material: new ObjectId('6a3e242e2f2b2f71f964fd19'),
  percentage: 48.03,
  _id: new ObjectId('6a8ae19f4e390eec8852853b')
},{
  material: new ObjectId('6a3e24312f2b2f71f964fd73'),
  percentage: 0.97,
  _id: new ObjectId('6a8ae19f4e390eec8852853c')
},{
  material: new ObjectId('6a3e24312f2b2f71f964fd7a'),
  percentage: 0.97,
  _id: new ObjectId('6a8ae19f4e390eec8852853d')
},{
  material: new ObjectId('6a3e24312f2b2f71f964fd82'),
  percentage: 0.97,
  _id: new ObjectId('6a8ae19f4e390eec8852853e')
},{
  material: new ObjectId('6a3e24312f2b2f71f964fd73'),
  percentage: 0.92,
  _id: new ObjectId('6a8ae19f4e390eec8852853f')
},{
  material: new ObjectId('6a3e24312f2b2f71f964fd7a'),
  percentage: 0.92,
  _id: new ObjectId('6a8ae19f4e390eec88528540')
},{
  material: new ObjectId('6a3e24312f2b2f71f964fd82'),
  percentage: 0.92,
  _id: new ObjectId('6a8ae19f4e390eec88528541')
},{
  material: new ObjectId('6a3e24312f2b2f71f964fd73'),
  percentage: 0.98,
  _id: new ObjectId('6a8ae19f4e390eec88528542')
},{
  material: new ObjectId('6a3e24312f2b2f71f964fd7a'),
  percentage: 0.98,
  _id: new ObjectId('6a8ae19f4e390eec88528543')
},{
  material: new ObjectId('6a3e24312f2b2f71f964fd82'),
  percentage: 0.98,
  _id: new ObjectId('6a8ae19f4e390eec88528544')
},{
  material: new ObjectId('6a3e24312f2b2f71f964fd73'),
  percentage: 1.03,
  _id: new ObjectId('6a8ae19f4e390eec88528545')
},{
  material: new ObjectId('6a3e24312f2b2f71f964fd7a'),
  percentage: 1.03,
  _id: new ObjectId('6a8ae19f4e390eec88528546')
},{
  material: new ObjectId('6a3e24312f2b2f71f964fd82'),
  percentage: 1.03,
  _id: new ObjectId('6a8ae19f4e390eec88528547')
},{
  material: new ObjectId('6a3e24312f2b2f71f964fd73'),
  percentage: 1.09,
  _id: new ObjectId('6a8ae19f4e390eec88528549')
},{
  material: new ObjectId('6a3e24312f2b2f71f964fd7a'),
  percentage: 1.09,
  _id: new ObjectId('6a8ae19f4e390eec8852854a')
},{
  material: new ObjectId('6a3e24312f2b2f71f964fd82'),
  percentage: 1.09,
  _id: new ObjectId('6a8ae19f4e390eec8852854b')
},{
  material: new ObjectId('6a3e242f2f2b2f71f964fd46'),
  percentage: 37.01,
  _id: new ObjectId('6a8ae19f4e390eec88528548')
}
Blue de Chanel Spray,BluCha_SP,spray,15,780,9.450000000000006,5.5515,0,0,true,Fresh citrus with a woody base. Versatile for any occasion.,medium,all,citrus woody fresh,,{
  material: new ObjectId('6a3e242e2f2b2f71f964fd19'),
  percentage: 48.03,
  _id: new ObjectId('6a8ae19f4e390eec8852853b')
},{
  material: new ObjectId('6a3e24312f2b2f71f964fd73'),
  percentage: 0.97,
  _id: new ObjectId('6a8ae19f4e390eec8852853c')
},{
  material: new ObjectId('6a3e24312f2b2f71f964fd7a'),
  percentage: 0.97,
  _id: new ObjectId('6a8ae19f4e390eec8852853d')
},{
  material: new ObjectId('6a3e24312f2b2f71f964fd82'),
  percentage: 0.97,
  _id: new ObjectId('6a8ae19f4e390eec8852853e')
},{
  material: new ObjectId('6a3e24312f2b2f71f964fd73'),
  percentage: 0.92,
  _id: new ObjectId('6a8ae19f4e390eec8852853f')
},{
  material: new ObjectId('6a3e24312f2b2f71f964fd7a'),
  percentage: 0.92,
  _id: new ObjectId('6a8ae19f4e390eec88528540')
},{
  material: new ObjectId('6a3e24312f2b2f71f964fd82'),
  percentage: 0.92,
  _id: new ObjectId('6a8ae19f4e390eec88528541')
},{
  material: new ObjectId('6a3e24312f2b2f71f964fd73'),
  percentage: 0.98,
  _id: new ObjectId('6a8ae19f4e390eec88528542')
},{
  material: new ObjectId('6a3e24312f2b2f71f964fd7a'),
  percentage: 0.98,
  _id: new ObjectId('6a8ae19f4e390eec88528543')
},{
  material: new ObjectId('6a3e24312f2b2f71f964fd82'),
  percentage: 0.98,
  _id: new ObjectId('6a8ae19f4e390eec88528544')
},{
  material: new ObjectId('6a3e24312f2b2f71f964fd73'),
  percentage: 1.03,
  _id: new ObjectId('6a8ae19f4e390eec88528545')
},{
  material: new ObjectId('6a3e24312f2b2f71f964fd7a'),
  percentage: 1.03,
  _id: new ObjectId('6a8ae19f4e390eec88528546')
},{
  material: new ObjectId('6a3e24312f2b2f71f964fd82'),
  percentage: 1.03,
  _id: new ObjectId('6a8ae19f4e390eec88528547')
},{
  material: new ObjectId('6a3e24312f2b2f71f964fd73'),
  percentage: 1.09,
  _id: new ObjectId('6a8ae19f4e390eec88528549')
},{
  material: new ObjectId('6a3e24312f2b2f71f964fd7a'),
  percentage: 1.09,
  _id: new ObjectId('6a8ae19f4e390eec8852854a')
},{
  material: new ObjectId('6a3e24312f2b2f71f964fd82'),
  percentage: 1.09,
  _id: new ObjectId('6a8ae19f4e390eec8852854b')
},{
  material: new ObjectId('6a3e242f2f2b2f71f964fd46'),
  percentage: 37.01,
  _id: new ObjectId('6a8ae19f4e390eec88528548')
}
Blue de Chanel Spray,BluCha_SP,spray,30,330,18.900000000000013,11.103,0,0,true,Fresh citrus with a woody base. Versatile for any occasion.,medium,all,citrus woody fresh,,{
  material: new ObjectId('6a3e242e2f2b2f71f964fd19'),
  percentage: 48.03,
  _id: new ObjectId('6a8ae19f4e390eec8852853b')
},{
  material: new ObjectId('6a3e24312f2b2f71f964fd73'),
  percentage: 0.97,
  _id: new ObjectId('6a8ae19f4e390eec8852853c')
},{
  material: new ObjectId('6a3e24312f2b2f71f964fd7a'),
  percentage: 0.97,
  _id: new ObjectId('6a8ae19f4e390eec8852853d')
},{
  material: new ObjectId('6a3e24312f2b2f71f964fd82'),
  percentage: 0.97,
  _id: new ObjectId('6a8ae19f4e390eec8852853e')
},{
  material: new ObjectId('6a3e24312f2b2f71f964fd73'),
  percentage: 0.92,
  _id: new ObjectId('6a8ae19f4e390eec8852853f')
},{
  material: new ObjectId('6a3e24312f2b2f71f964fd7a'),
  percentage: 0.92,
  _id: new ObjectId('6a8ae19f4e390eec88528540')
},{
  material: new ObjectId('6a3e24312f2b2f71f964fd82'),
  percentage: 0.92,
  _id: new ObjectId('6a8ae19f4e390eec88528541')
},{
  material: new ObjectId('6a3e24312f2b2f71f964fd73'),
  percentage: 0.98,
  _id: new ObjectId('6a8ae19f4e390eec88528542')
},{
  material: new ObjectId('6a3e24312f2b2f71f964fd7a'),
  percentage: 0.98,
  _id: new ObjectId('6a8ae19f4e390eec88528543')
},{
  material: new ObjectId('6a3e24312f2b2f71f964fd82'),
  percentage: 0.98,
  _id: new ObjectId('6a8ae19f4e390eec88528544')
},{
  material: new ObjectId('6a3e24312f2b2f71f964fd73'),
  percentage: 1.03,
  _id: new ObjectId('6a8ae19f4e390eec88528545')
},{
  material: new ObjectId('6a3e24312f2b2f71f964fd7a'),
  percentage: 1.03,
  _id: new ObjectId('6a8ae19f4e390eec88528546')
},{
  material: new ObjectId('6a3e24312f2b2f71f964fd82'),
  percentage: 1.03,
  _id: new ObjectId('6a8ae19f4e390eec88528547')
},{
  material: new ObjectId('6a3e24312f2b2f71f964fd73'),
  percentage: 1.09,
  _id: new ObjectId('6a8ae19f4e390eec88528549')
},{
  material: new ObjectId('6a3e24312f2b2f71f964fd7a'),
  percentage: 1.09,
  _id: new ObjectId('6a8ae19f4e390eec8852854a')
},{
  material: new ObjectId('6a3e24312f2b2f71f964fd82'),
  percentage: 1.09,
  _id: new ObjectId('6a8ae19f4e390eec8852854b')
},{
  material: new ObjectId('6a3e242f2f2b2f71f964fd46'),
  percentage: 37.01,
  _id: new ObjectId('6a8ae19f4e390eec88528548')
}
Blue de Chanel Spray,BluCha_SP,spray,50,780,31.500000000000004,18.505,0,0,true,Fresh citrus with a woody base. Versatile for any occasion.,medium,all,citrus woody fresh,,{
  material: new ObjectId('6a3e242e2f2b2f71f964fd19'),
  percentage: 48.03,
  _id: new ObjectId('6a8ae19f4e390eec8852853b')
},{
  material: new ObjectId('6a3e24312f2b2f71f964fd73'),
  percentage: 0.97,
  _id: new ObjectId('6a8ae19f4e390eec8852853c')
},{
  material: new ObjectId('6a3e24312f2b2f71f964fd7a'),
  percentage: 0.97,
  _id: new ObjectId('6a8ae19f4e390eec8852853d')
},{
  material: new ObjectId('6a3e24312f2b2f71f964fd82'),
  percentage: 0.97,
  _id: new ObjectId('6a8ae19f4e390eec8852853e')
},{
  material: new ObjectId('6a3e24312f2b2f71f964fd73'),
  percentage: 0.92,
  _id: new ObjectId('6a8ae19f4e390eec8852853f')
},{
  material: new ObjectId('6a3e24312f2b2f71f964fd7a'),
  percentage: 0.92,
  _id: new ObjectId('6a8ae19f4e390eec88528540')
},{
  material: new ObjectId('6a3e24312f2b2f71f964fd82'),
  percentage: 0.92,
  _id: new ObjectId('6a8ae19f4e390eec88528541')
},{
  material: new ObjectId('6a3e24312f2b2f71f964fd73'),
  percentage: 0.98,
  _id: new ObjectId('6a8ae19f4e390eec88528542')
},{
  material: new ObjectId('6a3e24312f2b2f71f964fd7a'),
  percentage: 0.98,
  _id: new ObjectId('6a8ae19f4e390eec88528543')
},{
  material: new ObjectId('6a3e24312f2b2f71f964fd82'),
  percentage: 0.98,
  _id: new ObjectId('6a8ae19f4e390eec88528544')
},{
  material: new ObjectId('6a3e24312f2b2f71f964fd73'),
  percentage: 1.03,
  _id: new ObjectId('6a8ae19f4e390eec88528545')
},{
  material: new ObjectId('6a3e24312f2b2f71f964fd7a'),
  percentage: 1.03,
  _id: new ObjectId('6a8ae19f4e390eec88528546')
},{
  material: new ObjectId('6a3e24312f2b2f71f964fd82'),
  percentage: 1.03,
  _id: new ObjectId('6a8ae19f4e390eec88528547')
},{
  material: new ObjectId('6a3e24312f2b2f71f964fd73'),
  percentage: 1.09,
  _id: new ObjectId('6a8ae19f4e390eec88528549')
},{
  material: new ObjectId('6a3e24312f2b2f71f964fd7a'),
  percentage: 1.09,
  _id: new ObjectId('6a8ae19f4e390eec8852854a')
},{
  material: new ObjectId('6a3e24312f2b2f71f964fd82'),
  percentage: 1.09,
  _id: new ObjectId('6a8ae19f4e390eec8852854b')
},{
  material: new ObjectId('6a3e242f2f2b2f71f964fd46'),
  percentage: 37.01,
  _id: new ObjectId('6a8ae19f4e390eec88528548')
}
Blue de Chanel Spray,BluCha_SP,spray,100,1050,63.00000000000001,37.01,0,0,true,Fresh citrus with a woody base. Versatile for any occasion.,medium,all,citrus woody fresh,,{
  material: new ObjectId('6a3e242e2f2b2f71f964fd19'),
  percentage: 48.03,
  _id: new ObjectId('6a8ae19f4e390eec8852853b')
},{
  material: new ObjectId('6a3e24312f2b2f71f964fd73'),
  percentage: 0.97,
  _id: new ObjectId('6a8ae19f4e390eec8852853c')
},{
  material: new ObjectId('6a3e24312f2b2f71f964fd7a'),
  percentage: 0.97,
  _id: new ObjectId('6a8ae19f4e390eec8852853d')
},{
  material: new ObjectId('6a3e24312f2b2f71f964fd82'),
  percentage: 0.97,
  _id: new ObjectId('6a8ae19f4e390eec8852853e')
},{
  material: new ObjectId('6a3e24312f2b2f71f964fd73'),
  percentage: 0.92,
  _id: new ObjectId('6a8ae19f4e390eec8852853f')
},{
  material: new ObjectId('6a3e24312f2b2f71f964fd7a'),
  percentage: 0.92,
  _id: new ObjectId('6a8ae19f4e390eec88528540')
},{
  material: new ObjectId('6a3e24312f2b2f71f964fd82'),
  percentage: 0.92,
  _id: new ObjectId('6a8ae19f4e390eec88528541')
},{
  material: new ObjectId('6a3e24312f2b2f71f964fd73'),
  percentage: 0.98,
  _id: new ObjectId('6a8ae19f4e390eec88528542')
},{
  material: new ObjectId('6a3e24312f2b2f71f964fd7a'),
  percentage: 0.98,
  _id: new ObjectId('6a8ae19f4e390eec88528543')
},{
  material: new ObjectId('6a3e24312f2b2f71f964fd82'),
  percentage: 0.98,
  _id: new ObjectId('6a8ae19f4e390eec88528544')
},{
  material: new ObjectId('6a3e24312f2b2f71f964fd73'),
  percentage: 1.03,
  _id: new ObjectId('6a8ae19f4e390eec88528545')
},{
  material: new ObjectId('6a3e24312f2b2f71f964fd7a'),
  percentage: 1.03,
  _id: new ObjectId('6a8ae19f4e390eec88528546')
},{
  material: new ObjectId('6a3e24312f2b2f71f964fd82'),
  percentage: 1.03,
  _id: new ObjectId('6a8ae19f4e390eec88528547')
},{
  material: new ObjectId('6a3e24312f2b2f71f964fd73'),
  percentage: 1.09,
  _id: new ObjectId('6a8ae19f4e390eec88528549')
},{
  material: new ObjectId('6a3e24312f2b2f71f964fd7a'),
  percentage: 1.09,
  _id: new ObjectId('6a8ae19f4e390eec8852854a')
},{
  material: new ObjectId('6a3e24312f2b2f71f964fd82'),
  percentage: 1.09,
  _id: new ObjectId('6a8ae19f4e390eec8852854b')
},{
  material: new ObjectId('6a3e242f2f2b2f71f964fd46'),
  percentage: 37.01,
  _id: new ObjectId('6a8ae19f4e390eec88528548')
}
Burberry Her,BurH,roll-on,3.5,180,3.5,0,0,0,true,Medium floral fruity fragrance. A modern daytime classic.,medium,daytime,floral fruity,6a3e24302f2b2f71f964fd4c,
Burberry Her,BurH,roll-on,6,280,6,0,0,0,true,Medium floral fruity fragrance. A modern daytime classic.,medium,daytime,floral fruity,6a3e24302f2b2f71f964fd4c,
Burberry Her,BurH,roll-on,15,750,15,0,0,0,true,Medium floral fruity fragrance. A modern daytime classic.,medium,daytime,floral fruity,6a3e24302f2b2f71f964fd4c,
Burberry Her,BurH,roll-on,30,1500,30,0,0,0,true,Medium floral fruity fragrance. A modern daytime classic.,medium,daytime,floral fruity,6a3e24302f2b2f71f964fd4c,
Burberry Her Spray,BurH_SP,spray,6,330,3.78,2.2206,0,0,true,Medium floral fruity fragrance. A modern daytime classic.,medium,daytime,floral fruity,,{
  material: new ObjectId('6a3e24302f2b2f71f964fd4c'),
  percentage: 48.03,
  _id: new ObjectId('6a8ae1a34e390eec88528714')
},{
  material: new ObjectId('6a3e24312f2b2f71f964fd73'),
  percentage: 0.97,
  _id: new ObjectId('6a8ae1a34e390eec88528715')
},{
  material: new ObjectId('6a3e24312f2b2f71f964fd7a'),
  percentage: 0.97,
  _id: new ObjectId('6a8ae1a34e390eec88528716')
},{
  material: new ObjectId('6a3e24312f2b2f71f964fd82'),
  percentage: 0.97,
  _id: new ObjectId('6a8ae1a34e390eec88528717')
},{
  material: new ObjectId('6a3e24312f2b2f71f964fd73'),
  percentage: 0.92,
  _id: new ObjectId('6a8ae1a34e390eec88528718')
},{
  material: new ObjectId('6a3e24312f2b2f71f964fd7a'),
  percentage: 0.92,
  _id: new ObjectId('6a8ae1a34e390eec88528719')
},{
  material: new ObjectId('6a3e24312f2b2f71f964fd82'),
  percentage: 0.92,
  _id: new ObjectId('6a8ae1a34e390eec8852871a')
},{
  material: new ObjectId('6a3e24312f2b2f71f964fd73'),
  percentage: 0.98,
  _id: new ObjectId('6a8ae1a34e390eec8852871b')
},{
  material: new ObjectId('6a3e24312f2b2f71f964fd7a'),
  percentage: 0.98,
  _id: new ObjectId('6a8ae1a34e390eec8852871c')
},{
  material: new ObjectId('6a3e24312f2b2f71f964fd82'),
  percentage: 0.98,
  _id: new ObjectId('6a8ae1a34e390eec8852871d')
},{
  material: new ObjectId('6a3e24312f2b2f71f964fd73'),
  percentage: 1.03,
  _id: new ObjectId('6a8ae1a34e390eec8852871e')
},{
  material: new ObjectId('6a3e24312f2b2f71f964fd7a'),
  percentage: 1.03,
  _id: new ObjectId('6a8ae1a34e390eec8852871f')
},{
  material: new ObjectId('6a3e24312f2b2f71f964fd82'),
  percentage: 1.03,
  _id: new ObjectId('6a8ae1a34e390eec88528720')
},{
  material: new ObjectId('6a3e24312f2b2f71f964fd73'),
  percentage: 1.09,
  _id: new ObjectId('6a8ae1a34e390eec88528722')
},{
  material: new ObjectId('6a3e24312f2b2f71f964fd7a'),
  percentage: 1.09,
  _id: new ObjectId('6a8ae1a34e390eec88528723')
},{
  material: new ObjectId('6a3e24312f2b2f71f964fd82'),
  percentage: 1.09,
  _id: new ObjectId('6a8ae1a34e390eec88528724')
},{
  material: new ObjectId('6a3e242f2f2b2f71f964fd46'),
  percentage: 37.01,
  _id: new ObjectId('6a8ae1a34e390eec88528721')
}
Burberry Her Spray,BurH_SP,spray,15,780,9.450000000000006,5.5515,0,0,true,Medium floral fruity fragrance. A modern daytime classic.,medium,daytime,floral fruity,,{
  material: new ObjectId('6a3e24302f2b2f71f964fd4c'),
  percentage: 48.03,
  _id: new ObjectId('6a8ae1a34e390eec88528714')
},{
  material: new ObjectId('6a3e24312f2b2f71f964fd73'),
  percentage: 0.97,
  _id: new ObjectId('6a8ae1a34e390eec88528715')
},{
  material: new ObjectId('6a3e24312f2b2f71f964fd7a'),
  percentage: 0.97,
  _id: new ObjectId('6a8ae1a34e390eec88528716')
},{
  material: new ObjectId('6a3e24312f2b2f71f964fd82'),
  percentage: 0.97,
  _id: new ObjectId('6a8ae1a34e390eec88528717')
},{
  material: new ObjectId('6a3e24312f2b2f71f964fd73'),
  percentage: 0.92,
  _id: new ObjectId('6a8ae1a34e390eec88528718')
},{
  material: new ObjectId('6a3e24312f2b2f71f964fd7a'),
  percentage: 0.92,
  _id: new ObjectId('6a8ae1a34e390eec88528719')
},{
  material: new ObjectId('6a3e24312f2b2f71f964fd82'),
  percentage: 0.92,
  _id: new ObjectId('6a8ae1a34e390eec8852871a')
},{
  material: new ObjectId('6a3e24312f2b2f71f964fd73'),
  percentage: 0.98,
  _id: new ObjectId('6a8ae1a34e390eec8852871b')
},{
  material: new ObjectId('6a3e24312f2b2f71f964fd7a'),
  percentage: 0.98,
  _id: new ObjectId('6a8ae1a34e390eec8852871c')
},{
  material: new ObjectId('6a3e24312f2b2f71f964fd82'),
  percentage: 0.98,
  _id: new ObjectId('6a8ae1a34e390eec8852871d')
},{
  material: new ObjectId('6a3e24312f2b2f71f964fd73'),
  percentage: 1.03,
  _id: new ObjectId('6a8ae1a34e390eec8852871e')
},{
  material: new ObjectId('6a3e24312f2b2f71f964fd7a'),
  percentage: 1.03,
  _id: new ObjectId('6a8ae1a34e390eec8852871f')
},{
  material: new ObjectId('6a3e24312f2b2f71f964fd82'),
  percentage: 1.03,
  _id: new ObjectId('6a8ae1a34e390eec88528720')
},{
  material: new ObjectId('6a3e24312f2b2f71f964fd73'),
  percentage: 1.09,
  _id: new ObjectId('6a8ae1a34e390eec88528722')
},{
  material: new ObjectId('6a3e24312f2b2f71f964fd7a'),
  percentage: 1.09,
  _id: new ObjectId('6a8ae1a34e390eec88528723')
},{
  material: new ObjectId('6a3e24312f2b2f71f964fd82'),
  percentage: 1.09,
  _id: new ObjectId('6a8ae1a34e390eec88528724')
},{
  material: new ObjectId('6a3e242f2f2b2f71f964fd46'),
  percentage: 37.01,
  _id: new ObjectId('6a8ae1a34e390eec88528721')
}
Burberry Her Spray,BurH_SP,spray,30,1050,18.900000000000013,11.103,0,0,true,Medium floral fruity fragrance. A modern daytime classic.,medium,daytime,floral fruity,,{
  material: new ObjectId('6a3e24302f2b2f71f964fd4c'),
  percentage: 48.03,
  _id: new ObjectId('6a8ae1a34e390eec88528714')
},{
  material: new ObjectId('6a3e24312f2b2f71f964fd73'),
  percentage: 0.97,
  _id: new ObjectId('6a8ae1a34e390eec88528715')
},{
  material: new ObjectId('6a3e24312f2b2f71f964fd7a'),
  percentage: 0.97,
  _id: new ObjectId('6a8ae1a34e390eec88528716')
},{
  material: new ObjectId('6a3e24312f2b2f71f964fd82'),
  percentage: 0.97,
  _id: new ObjectId('6a8ae1a34e390eec88528717')
},{
  material: new ObjectId('6a3e24312f2b2f71f964fd73'),
  percentage: 0.92,
  _id: new ObjectId('6a8ae1a34e390eec88528718')
},{
  material: new ObjectId('6a3e24312f2b2f71f964fd7a'),
  percentage: 0.92,
  _id: new ObjectId('6a8ae1a34e390eec88528719')
},{
  material: new ObjectId('6a3e24312f2b2f71f964fd82'),
  percentage: 0.92,
  _id: new ObjectId('6a8ae1a34e390eec8852871a')
},{
  material: new ObjectId('6a3e24312f2b2f71f964fd73'),
  percentage: 0.98,
  _id: new ObjectId('6a8ae1a34e390eec8852871b')
},{
  material: new ObjectId('6a3e24312f2b2f71f964fd7a'),
  percentage: 0.98,
  _id: new ObjectId('6a8ae1a34e390eec8852871c')
},{
  material: new ObjectId('6a3e24312f2b2f71f964fd82'),
  percentage: 0.98,
  _id: new ObjectId('6a8ae1a34e390eec8852871d')
},{
  material: new ObjectId('6a3e24312f2b2f71f964fd73'),
  percentage: 1.03,
  _id: new ObjectId('6a8ae1a34e390eec8852871e')
},{
  material: new ObjectId('6a3e24312f2b2f71f964fd7a'),
  percentage: 1.03,
  _id: new ObjectId('6a8ae1a34e390eec8852871f')
},{
  material: new ObjectId('6a3e24312f2b2f71f964fd82'),
  percentage: 1.03,
  _id: new ObjectId('6a8ae1a34e390eec88528720')
},{
  material: new ObjectId('6a3e24312f2b2f71f964fd73'),
  percentage: 1.09,
  _id: new ObjectId('6a8ae1a34e390eec88528722')
},{
  material: new ObjectId('6a3e24312f2b2f71f964fd7a'),
  percentage: 1.09,
  _id: new ObjectId('6a8ae1a34e390eec88528723')
},{
  material: new ObjectId('6a3e24312f2b2f71f964fd82'),
  percentage: 1.09,
  _id: new ObjectId('6a8ae1a34e390eec88528724')
},{
  material: new ObjectId('6a3e242f2f2b2f71f964fd46'),
  percentage: 37.01,
  _id: new ObjectId('6a8ae1a34e390eec88528721')
}
Burberry Her Spray,BurH_SP,spray,50,1300,31.500000000000004,18.505,0,0,true,Medium floral fruity fragrance. A modern daytime classic.,medium,daytime,floral fruity,,{
  material: new ObjectId('6a3e24302f2b2f71f964fd4c'),
  percentage: 48.03,
  _id: new ObjectId('6a8ae1a34e390eec88528714')
},{
  material: new ObjectId('6a3e24312f2b2f71f964fd73'),
  percentage: 0.97,
  _id: new ObjectId('6a8ae1a34e390eec88528715')
},{
  material: new ObjectId('6a3e24312f2b2f71f964fd7a'),
  percentage: 0.97,
  _id: new ObjectId('6a8ae1a34e390eec88528716')
},{
  material: new ObjectId('6a3e24312f2b2f71f964fd82'),
  percentage: 0.97,
  _id: new ObjectId('6a8ae1a34e390eec88528717')
},{
  material: new ObjectId('6a3e24312f2b2f71f964fd73'),
  percentage: 0.92,
  _id: new ObjectId('6a8ae1a34e390eec88528718')
},{
  material: new ObjectId('6a3e24312f2b2f71f964fd7a'),
  percentage: 0.92,
  _id: new ObjectId('6a8ae1a34e390eec88528719')
},{
  material: new ObjectId('6a3e24312f2b2f71f964fd82'),
  percentage: 0.92,
  _id: new ObjectId('6a8ae1a34e390eec8852871a')
},{
  material: new ObjectId('6a3e24312f2b2f71f964fd73'),
  percentage: 0.98,
  _id: new ObjectId('6a8ae1a34e390eec8852871b')
},{
  material: new ObjectId('6a3e24312f2b2f71f964fd7a'),
  percentage: 0.98,
  _id: new ObjectId('6a8ae1a34e390eec8852871c')
},{
  material: new ObjectId('6a3e24312f2b2f71f964fd82'),
  percentage: 0.98,
  _id: new ObjectId('6a8ae1a34e390eec8852871d')
},{
  material: new ObjectId('6a3e24312f2b2f71f964fd73'),
  percentage: 1.03,
  _id: new ObjectId('6a8ae1a34e390eec8852871e')
},{
  material: new ObjectId('6a3e24312f2b2f71f964fd7a'),
  percentage: 1.03,
  _id: new ObjectId('6a8ae1a34e390eec8852871f')
},{
  material: new ObjectId('6a3e24312f2b2f71f964fd82'),
  percentage: 1.03,
  _id: new ObjectId('6a8ae1a34e390eec88528720')
},{
  material: new ObjectId('6a3e24312f2b2f71f964fd73'),
  percentage: 1.09,
  _id: new ObjectId('6a8ae1a34e390eec88528722')
},{
  material: new ObjectId('6a3e24312f2b2f71f964fd7a'),
  percentage: 1.09,
  _id: new ObjectId('6a8ae1a34e390eec88528723')
},{
  material: new ObjectId('6a3e24312f2b2f71f964fd82'),
  percentage: 1.09,
  _id: new ObjectId('6a8ae1a34e390eec88528724')
},{
  material: new ObjectId('6a3e242f2f2b2f71f964fd46'),
  percentage: 37.01,
  _id: new ObjectId('6a8ae1a34e390eec88528721')
}
Burberry Her Spray,BurH_SP,spray,100,1650,63.00000000000001,37.01,0,0,true,Medium floral fruity fragrance. A modern daytime classic.,medium,daytime,floral fruity,,{
  material: new ObjectId('6a3e24302f2b2f71f964fd4c'),
  percentage: 48.03,
  _id: new ObjectId('6a8ae1a34e390eec88528714')
},{
  material: new ObjectId('6a3e24312f2b2f71f964fd73'),
  percentage: 0.97,
  _id: new ObjectId('6a8ae1a34e390eec88528715')
},{
  material: new ObjectId('6a3e24312f2b2f71f964fd7a'),
  percentage: 0.97,
  _id: new ObjectId('6a8ae1a34e390eec88528716')
},{
  material: new ObjectId('6a3e24312f2b2f71f964fd82'),
  percentage: 0.97,
  _id: new ObjectId('6a8ae1a34e390eec88528717')
},{
  material: new ObjectId('6a3e24312f2b2f71f964fd73'),
  percentage: 0.92,
  _id: new ObjectId('6a8ae1a34e390eec88528718')
},{
  material: new ObjectId('6a3e24312f2b2f71f964fd7a'),
  percentage: 0.92,
  _id: new ObjectId('6a8ae1a34e390eec88528719')
},{
  material: new ObjectId('6a3e24312f2b2f71f964fd82'),
  percentage: 0.92,
  _id: new ObjectId('6a8ae1a34e390eec8852871a')
},{
  material: new ObjectId('6a3e24312f2b2f71f964fd73'),
  percentage: 0.98,
  _id: new ObjectId('6a8ae1a34e390eec8852871b')
},{
  material: new ObjectId('6a3e24312f2b2f71f964fd7a'),
  percentage: 0.98,
  _id: new ObjectId('6a8ae1a34e390eec8852871c')
},{
  material: new ObjectId('6a3e24312f2b2f71f964fd82'),
  percentage: 0.98,
  _id: new ObjectId('6a8ae1a34e390eec8852871d')
},{
  material: new ObjectId('6a3e24312f2b2f71f964fd73'),
  percentage: 1.03,
  _id: new ObjectId('6a8ae1a34e390eec8852871e')
},{
  material: new ObjectId('6a3e24312f2b2f71f964fd7a'),
  percentage: 1.03,
  _id: new ObjectId('6a8ae1a34e390eec8852871f')
},{
  material: new ObjectId('6a3e24312f2b2f71f964fd82'),
  percentage: 1.03,
  _id: new ObjectId('6a8ae1a34e390eec88528720')
},{
  material: new ObjectId('6a3e24312f2b2f71f964fd73'),
  percentage: 1.09,
  _id: new ObjectId('6a8ae1a34e390eec88528722')
},{
  material: new ObjectId('6a3e24312f2b2f71f964fd7a'),
  percentage: 1.09,
  _id: new ObjectId('6a8ae1a34e390eec88528723')
},{
  material: new ObjectId('6a3e24312f2b2f71f964fd82'),
  percentage: 1.09,
  _id: new ObjectId('6a8ae1a34e390eec88528724')
},{
  material: new ObjectId('6a3e242f2f2b2f71f964fd46'),
  percentage: 37.01,
  _id: new ObjectId('6a8ae1a34e390eec88528721')
}
CK-1,CK1,roll-on,3.5,150,3.5,0,0,127.75,true,Unisex fresh citrus fragrance with green notes. A timeless daytime scent.,light,daytime,citrus fresh green,6a3e242d2f2b2f71f964fd0c,
CK-1,CK1,roll-on,6,250,6,0,0,165,true,Unisex fresh citrus fragrance with green notes. A timeless daytime scent.,light,daytime,citrus fresh green,6a3e242d2f2b2f71f964fd0c,
CK-1,CK1,roll-on,15,650,15,0,0,205,true,Unisex fresh citrus fragrance with green notes. A timeless daytime scent.,light,daytime,citrus fresh green,6a3e242d2f2b2f71f964fd0c,
CK-1,CK1,roll-on,30,1250,30,0,0,325,true,Unisex fresh citrus fragrance with green notes. A timeless daytime scent.,light,daytime,citrus fresh green,6a3e242d2f2b2f71f964fd0c,
CK-1 Spray,CK1_SP,spray,6,300,3.78,2.2206,0,149.662,true,Unisex fresh citrus fragrance with green notes. A timeless daytime scent.,light,daytime,citrus fresh green,,{
  material: new ObjectId('6a3e242d2f2b2f71f964fd0c'),
  percentage: 48.03,
  _id: new ObjectId('6a8ae19e4e390eec885284d5')
},{
  material: new ObjectId('6a3e24312f2b2f71f964fd73'),
  percentage: 0.97,
  _id: new ObjectId('6a8ae19e4e390eec885284d6')
},{
  material: new ObjectId('6a3e24312f2b2f71f964fd7a'),
  percentage: 0.97,
  _id: new ObjectId('6a8ae19e4e390eec885284d7')
},{
  material: new ObjectId('6a3e24312f2b2f71f964fd82'),
  percentage: 0.97,
  _id: new ObjectId('6a8ae19e4e390eec885284d8')
},{
  material: new ObjectId('6a3e24312f2b2f71f964fd73'),
  percentage: 0.92,
  _id: new ObjectId('6a8ae19e4e390eec885284d9')
},{
  material: new ObjectId('6a3e24312f2b2f71f964fd7a'),
  percentage: 0.92,
  _id: new ObjectId('6a8ae19e4e390eec885284da')
},{
  material: new ObjectId('6a3e24312f2b2f71f964fd82'),
  percentage: 0.92,
  _id: new ObjectId('6a8ae19e4e390eec885284db')
},{
  material: new ObjectId('6a3e24312f2b2f71f964fd73'),
  percentage: 0.98,
  _id: new ObjectId('6a8ae19e4e390eec885284dc')
},{
  material: new ObjectId('6a3e24312f2b2f71f964fd7a'),
  percentage: 0.98,
  _id: new ObjectId('6a8ae19e4e390eec885284dd')
},{
  material: new ObjectId('6a3e24312f2b2f71f964fd82'),
  percentage: 0.98,
  _id: new ObjectId('6a8ae19e4e390eec885284de')
},{
  material: new ObjectId('6a3e24312f2b2f71f964fd73'),
  percentage: 1.03,
  _id: new ObjectId('6a8ae19e4e390eec885284df')
},{
  material: new ObjectId('6a3e24312f2b2f71f964fd7a'),
  percentage: 1.03,
  _id: new ObjectId('6a8ae19e4e390eec885284e0')
},{
  material: new ObjectId('6a3e24312f2b2f71f964fd82'),
  percentage: 1.03,
  _id: new ObjectId('6a8ae19e4e390eec885284e1')
},{
  material: new ObjectId('6a3e24312f2b2f71f964fd73'),
  percentage: 1.09,
  _id: new ObjectId('6a8ae19e4e390eec885284e3')
},{
  material: new ObjectId('6a3e24312f2b2f71f964fd7a'),
  percentage: 1.09,
  _id: new ObjectId('6a8ae19e4e390eec885284e4')
},{
  material: new ObjectId('6a3e24312f2b2f71f964fd82'),
  percentage: 1.09,
  _id: new ObjectId('6a8ae19e4e390eec885284e5')
},{
  material: new ObjectId('6a3e242f2f2b2f71f964fd46'),
  percentage: 37.01,
  _id: new ObjectId('6a8ae19e4e390eec885284e2')
}
CK-1 Spray,CK1_SP,spray,15,700,9.450000000000006,5.5515,0,201.655,true,Unisex fresh citrus fragrance with green notes. A timeless daytime scent.,light,daytime,citrus fresh green,,{
  material: new ObjectId('6a3e242d2f2b2f71f964fd0c'),
  percentage: 48.03,
  _id: new ObjectId('6a8ae19e4e390eec885284d5')
},{
  material: new ObjectId('6a3e24312f2b2f71f964fd73'),
  percentage: 0.97,
  _id: new ObjectId('6a8ae19e4e390eec885284d6')
},{
  material: new ObjectId('6a3e24312f2b2f71f964fd7a'),
  percentage: 0.97,
  _id: new ObjectId('6a8ae19e4e390eec885284d7')
},{
  material: new ObjectId('6a3e24312f2b2f71f964fd82'),
  percentage: 0.97,
  _id: new ObjectId('6a8ae19e4e390eec885284d8')
},{
  material: new ObjectId('6a3e24312f2b2f71f964fd73'),
  percentage: 0.92,
  _id: new ObjectId('6a8ae19e4e390eec885284d9')
},{
  material: new ObjectId('6a3e24312f2b2f71f964fd7a'),
  percentage: 0.92,
  _id: new ObjectId('6a8ae19e4e390eec885284da')
},{
  material: new ObjectId('6a3e24312f2b2f71f964fd82'),
  percentage: 0.92,
  _id: new ObjectId('6a8ae19e4e390eec885284db')
},{
  material: new ObjectId('6a3e24312f2b2f71f964fd73'),
  percentage: 0.98,
  _id: new ObjectId('6a8ae19e4e390eec885284dc')
},{
  material: new ObjectId('6a3e24312f2b2f71f964fd7a'),
  percentage: 0.98,
  _id: new ObjectId('6a8ae19e4e390eec885284dd')
},{
  material: new ObjectId('6a3e24312f2b2f71f964fd82'),
  percentage: 0.98,
  _id: new ObjectId('6a8ae19e4e390eec885284de')
},{
  material: new ObjectId('6a3e24312f2b2f71f964fd73'),
  percentage: 1.03,
  _id: new ObjectId('6a8ae19e4e390eec885284df')
},{
  material: new ObjectId('6a3e24312f2b2f71f964fd7a'),
  percentage: 1.03,
  _id: new ObjectId('6a8ae19e4e390eec885284e0')
},{
  material: new ObjectId('6a3e24312f2b2f71f964fd82'),
  percentage: 1.03,
  _id: new ObjectId('6a8ae19e4e390eec885284e1')
},{
  material: new ObjectId('6a3e24312f2b2f71f964fd73'),
  percentage: 1.09,
  _id: new ObjectId('6a8ae19e4e390eec885284e3')
},{
  material: new ObjectId('6a3e24312f2b2f71f964fd7a'),
  percentage: 1.09,
  _id: new ObjectId('6a8ae19e4e390eec885284e4')
},{
  material: new ObjectId('6a3e24312f2b2f71f964fd82'),
  percentage: 1.09,
  _id: new ObjectId('6a8ae19e4e390eec885284e5')
},{
  material: new ObjectId('6a3e242f2f2b2f71f964fd46'),
  percentage: 37.01,
  _id: new ObjectId('6a8ae19e4e390eec885284e2')
}
CK-1 Spray,CK1_SP,spray,30,1000,18.900000000000013,11.103,0,348.31,true,Unisex fresh citrus fragrance with green notes. A timeless daytime scent.,light,daytime,citrus fresh green,,{
  material: new ObjectId('6a3e242d2f2b2f71f964fd0c'),
  percentage: 48.03,
  _id: new ObjectId('6a8ae19e4e390eec885284d5')
},{
  material: new ObjectId('6a3e24312f2b2f71f964fd73'),
  percentage: 0.97,
  _id: new ObjectId('6a8ae19e4e390eec885284d6')
},{
  material: new ObjectId('6a3e24312f2b2f71f964fd7a'),
  percentage: 0.97,
  _id: new ObjectId('6a8ae19e4e390eec885284d7')
},{
  material: new ObjectId('6a3e24312f2b2f71f964fd82'),
  percentage: 0.97,
  _id: new ObjectId('6a8ae19e4e390eec885284d8')
},{
  material: new ObjectId('6a3e24312f2b2f71f964fd73'),
  percentage: 0.92,
  _id: new ObjectId('6a8ae19e4e390eec885284d9')
},{
  material: new ObjectId('6a3e24312f2b2f71f964fd7a'),
  percentage: 0.92,
  _id: new ObjectId('6a8ae19e4e390eec885284da')
},{
  material: new ObjectId('6a3e24312f2b2f71f964fd82'),
  percentage: 0.92,
  _id: new ObjectId('6a8ae19e4e390eec885284db')
},{
  material: new ObjectId('6a3e24312f2b2f71f964fd73'),
  percentage: 0.98,
  _id: new ObjectId('6a8ae19e4e390eec885284dc')
},{
  material: new ObjectId('6a3e24312f2b2f71f964fd7a'),
  percentage: 0.98,
  _id: new ObjectId('6a8ae19e4e390eec885284dd')
},{
  material: new ObjectId('6a3e24312f2b2f71f964fd82'),
  percentage: 0.98,
  _id: new ObjectId('6a8ae19e4e390eec885284de')
},{
  material: new ObjectId('6a3e24312f2b2f71f964fd73'),
  percentage: 1.03,
  _id: new ObjectId('6a8ae19e4e390eec885284df')
},{
  material: new ObjectId('6a3e24312f2b2f71f964fd7a'),
  percentage: 1.03,
  _id: new ObjectId('6a8ae19e4e390eec885284e0')
},{
  material: new ObjectId('6a3e24312f2b2f71f964fd82'),
  percentage: 1.03,
  _id: new ObjectId('6a8ae19e4e390eec885284e1')
},{
  material: new ObjectId('6a3e24312f2b2f71f964fd73'),
  percentage: 1.09,
  _id: new ObjectId('6a8ae19e4e390eec885284e3')
},{
  material: new ObjectId('6a3e24312f2b2f71f964fd7a'),
  percentage: 1.09,
  _id: new ObjectId('6a8ae19e4e390eec885284e4')
},{
  material: new ObjectId('6a3e24312f2b2f71f964fd82'),
  percentage: 1.09,
  _id: new ObjectId('6a8ae19e4e390eec885284e5')
},{
  material: new ObjectId('6a3e242f2f2b2f71f964fd46'),
  percentage: 37.01,
  _id: new ObjectId('6a8ae19e4e390eec885284e2')
}
CK-1 Spray,CK1_SP,spray,50,1300,31.500000000000004,18.505,0,463.85,true,Unisex fresh citrus fragrance with green notes. A timeless daytime scent.,light,daytime,citrus fresh green,,{
  material: new ObjectId('6a3e242d2f2b2f71f964fd0c'),
  percentage: 48.03,
  _id: new ObjectId('6a8ae19e4e390eec885284d5')
},{
  material: new ObjectId('6a3e24312f2b2f71f964fd73'),
  percentage: 0.97,
  _id: new ObjectId('6a8ae19e4e390eec885284d6')
},{
  material: new ObjectId('6a3e24312f2b2f71f964fd7a'),
  percentage: 0.97,
  _id: new ObjectId('6a8ae19e4e390eec885284d7')
},{
  material: new ObjectId('6a3e24312f2b2f71f964fd82'),
  percentage: 0.97,
  _id: new ObjectId('6a8ae19e4e390eec885284d8')
},{
  material: new ObjectId('6a3e24312f2b2f71f964fd73'),
  percentage: 0.92,
  _id: new ObjectId('6a8ae19e4e390eec885284d9')
},{
  material: new ObjectId('6a3e24312f2b2f71f964fd7a'),
  percentage: 0.92,
  _id: new ObjectId('6a8ae19e4e390eec885284da')
},{
  material: new ObjectId('6a3e24312f2b2f71f964fd82'),
  percentage: 0.92,
  _id: new ObjectId('6a8ae19e4e390eec885284db')
},{
  material: new ObjectId('6a3e24312f2b2f71f964fd73'),
  percentage: 0.98,
  _id: new ObjectId('6a8ae19e4e390eec885284dc')
},{
  material: new ObjectId('6a3e24312f2b2f71f964fd7a'),
  percentage: 0.98,
  _id: new ObjectId('6a8ae19e4e390eec885284dd')
},{
  material: new ObjectId('6a3e24312f2b2f71f964fd82'),
  percentage: 0.98,
  _id: new ObjectId('6a8ae19e4e390eec885284de')
},{
  material: new ObjectId('6a3e24312f2b2f71f964fd73'),
  percentage: 1.03,
  _id: new ObjectId('6a8ae19e4e390eec885284df')
},{
  material: new ObjectId('6a3e24312f2b2f71f964fd7a'),
  percentage: 1.03,
  _id: new ObjectId('6a8ae19e4e390eec885284e0')
},{
  material: new ObjectId('6a3e24312f2b2f71f964fd82'),
  percentage: 1.03,
  _id: new ObjectId('6a8ae19e4e390eec885284e1')
},{
  material: new ObjectId('6a3e24312f2b2f71f964fd73'),
  percentage: 1.09,
  _id: new ObjectId('6a8ae19e4e390eec885284e3')
},{
  material: new ObjectId('6a3e24312f2b2f71f964fd7a'),
  percentage: 1.09,
  _id: new ObjectId('6a8ae19e4e390eec885284e4')
},{
  material: new ObjectId('6a3e24312f2b2f71f964fd82'),
  percentage: 1.09,
  _id: new ObjectId('6a8ae19e4e390eec885284e5')
},{
  material: new ObjectId('6a3e242f2f2b2f71f964fd46'),
  percentage: 37.01,
  _id: new ObjectId('6a8ae19e4e390eec885284e2')
}
CK-1 Spray,CK1_SP,spray,100,1700,63.00000000000001,37.01,0,742.7,true,Unisex fresh citrus fragrance with green notes. A timeless daytime scent.,light,daytime,citrus fresh green,,{
  material: new ObjectId('6a3e242d2f2b2f71f964fd0c'),
  percentage: 48.03,
  _id: new ObjectId('6a8ae19e4e390eec885284d5')
},{
  material: new ObjectId('6a3e24312f2b2f71f964fd73'),
  percentage: 0.97,
  _id: new ObjectId('6a8ae19e4e390eec885284d6')
},{
  material: new ObjectId('6a3e24312f2b2f71f964fd7a'),
  percentage: 0.97,
  _id: new ObjectId('6a8ae19e4e390eec885284d7')
},{
  material: new ObjectId('6a3e24312f2b2f71f964fd82'),
  percentage: 0.97,
  _id: new ObjectId('6a8ae19e4e390eec885284d8')
},{
  material: new ObjectId('6a3e24312f2b2f71f964fd73'),
  percentage: 0.92,
  _id: new ObjectId('6a8ae19e4e390eec885284d9')
},{
  material: new ObjectId('6a3e24312f2b2f71f964fd7a'),
  percentage: 0.92,
  _id: new ObjectId('6a8ae19e4e390eec885284da')
},{
  material: new ObjectId('6a3e24312f2b2f71f964fd82'),
  percentage: 0.92,
  _id: new ObjectId('6a8ae19e4e390eec885284db')
},{
  material: new ObjectId('6a3e24312f2b2f71f964fd73'),
  percentage: 0.98,
  _id: new ObjectId('6a8ae19e4e390eec885284dc')
},{
  material: new ObjectId('6a3e24312f2b2f71f964fd7a'),
  percentage: 0.98,
  _id: new ObjectId('6a8ae19e4e390eec885284dd')
},{
  material: new ObjectId('6a3e24312f2b2f71f964fd82'),
  percentage: 0.98,
  _id: new ObjectId('6a8ae19e4e390eec885284de')
},{
  material: new ObjectId('6a3e24312f2b2f71f964fd73'),
  percentage: 1.03,
  _id: new ObjectId('6a8ae19e4e390eec885284df')
},{
  material: new ObjectId('6a3e24312f2b2f71f964fd7a'),
  percentage: 1.03,
  _id: new ObjectId('6a8ae19e4e390eec885284e0')
},{
  material: new ObjectId('6a3e24312f2b2f71f964fd82'),
  percentage: 1.03,
  _id: new ObjectId('6a8ae19e4e390eec885284e1')
},{
  material: new ObjectId('6a3e24312f2b2f71f964fd73'),
  percentage: 1.09,
  _id: new ObjectId('6a8ae19e4e390eec885284e3')
},{
  material: new ObjectId('6a3e24312f2b2f71f964fd7a'),
  percentage: 1.09,
  _id: new ObjectId('6a8ae19e4e390eec885284e4')
},{
  material: new ObjectId('6a3e24312f2b2f71f964fd82'),
  percentage: 1.09,
  _id: new ObjectId('6a8ae19e4e390eec885284e5')
},{
  material: new ObjectId('6a3e242f2f2b2f71f964fd46'),
  percentage: 37.01,
  _id: new ObjectId('6a8ae19e4e390eec885284e2')
}
Chanel chance,ChaCha,roll-on,3.5,180,3.5,0,0,0,true,Fresh floral fragrance for any occasion. Light and elegant.,medium,all,floral fresh,6a3e242f2f2b2f71f964fd43,
Chanel chance,ChaCha,roll-on,6,280,6,0,0,0,true,Fresh floral fragrance for any occasion. Light and elegant.,medium,all,floral fresh,6a3e242f2f2b2f71f964fd43,
Chanel chance,ChaCha,roll-on,15,750,15,0,0,0,true,Fresh floral fragrance for any occasion. Light and elegant.,medium,all,floral fresh,6a3e242f2f2b2f71f964fd43,
Chanel chance,ChaCha,roll-on,30,1500,30,0,0,0,true,Fresh floral fragrance for any occasion. Light and elegant.,medium,all,floral fresh,6a3e242f2f2b2f71f964fd43,
Chanel chance Spray,ChaCha_SP,spray,6,330,3.78,2.2206,0,0,true,Fresh floral fragrance for any occasion. Light and elegant.,medium,all,floral fresh,,{
  material: new ObjectId('6a3e242f2f2b2f71f964fd43'),
  percentage: 48.03,
  _id: new ObjectId('6a8ae1a24e390eec885286e2')
},{
  material: new ObjectId('6a3e24312f2b2f71f964fd73'),
  percentage: 0.97,
  _id: new ObjectId('6a8ae1a24e390eec885286e3')
},{
  material: new ObjectId('6a3e24312f2b2f71f964fd7a'),
  percentage: 0.97,
  _id: new ObjectId('6a8ae1a24e390eec885286e4')
},{
  material: new ObjectId('6a3e24312f2b2f71f964fd82'),
  percentage: 0.97,
  _id: new ObjectId('6a8ae1a24e390eec885286e5')
},{
  material: new ObjectId('6a3e24312f2b2f71f964fd73'),
  percentage: 0.92,
  _id: new ObjectId('6a8ae1a24e390eec885286e6')
},{
  material: new ObjectId('6a3e24312f2b2f71f964fd7a'),
  percentage: 0.92,
  _id: new ObjectId('6a8ae1a24e390eec885286e7')
},{
  material: new ObjectId('6a3e24312f2b2f71f964fd82'),
  percentage: 0.92,
  _id: new ObjectId('6a8ae1a24e390eec885286e8')
},{
  material: new ObjectId('6a3e24312f2b2f71f964fd73'),
  percentage: 0.98,
  _id: new ObjectId('6a8ae1a24e390eec885286e9')
},{
  material: new ObjectId('6a3e24312f2b2f71f964fd7a'),
  percentage: 0.98,
  _id: new ObjectId('6a8ae1a24e390eec885286ea')
},{
  material: new ObjectId('6a3e24312f2b2f71f964fd82'),
  percentage: 0.98,
  _id: new ObjectId('6a8ae1a24e390eec885286eb')
},{
  material: new ObjectId('6a3e24312f2b2f71f964fd73'),
  percentage: 1.03,
  _id: new ObjectId('6a8ae1a24e390eec885286ec')
},{
  material: new ObjectId('6a3e24312f2b2f71f964fd7a'),
  percentage: 1.03,
  _id: new ObjectId('6a8ae1a24e390eec885286ed')
},{
  material: new ObjectId('6a3e24312f2b2f71f964fd82'),
  percentage: 1.03,
  _id: new ObjectId('6a8ae1a24e390eec885286ee')
},{
  material: new ObjectId('6a3e24312f2b2f71f964fd73'),
  percentage: 1.09,
  _id: new ObjectId('6a8ae1a24e390eec885286f0')
},{
  material: new ObjectId('6a3e24312f2b2f71f964fd7a'),
  percentage: 1.09,
  _id: new ObjectId('6a8ae1a24e390eec885286f1')
},{
  material: new ObjectId('6a3e24312f2b2f71f964fd82'),
  percentage: 1.09,
  _id: new ObjectId('6a8ae1a24e390eec885286f2')
},{
  material: new ObjectId('6a3e242f2f2b2f71f964fd46'),
  percentage: 37.01,
  _id: new ObjectId('6a8ae1a24e390eec885286ef')
}
Chanel chance Spray,ChaCha_SP,spray,15,780,9.450000000000006,5.5515,0,0,true,Fresh floral fragrance for any occasion. Light and elegant.,medium,all,floral fresh,,{
  material: new ObjectId('6a3e242f2f2b2f71f964fd43'),
  percentage: 48.03,
  _id: new ObjectId('6a8ae1a24e390eec885286e2')
},{
  material: new ObjectId('6a3e24312f2b2f71f964fd73'),
  percentage: 0.97,
  _id: new ObjectId('6a8ae1a24e390eec885286e3')
},{
  material: new ObjectId('6a3e24312f2b2f71f964fd7a'),
  percentage: 0.97,
  _id: new ObjectId('6a8ae1a24e390eec885286e4')
},{
  material: new ObjectId('6a3e24312f2b2f71f964fd82'),
  percentage: 0.97,
  _id: new ObjectId('6a8ae1a24e390eec885286e5')
},{
  material: new ObjectId('6a3e24312f2b2f71f964fd73'),
  percentage: 0.92,
  _id: new ObjectId('6a8ae1a24e390eec885286e6')
},{
  material: new ObjectId('6a3e24312f2b2f71f964fd7a'),
  percentage: 0.92,
  _id: new ObjectId('6a8ae1a24e390eec885286e7')
},{
  material: new ObjectId('6a3e24312f2b2f71f964fd82'),
  percentage: 0.92,
  _id: new ObjectId('6a8ae1a24e390eec885286e8')
},{
  material: new ObjectId('6a3e24312f2b2f71f964fd73'),
  percentage: 0.98,
  _id: new ObjectId('6a8ae1a24e390eec885286e9')
},{
  material: new ObjectId('6a3e24312f2b2f71f964fd7a'),
  percentage: 0.98,
  _id: new ObjectId('6a8ae1a24e390eec885286ea')
},{
  material: new ObjectId('6a3e24312f2b2f71f964fd82'),
  percentage: 0.98,
  _id: new ObjectId('6a8ae1a24e390eec885286eb')
},{
  material: new ObjectId('6a3e24312f2b2f71f964fd73'),
  percentage: 1.03,
  _id: new ObjectId('6a8ae1a24e390eec885286ec')
},{
  material: new ObjectId('6a3e24312f2b2f71f964fd7a'),
  percentage: 1.03,
  _id: new ObjectId('6a8ae1a24e390eec885286ed')
},{
  material: new ObjectId('6a3e24312f2b2f71f964fd82'),
  percentage: 1.03,
  _id: new ObjectId('6a8ae1a24e390eec885286ee')
},{
  material: new ObjectId('6a3e24312f2b2f71f964fd73'),
  percentage: 1.09,
  _id: new ObjectId('6a8ae1a24e390eec885286f0')
},{
  material: new ObjectId('6a3e24312f2b2f71f964fd7a'),
  percentage: 1.09,
  _id: new ObjectId('6a8ae1a24e390eec885286f1')
},{
  material: new ObjectId('6a3e24312f2b2f71f964fd82'),
  percentage: 1.09,
  _id: new ObjectId('6a8ae1a24e390eec885286f2')
},{
  material: new ObjectId('6a3e242f2f2b2f71f964fd46'),
  percentage: 37.01,
  _id: new ObjectId('6a8ae1a24e390eec885286ef')
}
Chanel chance Spray,ChaCha_SP,spray,30,1050,18.900000000000013,11.103,0,0,true,Fresh floral fragrance for any occasion. Light and elegant.,medium,all,floral fresh,,{
  material: new ObjectId('6a3e242f2f2b2f71f964fd43'),
  percentage: 48.03,
  _id: new ObjectId('6a8ae1a24e390eec885286e2')
},{
  material: new ObjectId('6a3e24312f2b2f71f964fd73'),
  percentage: 0.97,
  _id: new ObjectId('6a8ae1a24e390eec885286e3')
},{
  material: new ObjectId('6a3e24312f2b2f71f964fd7a'),
  percentage: 0.97,
  _id: new ObjectId('6a8ae1a24e390eec885286e4')
},{
  material: new ObjectId('6a3e24312f2b2f71f964fd82'),
  percentage: 0.97,
  _id: new ObjectId('6a8ae1a24e390eec885286e5')
},{
  material: new ObjectId('6a3e24312f2b2f71f964fd73'),
  percentage: 0.92,
  _id: new ObjectId('6a8ae1a24e390eec885286e6')
},{
  material: new ObjectId('6a3e24312f2b2f71f964fd7a'),
  percentage: 0.92,
  _id: new ObjectId('6a8ae1a24e390eec885286e7')
},{
  material: new ObjectId('6a3e24312f2b2f71f964fd82'),
  percentage: 0.92,
  _id: new ObjectId('6a8ae1a24e390eec885286e8')
},{
  material: new ObjectId('6a3e24312f2b2f71f964fd73'),
  percentage: 0.98,
  _id: new ObjectId('6a8ae1a24e390eec885286e9')
},{
  material: new ObjectId('6a3e24312f2b2f71f964fd7a'),
  percentage: 0.98,
  _id: new ObjectId('6a8ae1a24e390eec885286ea')
},{
  material: new ObjectId('6a3e24312f2b2f71f964fd82'),
  percentage: 0.98,
  _id: new ObjectId('6a8ae1a24e390eec885286eb')
},{
  material: new ObjectId('6a3e24312f2b2f71f964fd73'),
  percentage: 1.03,
  _id: new ObjectId('6a8ae1a24e390eec885286ec')
},{
  material: new ObjectId('6a3e24312f2b2f71f964fd7a'),
  percentage: 1.03,
  _id: new ObjectId('6a8ae1a24e390eec885286ed')
},{
  material: new ObjectId('6a3e24312f2b2f71f964fd82'),
  percentage: 1.03,
  _id: new ObjectId('6a8ae1a24e390eec885286ee')
},{
  material: new ObjectId('6a3e24312f2b2f71f964fd73'),
  percentage: 1.09,
  _id: new ObjectId('6a8ae1a24e390eec885286f0')
},{
  material: new ObjectId('6a3e24312f2b2f71f964fd7a'),
  percentage: 1.09,
  _id: new ObjectId('6a8ae1a24e390eec885286f1')
},{
  material: new ObjectId('6a3e24312f2b2f71f964fd82'),
  percentage: 1.09,
  _id: new ObjectId('6a8ae1a24e390eec885286f2')
},{
  material: new ObjectId('6a3e242f2f2b2f71f964fd46'),
  percentage: 37.01,
  _id: new ObjectId('6a8ae1a24e390eec885286ef')
}
Chanel chance Spray,ChaCha_SP,spray,50,1300,31.500000000000004,18.505,0,0,true,Fresh floral fragrance for any occasion. Light and elegant.,medium,all,floral fresh,,{
  material: new ObjectId('6a3e242f2f2b2f71f964fd43'),
  percentage: 48.03,
  _id: new ObjectId('6a8ae1a24e390eec885286e2')
},{
  material: new ObjectId('6a3e24312f2b2f71f964fd73'),
  percentage: 0.97,
  _id: new ObjectId('6a8ae1a24e390eec885286e3')
},{
  material: new ObjectId('6a3e24312f2b2f71f964fd7a'),
  percentage: 0.97,
  _id: new ObjectId('6a8ae1a24e390eec885286e4')
},{
  material: new ObjectId('6a3e24312f2b2f71f964fd82'),
  percentage: 0.97,
  _id: new ObjectId('6a8ae1a24e390eec885286e5')
},{
  material: new ObjectId('6a3e24312f2b2f71f964fd73'),
  percentage: 0.92,
  _id: new ObjectId('6a8ae1a24e390eec885286e6')
},{
  material: new ObjectId('6a3e24312f2b2f71f964fd7a'),
  percentage: 0.92,
  _id: new ObjectId('6a8ae1a24e390eec885286e7')
},{
  material: new ObjectId('6a3e24312f2b2f71f964fd82'),
  percentage: 0.92,
  _id: new ObjectId('6a8ae1a24e390eec885286e8')
},{
  material: new ObjectId('6a3e24312f2b2f71f964fd73'),
  percentage: 0.98,
  _id: new ObjectId('6a8ae1a24e390eec885286e9')
},{
  material: new ObjectId('6a3e24312f2b2f71f964fd7a'),
  percentage: 0.98,
  _id: new ObjectId('6a8ae1a24e390eec885286ea')
},{
  material: new ObjectId('6a3e24312f2b2f71f964fd82'),
  percentage: 0.98,
  _id: new ObjectId('6a8ae1a24e390eec885286eb')
},{
  material: new ObjectId('6a3e24312f2b2f71f964fd73'),
  percentage: 1.03,
  _id: new ObjectId('6a8ae1a24e390eec885286ec')
},{
  material: new ObjectId('6a3e24312f2b2f71f964fd7a'),
  percentage: 1.03,
  _id: new ObjectId('6a8ae1a24e390eec885286ed')
},{
  material: new ObjectId('6a3e24312f2b2f71f964fd82'),
  percentage: 1.03,
  _id: new ObjectId('6a8ae1a24e390eec885286ee')
},{
  material: new ObjectId('6a3e24312f2b2f71f964fd73'),
  percentage: 1.09,
  _id: new ObjectId('6a8ae1a24e390eec885286f0')
},{
  material: new ObjectId('6a3e24312f2b2f71f964fd7a'),
  percentage: 1.09,
  _id: new ObjectId('6a8ae1a24e390eec885286f1')
},{
  material: new ObjectId('6a3e24312f2b2f71f964fd82'),
  percentage: 1.09,
  _id: new ObjectId('6a8ae1a24e390eec885286f2')
},{
  material: new ObjectId('6a3e242f2f2b2f71f964fd46'),
  percentage: 37.01,
  _id: new ObjectId('6a8ae1a24e390eec885286ef')
}
Chanel chance Spray,ChaCha_SP,spray,100,1650,63.00000000000001,37.01,0,0,true,Fresh floral fragrance for any occasion. Light and elegant.,medium,all,floral fresh,,{
  material: new ObjectId('6a3e242f2f2b2f71f964fd43'),
  percentage: 48.03,
  _id: new ObjectId('6a8ae1a24e390eec885286e2')
},{
  material: new ObjectId('6a3e24312f2b2f71f964fd73'),
  percentage: 0.97,
  _id: new ObjectId('6a8ae1a24e390eec885286e3')
},{
  material: new ObjectId('6a3e24312f2b2f71f964fd7a'),
  percentage: 0.97,
  _id: new ObjectId('6a8ae1a24e390eec885286e4')
},{
  material: new ObjectId('6a3e24312f2b2f71f964fd82'),
  percentage: 0.97,
  _id: new ObjectId('6a8ae1a24e390eec885286e5')
},{
  material: new ObjectId('6a3e24312f2b2f71f964fd73'),
  percentage: 0.92,
  _id: new ObjectId('6a8ae1a24e390eec885286e6')
},{
  material: new ObjectId('6a3e24312f2b2f71f964fd7a'),
  percentage: 0.92,
  _id: new ObjectId('6a8ae1a24e390eec885286e7')
},{
  material: new ObjectId('6a3e24312f2b2f71f964fd82'),
  percentage: 0.92,
  _id: new ObjectId('6a8ae1a24e390eec885286e8')
},{
  material: new ObjectId('6a3e24312f2b2f71f964fd73'),
  percentage: 0.98,
  _id: new ObjectId('6a8ae1a24e390eec885286e9')
},{
  material: new ObjectId('6a3e24312f2b2f71f964fd7a'),
  percentage: 0.98,
  _id: new ObjectId('6a8ae1a24e390eec885286ea')
},{
  material: new ObjectId('6a3e24312f2b2f71f964fd82'),
  percentage: 0.98,
  _id: new ObjectId('6a8ae1a24e390eec885286eb')
},{
  material: new ObjectId('6a3e24312f2b2f71f964fd73'),
  percentage: 1.03,
  _id: new ObjectId('6a8ae1a24e390eec885286ec')
},{
  material: new ObjectId('6a3e24312f2b2f71f964fd7a'),
  percentage: 1.03,
  _id: new ObjectId('6a8ae1a24e390eec885286ed')
},{
  material: new ObjectId('6a3e24312f2b2f71f964fd82'),
  percentage: 1.03,
  _id: new ObjectId('6a8ae1a24e390eec885286ee')
},{
  material: new ObjectId('6a3e24312f2b2f71f964fd73'),
  percentage: 1.09,
  _id: new ObjectId('6a8ae1a24e390eec885286f0')
},{
  material: new ObjectId('6a3e24312f2b2f71f964fd7a'),
  percentage: 1.09,
  _id: new ObjectId('6a8ae1a24e390eec885286f1')
},{
  material: new ObjectId('6a3e24312f2b2f71f964fd82'),
  percentage: 1.09,
  _id: new ObjectId('6a8ae1a24e390eec885286f2')
},{
  material: new ObjectId('6a3e242f2f2b2f71f964fd46'),
  percentage: 37.01,
  _id: new ObjectId('6a8ae1a24e390eec885286ef')
}
Chocolate,CoCo,roll-on,3.5,150,3.5,0,0,0,true,Light gourmand sweet fragrance. Delicious and comforting.,light,daytime,gourmand sweet,6a3e242f2f2b2f71f964fd4a,
Chocolate,CoCo,roll-on,6,250,6,0,0,0,true,Light gourmand sweet fragrance. Delicious and comforting.,light,daytime,gourmand sweet,6a3e242f2f2b2f71f964fd4a,
Chocolate,CoCo,roll-on,15,650,15,0,0,0,true,Light gourmand sweet fragrance. Delicious and comforting.,light,daytime,gourmand sweet,6a3e242f2f2b2f71f964fd4a,
Chocolate,CoCo,roll-on,30,1250,30,0,0,0,true,Light gourmand sweet fragrance. Delicious and comforting.,light,daytime,gourmand sweet,6a3e242f2f2b2f71f964fd4a,
Chocolate Spray,CoCo_SP,spray,6,300,3.78,2.2206,0,0,true,Light gourmand sweet fragrance. Delicious and comforting.,light,daytime,gourmand sweet,,{
  material: new ObjectId('6a3e242f2f2b2f71f964fd4a'),
  percentage: 48.03,
  _id: new ObjectId('6a8ae1a24e390eec885286fb')
},{
  material: new ObjectId('6a3e24312f2b2f71f964fd73'),
  percentage: 0.97,
  _id: new ObjectId('6a8ae1a24e390eec885286fc')
},{
  material: new ObjectId('6a3e24312f2b2f71f964fd7a'),
  percentage: 0.97,
  _id: new ObjectId('6a8ae1a24e390eec885286fd')
},{
  material: new ObjectId('6a3e24312f2b2f71f964fd82'),
  percentage: 0.97,
  _id: new ObjectId('6a8ae1a24e390eec885286fe')
},{
  material: new ObjectId('6a3e24312f2b2f71f964fd73'),
  percentage: 0.92,
  _id: new ObjectId('6a8ae1a24e390eec885286ff')
},{
  material: new ObjectId('6a3e24312f2b2f71f964fd7a'),
  percentage: 0.92,
  _id: new ObjectId('6a8ae1a24e390eec88528700')
},{
  material: new ObjectId('6a3e24312f2b2f71f964fd82'),
  percentage: 0.92,
  _id: new ObjectId('6a8ae1a24e390eec88528701')
},{
  material: new ObjectId('6a3e24312f2b2f71f964fd73'),
  percentage: 0.98,
  _id: new ObjectId('6a8ae1a24e390eec88528702')
},{
  material: new ObjectId('6a3e24312f2b2f71f964fd7a'),
  percentage: 0.98,
  _id: new ObjectId('6a8ae1a24e390eec88528703')
},{
  material: new ObjectId('6a3e24312f2b2f71f964fd82'),
  percentage: 0.98,
  _id: new ObjectId('6a8ae1a24e390eec88528704')
},{
  material: new ObjectId('6a3e24312f2b2f71f964fd73'),
  percentage: 1.03,
  _id: new ObjectId('6a8ae1a24e390eec88528705')
},{
  material: new ObjectId('6a3e24312f2b2f71f964fd7a'),
  percentage: 1.03,
  _id: new ObjectId('6a8ae1a24e390eec88528706')
},{
  material: new ObjectId('6a3e24312f2b2f71f964fd82'),
  percentage: 1.03,
  _id: new ObjectId('6a8ae1a24e390eec88528707')
},{
  material: new ObjectId('6a3e24312f2b2f71f964fd73'),
  percentage: 1.09,
  _id: new ObjectId('6a8ae1a24e390eec88528709')
},{
  material: new ObjectId('6a3e24312f2b2f71f964fd7a'),
  percentage: 1.09,
  _id: new ObjectId('6a8ae1a24e390eec8852870a')
},{
  material: new ObjectId('6a3e24312f2b2f71f964fd82'),
  percentage: 1.09,
  _id: new ObjectId('6a8ae1a24e390eec8852870b')
},{
  material: new ObjectId('6a3e242f2f2b2f71f964fd46'),
  percentage: 37.01,
  _id: new ObjectId('6a8ae1a24e390eec88528708')
}
Chocolate Spray,CoCo_SP,spray,15,700,9.450000000000006,5.5515,0,0,true,Light gourmand sweet fragrance. Delicious and comforting.,light,daytime,gourmand sweet,,{
  material: new ObjectId('6a3e242f2f2b2f71f964fd4a'),
  percentage: 48.03,
  _id: new ObjectId('6a8ae1a24e390eec885286fb')
},{
  material: new ObjectId('6a3e24312f2b2f71f964fd73'),
  percentage: 0.97,
  _id: new ObjectId('6a8ae1a24e390eec885286fc')
},{
  material: new ObjectId('6a3e24312f2b2f71f964fd7a'),
  percentage: 0.97,
  _id: new ObjectId('6a8ae1a24e390eec885286fd')
},{
  material: new ObjectId('6a3e24312f2b2f71f964fd82'),
  percentage: 0.97,
  _id: new ObjectId('6a8ae1a24e390eec885286fe')
},{
  material: new ObjectId('6a3e24312f2b2f71f964fd73'),
  percentage: 0.92,
  _id: new ObjectId('6a8ae1a24e390eec885286ff')
},{
  material: new ObjectId('6a3e24312f2b2f71f964fd7a'),
  percentage: 0.92,
  _id: new ObjectId('6a8ae1a24e390eec88528700')
},{
  material: new ObjectId('6a3e24312f2b2f71f964fd82'),
  percentage: 0.92,
  _id: new ObjectId('6a8ae1a24e390eec88528701')
},{
  material: new ObjectId('6a3e24312f2b2f71f964fd73'),
  percentage: 0.98,
  _id: new ObjectId('6a8ae1a24e390eec88528702')
},{
  material: new ObjectId('6a3e24312f2b2f71f964fd7a'),
  percentage: 0.98,
  _id: new ObjectId('6a8ae1a24e390eec88528703')
},{
  material: new ObjectId('6a3e24312f2b2f71f964fd82'),
  percentage: 0.98,
  _id: new ObjectId('6a8ae1a24e390eec88528704')
},{
  material: new ObjectId('6a3e24312f2b2f71f964fd73'),
  percentage: 1.03,
  _id: new ObjectId('6a8ae1a24e390eec88528705')
},{
  material: new ObjectId('6a3e24312f2b2f71f964fd7a'),
  percentage: 1.03,
  _id: new ObjectId('6a8ae1a24e390eec88528706')
},{
  material: new ObjectId('6a3e24312f2b2f71f964fd82'),
  percentage: 1.03,
  _id: new ObjectId('6a8ae1a24e390eec88528707')
},{
  material: new ObjectId('6a3e24312f2b2f71f964fd73'),
  percentage: 1.09,
  _id: new ObjectId('6a8ae1a24e390eec88528709')
},{
  material: new ObjectId('6a3e24312f2b2f71f964fd7a'),
  percentage: 1.09,
  _id: new ObjectId('6a8ae1a24e390eec8852870a')
},{
  material: new ObjectId('6a3e24312f2b2f71f964fd82'),
  percentage: 1.09,
  _id: new ObjectId('6a8ae1a24e390eec8852870b')
},{
  material: new ObjectId('6a3e242f2f2b2f71f964fd46'),
  percentage: 37.01,
  _id: new ObjectId('6a8ae1a24e390eec88528708')
}
Chocolate Spray,CoCo_SP,spray,30,1000,18.900000000000013,11.103,0,0,true,Light gourmand sweet fragrance. Delicious and comforting.,light,daytime,gourmand sweet,,{
  material: new ObjectId('6a3e242f2f2b2f71f964fd4a'),
  percentage: 48.03,
  _id: new ObjectId('6a8ae1a24e390eec885286fb')
},{
  material: new ObjectId('6a3e24312f2b2f71f964fd73'),
  percentage: 0.97,
  _id: new ObjectId('6a8ae1a24e390eec885286fc')
},{
  material: new ObjectId('6a3e24312f2b2f71f964fd7a'),
  percentage: 0.97,
  _id: new ObjectId('6a8ae1a24e390eec885286fd')
},{
  material: new ObjectId('6a3e24312f2b2f71f964fd82'),
  percentage: 0.97,
  _id: new ObjectId('6a8ae1a24e390eec885286fe')
},{
  material: new ObjectId('6a3e24312f2b2f71f964fd73'),
  percentage: 0.92,
  _id: new ObjectId('6a8ae1a24e390eec885286ff')
},{
  material: new ObjectId('6a3e24312f2b2f71f964fd7a'),
  percentage: 0.92,
  _id: new ObjectId('6a8ae1a24e390eec88528700')
},{
  material: new ObjectId('6a3e24312f2b2f71f964fd82'),
  percentage: 0.92,
  _id: new ObjectId('6a8ae1a24e390eec88528701')
},{
  material: new ObjectId('6a3e24312f2b2f71f964fd73'),
  percentage: 0.98,
  _id: new ObjectId('6a8ae1a24e390eec88528702')
},{
  material: new ObjectId('6a3e24312f2b2f71f964fd7a'),
  percentage: 0.98,
  _id: new ObjectId('6a8ae1a24e390eec88528703')
},{
  material: new ObjectId('6a3e24312f2b2f71f964fd82'),
  percentage: 0.98,
  _id: new ObjectId('6a8ae1a24e390eec88528704')
},{
  material: new ObjectId('6a3e24312f2b2f71f964fd73'),
  percentage: 1.03,
  _id: new ObjectId('6a8ae1a24e390eec88528705')
},{
  material: new ObjectId('6a3e24312f2b2f71f964fd7a'),
  percentage: 1.03,
  _id: new ObjectId('6a8ae1a24e390eec88528706')
},{
  material: new ObjectId('6a3e24312f2b2f71f964fd82'),
  percentage: 1.03,
  _id: new ObjectId('6a8ae1a24e390eec88528707')
},{
  material: new ObjectId('6a3e24312f2b2f71f964fd73'),
  percentage: 1.09,
  _id: new ObjectId('6a8ae1a24e390eec88528709')
},{
  material: new ObjectId('6a3e24312f2b2f71f964fd7a'),
  percentage: 1.09,
  _id: new ObjectId('6a8ae1a24e390eec8852870a')
},{
  material: new ObjectId('6a3e24312f2b2f71f964fd82'),
  percentage: 1.09,
  _id: new ObjectId('6a8ae1a24e390eec8852870b')
},{
  material: new ObjectId('6a3e242f2f2b2f71f964fd46'),
  percentage: 37.01,
  _id: new ObjectId('6a8ae1a24e390eec88528708')
}
Chocolate Spray,CoCo_SP,spray,50,1300,31.500000000000004,18.505,0,0,true,Light gourmand sweet fragrance. Delicious and comforting.,light,daytime,gourmand sweet,,{
  material: new ObjectId('6a3e242f2f2b2f71f964fd4a'),
  percentage: 48.03,
  _id: new ObjectId('6a8ae1a24e390eec885286fb')
},{
  material: new ObjectId('6a3e24312f2b2f71f964fd73'),
  percentage: 0.97,
  _id: new ObjectId('6a8ae1a24e390eec885286fc')
},{
  material: new ObjectId('6a3e24312f2b2f71f964fd7a'),
  percentage: 0.97,
  _id: new ObjectId('6a8ae1a24e390eec885286fd')
},{
  material: new ObjectId('6a3e24312f2b2f71f964fd82'),
  percentage: 0.97,
  _id: new ObjectId('6a8ae1a24e390eec885286fe')
},{
  material: new ObjectId('6a3e24312f2b2f71f964fd73'),
  percentage: 0.92,
  _id: new ObjectId('6a8ae1a24e390eec885286ff')
},{
  material: new ObjectId('6a3e24312f2b2f71f964fd7a'),
  percentage: 0.92,
  _id: new ObjectId('6a8ae1a24e390eec88528700')
},{
  material: new ObjectId('6a3e24312f2b2f71f964fd82'),
  percentage: 0.92,
  _id: new ObjectId('6a8ae1a24e390eec88528701')
},{
  material: new ObjectId('6a3e24312f2b2f71f964fd73'),
  percentage: 0.98,
  _id: new ObjectId('6a8ae1a24e390eec88528702')
},{
  material: new ObjectId('6a3e24312f2b2f71f964fd7a'),
  percentage: 0.98,
  _id: new ObjectId('6a8ae1a24e390eec88528703')
},{
  material: new ObjectId('6a3e24312f2b2f71f964fd82'),
  percentage: 0.98,
  _id: new ObjectId('6a8ae1a24e390eec88528704')
},{
  material: new ObjectId('6a3e24312f2b2f71f964fd73'),
  percentage: 1.03,
  _id: new ObjectId('6a8ae1a24e390eec88528705')
},{
  material: new ObjectId('6a3e24312f2b2f71f964fd7a'),
  percentage: 1.03,
  _id: new ObjectId('6a8ae1a24e390eec88528706')
},{
  material: new ObjectId('6a3e24312f2b2f71f964fd82'),
  percentage: 1.03,
  _id: new ObjectId('6a8ae1a24e390eec88528707')
},{
  material: new ObjectId('6a3e24312f2b2f71f964fd73'),
  percentage: 1.09,
  _id: new ObjectId('6a8ae1a24e390eec88528709')
},{
  material: new ObjectId('6a3e24312f2b2f71f964fd7a'),
  percentage: 1.09,
  _id: new ObjectId('6a8ae1a24e390eec8852870a')
},{
  material: new ObjectId('6a3e24312f2b2f71f964fd82'),
  percentage: 1.09,
  _id: new ObjectId('6a8ae1a24e390eec8852870b')
},{
  material: new ObjectId('6a3e242f2f2b2f71f964fd46'),
  percentage: 37.01,
  _id: new ObjectId('6a8ae1a24e390eec88528708')
}
Chocolate Spray,CoCo_SP,spray,100,1700,63.00000000000001,37.01,0,0,true,Light gourmand sweet fragrance. Delicious and comforting.,light,daytime,gourmand sweet,,{
  material: new ObjectId('6a3e242f2f2b2f71f964fd4a'),
  percentage: 48.03,
  _id: new ObjectId('6a8ae1a24e390eec885286fb')
},{
  material: new ObjectId('6a3e24312f2b2f71f964fd73'),
  percentage: 0.97,
  _id: new ObjectId('6a8ae1a24e390eec885286fc')
},{
  material: new ObjectId('6a3e24312f2b2f71f964fd7a'),
  percentage: 0.97,
  _id: new ObjectId('6a8ae1a24e390eec885286fd')
},{
  material: new ObjectId('6a3e24312f2b2f71f964fd82'),
  percentage: 0.97,
  _id: new ObjectId('6a8ae1a24e390eec885286fe')
},{
  material: new ObjectId('6a3e24312f2b2f71f964fd73'),
  percentage: 0.92,
  _id: new ObjectId('6a8ae1a24e390eec885286ff')
},{
  material: new ObjectId('6a3e24312f2b2f71f964fd7a'),
  percentage: 0.92,
  _id: new ObjectId('6a8ae1a24e390eec88528700')
},{
  material: new ObjectId('6a3e24312f2b2f71f964fd82'),
  percentage: 0.92,
  _id: new ObjectId('6a8ae1a24e390eec88528701')
},{
  material: new ObjectId('6a3e24312f2b2f71f964fd73'),
  percentage: 0.98,
  _id: new ObjectId('6a8ae1a24e390eec88528702')
},{
  material: new ObjectId('6a3e24312f2b2f71f964fd7a'),
  percentage: 0.98,
  _id: new ObjectId('6a8ae1a24e390eec88528703')
},{
  material: new ObjectId('6a3e24312f2b2f71f964fd82'),
  percentage: 0.98,
  _id: new ObjectId('6a8ae1a24e390eec88528704')
},{
  material: new ObjectId('6a3e24312f2b2f71f964fd73'),
  percentage: 1.03,
  _id: new ObjectId('6a8ae1a24e390eec88528705')
},{
  material: new ObjectId('6a3e24312f2b2f71f964fd7a'),
  percentage: 1.03,
  _id: new ObjectId('6a8ae1a24e390eec88528706')
},{
  material: new ObjectId('6a3e24312f2b2f71f964fd82'),
  percentage: 1.03,
  _id: new ObjectId('6a8ae1a24e390eec88528707')
},{
  material: new ObjectId('6a3e24312f2b2f71f964fd73'),
  percentage: 1.09,
  _id: new ObjectId('6a8ae1a24e390eec88528709')
},{
  material: new ObjectId('6a3e24312f2b2f71f964fd7a'),
  percentage: 1.09,
  _id: new ObjectId('6a8ae1a24e390eec8852870a')
},{
  material: new ObjectId('6a3e24312f2b2f71f964fd82'),
  percentage: 1.09,
  _id: new ObjectId('6a8ae1a24e390eec8852870b')
},{
  material: new ObjectId('6a3e242f2f2b2f71f964fd46'),
  percentage: 37.01,
  _id: new ObjectId('6a8ae1a24e390eec88528708')
}
Creed Aventus,CreAve,roll-on,3.5,150,3.5,0,0,0,true,Strong fruity woody smoky fragrance. A statement evening scent.,strong,evening,fruity woody smoky,6a3e24302f2b2f71f964fd60,
Creed Aventus,CreAve,roll-on,6,250,6,0,0,0,true,Strong fruity woody smoky fragrance. A statement evening scent.,strong,evening,fruity woody smoky,6a3e24302f2b2f71f964fd60,
Creed Aventus,CreAve,roll-on,15,650,15,0,0,0,true,Strong fruity woody smoky fragrance. A statement evening scent.,strong,evening,fruity woody smoky,6a3e24302f2b2f71f964fd60,
Creed Aventus,CreAve,roll-on,30,1250,30,0,0,0,true,Strong fruity woody smoky fragrance. A statement evening scent.,strong,evening,fruity woody smoky,6a3e24302f2b2f71f964fd60,
Creed Aventus Spray,CreAve_SP,spray,6,300,3.78,2.2206,0,0,true,Strong fruity woody smoky fragrance. A statement evening scent.,strong,evening,fruity woody smoky,,{
  material: new ObjectId('6a3e24302f2b2f71f964fd60'),
  percentage: 48.03,
  _id: new ObjectId('6a8ae1a44e390eec885287dc')
},{
  material: new ObjectId('6a3e24312f2b2f71f964fd73'),
  percentage: 0.97,
  _id: new ObjectId('6a8ae1a44e390eec885287dd')
},{
  material: new ObjectId('6a3e24312f2b2f71f964fd7a'),
  percentage: 0.97,
  _id: new ObjectId('6a8ae1a44e390eec885287de')
},{
  material: new ObjectId('6a3e24312f2b2f71f964fd82'),
  percentage: 0.97,
  _id: new ObjectId('6a8ae1a44e390eec885287df')
},{
  material: new ObjectId('6a3e24312f2b2f71f964fd73'),
  percentage: 0.92,
  _id: new ObjectId('6a8ae1a44e390eec885287e0')
},{
  material: new ObjectId('6a3e24312f2b2f71f964fd7a'),
  percentage: 0.92,
  _id: new ObjectId('6a8ae1a44e390eec885287e1')
},{
  material: new ObjectId('6a3e24312f2b2f71f964fd82'),
  percentage: 0.92,
  _id: new ObjectId('6a8ae1a44e390eec885287e2')
},{
  material: new ObjectId('6a3e24312f2b2f71f964fd73'),
  percentage: 0.98,
  _id: new ObjectId('6a8ae1a44e390eec885287e3')
},{
  material: new ObjectId('6a3e24312f2b2f71f964fd7a'),
  percentage: 0.98,
  _id: new ObjectId('6a8ae1a44e390eec885287e4')
},{
  material: new ObjectId('6a3e24312f2b2f71f964fd82'),
  percentage: 0.98,
  _id: new ObjectId('6a8ae1a44e390eec885287e5')
},{
  material: new ObjectId('6a3e24312f2b2f71f964fd73'),
  percentage: 1.03,
  _id: new ObjectId('6a8ae1a44e390eec885287e6')
},{
  material: new ObjectId('6a3e24312f2b2f71f964fd7a'),
  percentage: 1.03,
  _id: new ObjectId('6a8ae1a44e390eec885287e7')
},{
  material: new ObjectId('6a3e24312f2b2f71f964fd82'),
  percentage: 1.03,
  _id: new ObjectId('6a8ae1a44e390eec885287e8')
},{
  material: new ObjectId('6a3e24312f2b2f71f964fd73'),
  percentage: 1.09,
  _id: new ObjectId('6a8ae1a44e390eec885287ea')
},{
  material: new ObjectId('6a3e24312f2b2f71f964fd7a'),
  percentage: 1.09,
  _id: new ObjectId('6a8ae1a44e390eec885287eb')
},{
  material: new ObjectId('6a3e24312f2b2f71f964fd82'),
  percentage: 1.09,
  _id: new ObjectId('6a8ae1a44e390eec885287ec')
},{
  material: new ObjectId('6a3e242f2f2b2f71f964fd46'),
  percentage: 37.01,
  _id: new ObjectId('6a8ae1a44e390eec885287e9')
}
Creed Aventus Spray,CreAve_SP,spray,15,700,9.450000000000006,5.5515,0,0,true,Strong fruity woody smoky fragrance. A statement evening scent.,strong,evening,fruity woody smoky,,{
  material: new ObjectId('6a3e24302f2b2f71f964fd60'),
  percentage: 48.03,
  _id: new ObjectId('6a8ae1a44e390eec885287dc')
},{
  material: new ObjectId('6a3e24312f2b2f71f964fd73'),
  percentage: 0.97,
  _id: new ObjectId('6a8ae1a44e390eec885287dd')
},{
  material: new ObjectId('6a3e24312f2b2f71f964fd7a'),
  percentage: 0.97,
  _id: new ObjectId('6a8ae1a44e390eec885287de')
},{
  material: new ObjectId('6a3e24312f2b2f71f964fd82'),
  percentage: 0.97,
  _id: new ObjectId('6a8ae1a44e390eec885287df')
},{
  material: new ObjectId('6a3e24312f2b2f71f964fd73'),
  percentage: 0.92,
  _id: new ObjectId('6a8ae1a44e390eec885287e0')
},{
  material: new ObjectId('6a3e24312f2b2f71f964fd7a'),
  percentage: 0.92,
  _id: new ObjectId('6a8ae1a44e390eec885287e1')
},{
  material: new ObjectId('6a3e24312f2b2f71f964fd82'),
  percentage: 0.92,
  _id: new ObjectId('6a8ae1a44e390eec885287e2')
},{
  material: new ObjectId('6a3e24312f2b2f71f964fd73'),
  percentage: 0.98,
  _id: new ObjectId('6a8ae1a44e390eec885287e3')
},{
  material: new ObjectId('6a3e24312f2b2f71f964fd7a'),
  percentage: 0.98,
  _id: new ObjectId('6a8ae1a44e390eec885287e4')
},{
  material: new ObjectId('6a3e24312f2b2f71f964fd82'),
  percentage: 0.98,
  _id: new ObjectId('6a8ae1a44e390eec885287e5')
},{
  material: new ObjectId('6a3e24312f2b2f71f964fd73'),
  percentage: 1.03,
  _id: new ObjectId('6a8ae1a44e390eec885287e6')
},{
  material: new ObjectId('6a3e24312f2b2f71f964fd7a'),
  percentage: 1.03,
  _id: new ObjectId('6a8ae1a44e390eec885287e7')
},{
  material: new ObjectId('6a3e24312f2b2f71f964fd82'),
  percentage: 1.03,
  _id: new ObjectId('6a8ae1a44e390eec885287e8')
},{
  material: new ObjectId('6a3e24312f2b2f71f964fd73'),
  percentage: 1.09,
  _id: new ObjectId('6a8ae1a44e390eec885287ea')
},{
  material: new ObjectId('6a3e24312f2b2f71f964fd7a'),
  percentage: 1.09,
  _id: new ObjectId('6a8ae1a44e390eec885287eb')
},{
  material: new ObjectId('6a3e24312f2b2f71f964fd82'),
  percentage: 1.09,
  _id: new ObjectId('6a8ae1a44e390eec885287ec')
},{
  material: new ObjectId('6a3e242f2f2b2f71f964fd46'),
  percentage: 37.01,
  _id: new ObjectId('6a8ae1a44e390eec885287e9')
}
Creed Aventus Spray,CreAve_SP,spray,30,1000,18.900000000000013,11.103,0,0,true,Strong fruity woody smoky fragrance. A statement evening scent.,strong,evening,fruity woody smoky,,{
  material: new ObjectId('6a3e24302f2b2f71f964fd60'),
  percentage: 48.03,
  _id: new ObjectId('6a8ae1a44e390eec885287dc')
},{
  material: new ObjectId('6a3e24312f2b2f71f964fd73'),
  percentage: 0.97,
  _id: new ObjectId('6a8ae1a44e390eec885287dd')
},{
  material: new ObjectId('6a3e24312f2b2f71f964fd7a'),
  percentage: 0.97,
  _id: new ObjectId('6a8ae1a44e390eec885287de')
},{
  material: new ObjectId('6a3e24312f2b2f71f964fd82'),
  percentage: 0.97,
  _id: new ObjectId('6a8ae1a44e390eec885287df')
},{
  material: new ObjectId('6a3e24312f2b2f71f964fd73'),
  percentage: 0.92,
  _id: new ObjectId('6a8ae1a44e390eec885287e0')
},{
  material: new ObjectId('6a3e24312f2b2f71f964fd7a'),
  percentage: 0.92,
  _id: new ObjectId('6a8ae1a44e390eec885287e1')
},{
  material: new ObjectId('6a3e24312f2b2f71f964fd82'),
  percentage: 0.92,
  _id: new ObjectId('6a8ae1a44e390eec885287e2')
},{
  material: new ObjectId('6a3e24312f2b2f71f964fd73'),
  percentage: 0.98,
  _id: new ObjectId('6a8ae1a44e390eec885287e3')
},{
  material: new ObjectId('6a3e24312f2b2f71f964fd7a'),
  percentage: 0.98,
  _id: new ObjectId('6a8ae1a44e390eec885287e4')
},{
  material: new ObjectId('6a3e24312f2b2f71f964fd82'),
  percentage: 0.98,
  _id: new ObjectId('6a8ae1a44e390eec885287e5')
},{
  material: new ObjectId('6a3e24312f2b2f71f964fd73'),
  percentage: 1.03,
  _id: new ObjectId('6a8ae1a44e390eec885287e6')
},{
  material: new ObjectId('6a3e24312f2b2f71f964fd7a'),
  percentage: 1.03,
  _id: new ObjectId('6a8ae1a44e390eec885287e7')
},{
  material: new ObjectId('6a3e24312f2b2f71f964fd82'),
  percentage: 1.03,
  _id: new ObjectId('6a8ae1a44e390eec885287e8')
},{
  material: new ObjectId('6a3e24312f2b2f71f964fd73'),
  percentage: 1.09,
  _id: new ObjectId('6a8ae1a44e390eec885287ea')
},{
  material: new ObjectId('6a3e24312f2b2f71f964fd7a'),
  percentage: 1.09,
  _id: new ObjectId('6a8ae1a44e390eec885287eb')
},{
  material: new ObjectId('6a3e24312f2b2f71f964fd82'),
  percentage: 1.09,
  _id: new ObjectId('6a8ae1a44e390eec885287ec')
},{
  material: new ObjectId('6a3e242f2f2b2f71f964fd46'),
  percentage: 37.01,
  _id: new ObjectId('6a8ae1a44e390eec885287e9')
}
Creed Aventus Spray,CreAve_SP,spray,50,1300,31.500000000000004,18.505,0,0,true,Strong fruity woody smoky fragrance. A statement evening scent.,strong,evening,fruity woody smoky,,{
  material: new ObjectId('6a3e24302f2b2f71f964fd60'),
  percentage: 48.03,
  _id: new ObjectId('6a8ae1a44e390eec885287dc')
},{
  material: new ObjectId('6a3e24312f2b2f71f964fd73'),
  percentage: 0.97,
  _id: new ObjectId('6a8ae1a44e390eec885287dd')
},{
  material: new ObjectId('6a3e24312f2b2f71f964fd7a'),
  percentage: 0.97,
  _id: new ObjectId('6a8ae1a44e390eec885287de')
},{
  material: new ObjectId('6a3e24312f2b2f71f964fd82'),
  percentage: 0.97,
  _id: new ObjectId('6a8ae1a44e390eec885287df')
},{
  material: new ObjectId('6a3e24312f2b2f71f964fd73'),
  percentage: 0.92,
  _id: new ObjectId('6a8ae1a44e390eec885287e0')
},{
  material: new ObjectId('6a3e24312f2b2f71f964fd7a'),
  percentage: 0.92,
  _id: new ObjectId('6a8ae1a44e390eec885287e1')
},{
  material: new ObjectId('6a3e24312f2b2f71f964fd82'),
  percentage: 0.92,
  _id: new ObjectId('6a8ae1a44e390eec885287e2')
},{
  material: new ObjectId('6a3e24312f2b2f71f964fd73'),
  percentage: 0.98,
  _id: new ObjectId('6a8ae1a44e390eec885287e3')
},{
  material: new ObjectId('6a3e24312f2b2f71f964fd7a'),
  percentage: 0.98,
  _id: new ObjectId('6a8ae1a44e390eec885287e4')
},{
  material: new ObjectId('6a3e24312f2b2f71f964fd82'),
  percentage: 0.98,
  _id: new ObjectId('6a8ae1a44e390eec885287e5')
},{
  material: new ObjectId('6a3e24312f2b2f71f964fd73'),
  percentage: 1.03,
  _id: new ObjectId('6a8ae1a44e390eec885287e6')
},{
  material: new ObjectId('6a3e24312f2b2f71f964fd7a'),
  percentage: 1.03,
  _id: new ObjectId('6a8ae1a44e390eec885287e7')
},{
  material: new ObjectId('6a3e24312f2b2f71f964fd82'),
  percentage: 1.03,
  _id: new ObjectId('6a8ae1a44e390eec885287e8')
},{
  material: new ObjectId('6a3e24312f2b2f71f964fd73'),
  percentage: 1.09,
  _id: new ObjectId('6a8ae1a44e390eec885287ea')
},{
  material: new ObjectId('6a3e24312f2b2f71f964fd7a'),
  percentage: 1.09,
  _id: new ObjectId('6a8ae1a44e390eec885287eb')
},{
  material: new ObjectId('6a3e24312f2b2f71f964fd82'),
  percentage: 1.09,
  _id: new ObjectId('6a8ae1a44e390eec885287ec')
},{
  material: new ObjectId('6a3e242f2f2b2f71f964fd46'),
  percentage: 37.01,
  _id: new ObjectId('6a8ae1a44e390eec885287e9')
}
Creed Aventus Spray,CreAve_SP,spray,100,1700,63.00000000000001,37.01,0,0,true,Strong fruity woody smoky fragrance. A statement evening scent.,strong,evening,fruity woody smoky,,{
  material: new ObjectId('6a3e24302f2b2f71f964fd60'),
  percentage: 48.03,
  _id: new ObjectId('6a8ae1a44e390eec885287dc')
},{
  material: new ObjectId('6a3e24312f2b2f71f964fd73'),
  percentage: 0.97,
  _id: new ObjectId('6a8ae1a44e390eec885287dd')
},{
  material: new ObjectId('6a3e24312f2b2f71f964fd7a'),
  percentage: 0.97,
  _id: new ObjectId('6a8ae1a44e390eec885287de')
},{
  material: new ObjectId('6a3e24312f2b2f71f964fd82'),
  percentage: 0.97,
  _id: new ObjectId('6a8ae1a44e390eec885287df')
},{
  material: new ObjectId('6a3e24312f2b2f71f964fd73'),
  percentage: 0.92,
  _id: new ObjectId('6a8ae1a44e390eec885287e0')
},{
  material: new ObjectId('6a3e24312f2b2f71f964fd7a'),
  percentage: 0.92,
  _id: new ObjectId('6a8ae1a44e390eec885287e1')
},{
  material: new ObjectId('6a3e24312f2b2f71f964fd82'),
  percentage: 0.92,
  _id: new ObjectId('6a8ae1a44e390eec885287e2')
},{
  material: new ObjectId('6a3e24312f2b2f71f964fd73'),
  percentage: 0.98,
  _id: new ObjectId('6a8ae1a44e390eec885287e3')
},{
  material: new ObjectId('6a3e24312f2b2f71f964fd7a'),
  percentage: 0.98,
  _id: new ObjectId('6a8ae1a44e390eec885287e4')
},{
  material: new ObjectId('6a3e24312f2b2f71f964fd82'),
  percentage: 0.98,
  _id: new ObjectId('6a8ae1a44e390eec885287e5')
},{
  material: new ObjectId('6a3e24312f2b2f71f964fd73'),
  percentage: 1.03,
  _id: new ObjectId('6a8ae1a44e390eec885287e6')
},{
  material: new ObjectId('6a3e24312f2b2f71f964fd7a'),
  percentage: 1.03,
  _id: new ObjectId('6a8ae1a44e390eec885287e7')
},{
  material: new ObjectId('6a3e24312f2b2f71f964fd82'),
  percentage: 1.03,
  _id: new ObjectId('6a8ae1a44e390eec885287e8')
},{
  material: new ObjectId('6a3e24312f2b2f71f964fd73'),
  percentage: 1.09,
  _id: new ObjectId('6a8ae1a44e390eec885287ea')
},{
  material: new ObjectId('6a3e24312f2b2f71f964fd7a'),
  percentage: 1.09,
  _id: new ObjectId('6a8ae1a44e390eec885287eb')
},{
  material: new ObjectId('6a3e24312f2b2f71f964fd82'),
  percentage: 1.09,
  _id: new ObjectId('6a8ae1a44e390eec885287ec')
},{
  material: new ObjectId('6a3e242f2f2b2f71f964fd46'),
  percentage: 37.01,
  _id: new ObjectId('6a8ae1a44e390eec885287e9')
}
Creed absolute,CreAbs,roll-on,3.5,230,3.5,0,0,0,true,Strong woody floral fragrance. For special occasions.,strong,special,woody floral,6a3e24312f2b2f71f964fd67,
Creed absolute,CreAbs,roll-on,6,400,6,0,0,0,true,Strong woody floral fragrance. For special occasions.,strong,special,woody floral,6a3e24312f2b2f71f964fd67,
Creed absolute,CreAbs,roll-on,15,950,15,0,0,0,true,Strong woody floral fragrance. For special occasions.,strong,special,woody floral,6a3e24312f2b2f71f964fd67,
Creed absolute,CreAbs,roll-on,30,1950,30,0,0,0,true,Strong woody floral fragrance. For special occasions.,strong,special,woody floral,6a3e24312f2b2f71f964fd67,
Creed absolute Spray,CreAbs_SP,spray,6,450,3.78,2.2206,0,0,true,Strong woody floral fragrance. For special occasions.,strong,special,woody floral,,{
  material: new ObjectId('6a3e24312f2b2f71f964fd67'),
  percentage: 48.03,
  _id: new ObjectId('6a8ae1a44e390eec88528810')
},{
  material: new ObjectId('6a3e24312f2b2f71f964fd73'),
  percentage: 0.97,
  _id: new ObjectId('6a8ae1a44e390eec88528811')
},{
  material: new ObjectId('6a3e24312f2b2f71f964fd7a'),
  percentage: 0.97,
  _id: new ObjectId('6a8ae1a44e390eec88528812')
},{
  material: new ObjectId('6a3e24312f2b2f71f964fd82'),
  percentage: 0.97,
  _id: new ObjectId('6a8ae1a44e390eec88528813')
},{
  material: new ObjectId('6a3e24312f2b2f71f964fd73'),
  percentage: 0.92,
  _id: new ObjectId('6a8ae1a44e390eec88528814')
},{
  material: new ObjectId('6a3e24312f2b2f71f964fd7a'),
  percentage: 0.92,
  _id: new ObjectId('6a8ae1a44e390eec88528815')
},{
  material: new ObjectId('6a3e24312f2b2f71f964fd82'),
  percentage: 0.92,
  _id: new ObjectId('6a8ae1a44e390eec88528816')
},{
  material: new ObjectId('6a3e24312f2b2f71f964fd73'),
  percentage: 0.98,
  _id: new ObjectId('6a8ae1a44e390eec88528817')
},{
  material: new ObjectId('6a3e24312f2b2f71f964fd7a'),
  percentage: 0.98,
  _id: new ObjectId('6a8ae1a44e390eec88528818')
},{
  material: new ObjectId('6a3e24312f2b2f71f964fd82'),
  percentage: 0.98,
  _id: new ObjectId('6a8ae1a44e390eec88528819')
},{
  material: new ObjectId('6a3e24312f2b2f71f964fd73'),
  percentage: 1.03,
  _id: new ObjectId('6a8ae1a44e390eec8852881a')
},{
  material: new ObjectId('6a3e24312f2b2f71f964fd7a'),
  percentage: 1.03,
  _id: new ObjectId('6a8ae1a44e390eec8852881b')
},{
  material: new ObjectId('6a3e24312f2b2f71f964fd82'),
  percentage: 1.03,
  _id: new ObjectId('6a8ae1a44e390eec8852881c')
},{
  material: new ObjectId('6a3e24312f2b2f71f964fd73'),
  percentage: 1.09,
  _id: new ObjectId('6a8ae1a44e390eec8852881e')
},{
  material: new ObjectId('6a3e24312f2b2f71f964fd7a'),
  percentage: 1.09,
  _id: new ObjectId('6a8ae1a44e390eec8852881f')
},{
  material: new ObjectId('6a3e24312f2b2f71f964fd82'),
  percentage: 1.09,
  _id: new ObjectId('6a8ae1a44e390eec88528820')
},{
  material: new ObjectId('6a3e242f2f2b2f71f964fd46'),
  percentage: 37.01,
  _id: new ObjectId('6a8ae1a44e390eec8852881d')
}
Creed absolute Spray,CreAbs_SP,spray,15,1000,9.450000000000006,5.5515,0,0,true,Strong woody floral fragrance. For special occasions.,strong,special,woody floral,,{
  material: new ObjectId('6a3e24312f2b2f71f964fd67'),
  percentage: 48.03,
  _id: new ObjectId('6a8ae1a44e390eec88528810')
},{
  material: new ObjectId('6a3e24312f2b2f71f964fd73'),
  percentage: 0.97,
  _id: new ObjectId('6a8ae1a44e390eec88528811')
},{
  material: new ObjectId('6a3e24312f2b2f71f964fd7a'),
  percentage: 0.97,
  _id: new ObjectId('6a8ae1a44e390eec88528812')
},{
  material: new ObjectId('6a3e24312f2b2f71f964fd82'),
  percentage: 0.97,
  _id: new ObjectId('6a8ae1a44e390eec88528813')
},{
  material: new ObjectId('6a3e24312f2b2f71f964fd73'),
  percentage: 0.92,
  _id: new ObjectId('6a8ae1a44e390eec88528814')
},{
  material: new ObjectId('6a3e24312f2b2f71f964fd7a'),
  percentage: 0.92,
  _id: new ObjectId('6a8ae1a44e390eec88528815')
},{
  material: new ObjectId('6a3e24312f2b2f71f964fd82'),
  percentage: 0.92,
  _id: new ObjectId('6a8ae1a44e390eec88528816')
},{
  material: new ObjectId('6a3e24312f2b2f71f964fd73'),
  percentage: 0.98,
  _id: new ObjectId('6a8ae1a44e390eec88528817')
},{
  material: new ObjectId('6a3e24312f2b2f71f964fd7a'),
  percentage: 0.98,
  _id: new ObjectId('6a8ae1a44e390eec88528818')
},{
  material: new ObjectId('6a3e24312f2b2f71f964fd82'),
  percentage: 0.98,
  _id: new ObjectId('6a8ae1a44e390eec88528819')
},{
  material: new ObjectId('6a3e24312f2b2f71f964fd73'),
  percentage: 1.03,
  _id: new ObjectId('6a8ae1a44e390eec8852881a')
},{
  material: new ObjectId('6a3e24312f2b2f71f964fd7a'),
  percentage: 1.03,
  _id: new ObjectId('6a8ae1a44e390eec8852881b')
},{
  material: new ObjectId('6a3e24312f2b2f71f964fd82'),
  percentage: 1.03,
  _id: new ObjectId('6a8ae1a44e390eec8852881c')
},{
  material: new ObjectId('6a3e24312f2b2f71f964fd73'),
  percentage: 1.09,
  _id: new ObjectId('6a8ae1a44e390eec8852881e')
},{
  material: new ObjectId('6a3e24312f2b2f71f964fd7a'),
  percentage: 1.09,
  _id: new ObjectId('6a8ae1a44e390eec8852881f')
},{
  material: new ObjectId('6a3e24312f2b2f71f964fd82'),
  percentage: 1.09,
  _id: new ObjectId('6a8ae1a44e390eec88528820')
},{
  material: new ObjectId('6a3e242f2f2b2f71f964fd46'),
  percentage: 37.01,
  _id: new ObjectId('6a8ae1a44e390eec8852881d')
}
Creed absolute Spray,CreAbs_SP,spray,30,1800,18.900000000000013,11.103,0,0,true,Strong woody floral fragrance. For special occasions.,strong,special,woody floral,,{
  material: new ObjectId('6a3e24312f2b2f71f964fd67'),
  percentage: 48.03,
  _id: new ObjectId('6a8ae1a44e390eec88528810')
},{
  material: new ObjectId('6a3e24312f2b2f71f964fd73'),
  percentage: 0.97,
  _id: new ObjectId('6a8ae1a44e390eec88528811')
},{
  material: new ObjectId('6a3e24312f2b2f71f964fd7a'),
  percentage: 0.97,
  _id: new ObjectId('6a8ae1a44e390eec88528812')
},{
  material: new ObjectId('6a3e24312f2b2f71f964fd82'),
  percentage: 0.97,
  _id: new ObjectId('6a8ae1a44e390eec88528813')
},{
  material: new ObjectId('6a3e24312f2b2f71f964fd73'),
  percentage: 0.92,
  _id: new ObjectId('6a8ae1a44e390eec88528814')
},{
  material: new ObjectId('6a3e24312f2b2f71f964fd7a'),
  percentage: 0.92,
  _id: new ObjectId('6a8ae1a44e390eec88528815')
},{
  material: new ObjectId('6a3e24312f2b2f71f964fd82'),
  percentage: 0.92,
  _id: new ObjectId('6a8ae1a44e390eec88528816')
},{
  material: new ObjectId('6a3e24312f2b2f71f964fd73'),
  percentage: 0.98,
  _id: new ObjectId('6a8ae1a44e390eec88528817')
},{
  material: new ObjectId('6a3e24312f2b2f71f964fd7a'),
  percentage: 0.98,
  _id: new ObjectId('6a8ae1a44e390eec88528818')
},{
  material: new ObjectId('6a3e24312f2b2f71f964fd82'),
  percentage: 0.98,
  _id: new ObjectId('6a8ae1a44e390eec88528819')
},{
  material: new ObjectId('6a3e24312f2b2f71f964fd73'),
  percentage: 1.03,
  _id: new ObjectId('6a8ae1a44e390eec8852881a')
},{
  material: new ObjectId('6a3e24312f2b2f71f964fd7a'),
  percentage: 1.03,
  _id: new ObjectId('6a8ae1a44e390eec8852881b')
},{
  material: new ObjectId('6a3e24312f2b2f71f964fd82'),
  percentage: 1.03,
  _id: new ObjectId('6a8ae1a44e390eec8852881c')
},{
  material: new ObjectId('6a3e24312f2b2f71f964fd73'),
  percentage: 1.09,
  _id: new ObjectId('6a8ae1a44e390eec8852881e')
},{
  material: new ObjectId('6a3e24312f2b2f71f964fd7a'),
  percentage: 1.09,
  _id: new ObjectId('6a8ae1a44e390eec8852881f')
},{
  material: new ObjectId('6a3e24312f2b2f71f964fd82'),
  percentage: 1.09,
  _id: new ObjectId('6a8ae1a44e390eec88528820')
},{
  material: new ObjectId('6a3e242f2f2b2f71f964fd46'),
  percentage: 37.01,
  _id: new ObjectId('6a8ae1a44e390eec8852881d')
}
Creed absolute Spray,CreAbs_SP,spray,50,2800,31.500000000000004,18.505,0,0,true,Strong woody floral fragrance. For special occasions.,strong,special,woody floral,,{
  material: new ObjectId('6a3e24312f2b2f71f964fd67'),
  percentage: 48.03,
  _id: new ObjectId('6a8ae1a44e390eec88528810')
},{
  material: new ObjectId('6a3e24312f2b2f71f964fd73'),
  percentage: 0.97,
  _id: new ObjectId('6a8ae1a44e390eec88528811')
},{
  material: new ObjectId('6a3e24312f2b2f71f964fd7a'),
  percentage: 0.97,
  _id: new ObjectId('6a8ae1a44e390eec88528812')
},{
  material: new ObjectId('6a3e24312f2b2f71f964fd82'),
  percentage: 0.97,
  _id: new ObjectId('6a8ae1a44e390eec88528813')
},{
  material: new ObjectId('6a3e24312f2b2f71f964fd73'),
  percentage: 0.92,
  _id: new ObjectId('6a8ae1a44e390eec88528814')
},{
  material: new ObjectId('6a3e24312f2b2f71f964fd7a'),
  percentage: 0.92,
  _id: new ObjectId('6a8ae1a44e390eec88528815')
},{
  material: new ObjectId('6a3e24312f2b2f71f964fd82'),
  percentage: 0.92,
  _id: new ObjectId('6a8ae1a44e390eec88528816')
},{
  material: new ObjectId('6a3e24312f2b2f71f964fd73'),
  percentage: 0.98,
  _id: new ObjectId('6a8ae1a44e390eec88528817')
},{
  material: new ObjectId('6a3e24312f2b2f71f964fd7a'),
  percentage: 0.98,
  _id: new ObjectId('6a8ae1a44e390eec88528818')
},{
  material: new ObjectId('6a3e24312f2b2f71f964fd82'),
  percentage: 0.98,
  _id: new ObjectId('6a8ae1a44e390eec88528819')
},{
  material: new ObjectId('6a3e24312f2b2f71f964fd73'),
  percentage: 1.03,
  _id: new ObjectId('6a8ae1a44e390eec8852881a')
},{
  material: new ObjectId('6a3e24312f2b2f71f964fd7a'),
  percentage: 1.03,
  _id: new ObjectId('6a8ae1a44e390eec8852881b')
},{
  material: new ObjectId('6a3e24312f2b2f71f964fd82'),
  percentage: 1.03,
  _id: new ObjectId('6a8ae1a44e390eec8852881c')
},{
  material: new ObjectId('6a3e24312f2b2f71f964fd73'),
  percentage: 1.09,
  _id: new ObjectId('6a8ae1a44e390eec8852881e')
},{
  material: new ObjectId('6a3e24312f2b2f71f964fd7a'),
  percentage: 1.09,
  _id: new ObjectId('6a8ae1a44e390eec8852881f')
},{
  material: new ObjectId('6a3e24312f2b2f71f964fd82'),
  percentage: 1.09,
  _id: new ObjectId('6a8ae1a44e390eec88528820')
},{
  material: new ObjectId('6a3e242f2f2b2f71f964fd46'),
  percentage: 37.01,
  _id: new ObjectId('6a8ae1a44e390eec8852881d')
}
Creed absolute Spray,CreAbs_SP,spray,100,4000,63.00000000000001,37.01,0,0,true,Strong woody floral fragrance. For special occasions.,strong,special,woody floral,,{
  material: new ObjectId('6a3e24312f2b2f71f964fd67'),
  percentage: 48.03,
  _id: new ObjectId('6a8ae1a44e390eec88528810')
},{
  material: new ObjectId('6a3e24312f2b2f71f964fd73'),
  percentage: 0.97,
  _id: new ObjectId('6a8ae1a44e390eec88528811')
},{
  material: new ObjectId('6a3e24312f2b2f71f964fd7a'),
  percentage: 0.97,
  _id: new ObjectId('6a8ae1a44e390eec88528812')
},{
  material: new ObjectId('6a3e24312f2b2f71f964fd82'),
  percentage: 0.97,
  _id: new ObjectId('6a8ae1a44e390eec88528813')
},{
  material: new ObjectId('6a3e24312f2b2f71f964fd73'),
  percentage: 0.92,
  _id: new ObjectId('6a8ae1a44e390eec88528814')
},{
  material: new ObjectId('6a3e24312f2b2f71f964fd7a'),
  percentage: 0.92,
  _id: new ObjectId('6a8ae1a44e390eec88528815')
},{
  material: new ObjectId('6a3e24312f2b2f71f964fd82'),
  percentage: 0.92,
  _id: new ObjectId('6a8ae1a44e390eec88528816')
},{
  material: new ObjectId('6a3e24312f2b2f71f964fd73'),
  percentage: 0.98,
  _id: new ObjectId('6a8ae1a44e390eec88528817')
},{
  material: new ObjectId('6a3e24312f2b2f71f964fd7a'),
  percentage: 0.98,
  _id: new ObjectId('6a8ae1a44e390eec88528818')
},{
  material: new ObjectId('6a3e24312f2b2f71f964fd82'),
  percentage: 0.98,
  _id: new ObjectId('6a8ae1a44e390eec88528819')
},{
  material: new ObjectId('6a3e24312f2b2f71f964fd73'),
  percentage: 1.03,
  _id: new ObjectId('6a8ae1a44e390eec8852881a')
},{
  material: new ObjectId('6a3e24312f2b2f71f964fd7a'),
  percentage: 1.03,
  _id: new ObjectId('6a8ae1a44e390eec8852881b')
},{
  material: new ObjectId('6a3e24312f2b2f71f964fd82'),
  percentage: 1.03,
  _id: new ObjectId('6a8ae1a44e390eec8852881c')
},{
  material: new ObjectId('6a3e24312f2b2f71f964fd73'),
  percentage: 1.09,
  _id: new ObjectId('6a8ae1a44e390eec8852881e')
},{
  material: new ObjectId('6a3e24312f2b2f71f964fd7a'),
  percentage: 1.09,
  _id: new ObjectId('6a8ae1a44e390eec8852881f')
},{
  material: new ObjectId('6a3e24312f2b2f71f964fd82'),
  percentage: 1.09,
  _id: new ObjectId('6a8ae1a44e390eec88528820')
},{
  material: new ObjectId('6a3e242f2f2b2f71f964fd46'),
  percentage: 37.01,
  _id: new ObjectId('6a8ae1a44e390eec8852881d')
}
Davidoff Cool Water,DavCoo,roll-on,3.5,150,3.5,0,0,0,true,"Fresh aquatic fragrance with a clean, refreshing scent. Ideal for daytime.",medium,daytime,aquatic fresh,6a3e242e2f2b2f71f964fd30,
Davidoff Cool Water,DavCoo,roll-on,6,250,6,0,0,0,true,"Fresh aquatic fragrance with a clean, refreshing scent. Ideal for daytime.",medium,daytime,aquatic fresh,6a3e242e2f2b2f71f964fd30,
Davidoff Cool Water,DavCoo,roll-on,15,650,15,0,0,0,true,"Fresh aquatic fragrance with a clean, refreshing scent. Ideal for daytime.",medium,daytime,aquatic fresh,6a3e242e2f2b2f71f964fd30,
Davidoff Cool Water,DavCoo,roll-on,30,1250,30,0,0,0,true,"Fresh aquatic fragrance with a clean, refreshing scent. Ideal for daytime.",medium,daytime,aquatic fresh,6a3e242e2f2b2f71f964fd30,
Davidoff Cool Water Spray,DavCoo_SP,spray,6,300,3.78,2.2206,0,0,true,"Fresh aquatic fragrance with a clean, refreshing scent. Ideal for daytime.",medium,daytime,aquatic fresh,,{
  material: new ObjectId('6a3e242e2f2b2f71f964fd30'),
  percentage: 48.03,
  _id: new ObjectId('6a8ae1a14e390eec88528608')
},{
  material: new ObjectId('6a3e24312f2b2f71f964fd73'),
  percentage: 0.97,
  _id: new ObjectId('6a8ae1a14e390eec88528609')
},{
  material: new ObjectId('6a3e24312f2b2f71f964fd7a'),
  percentage: 0.97,
  _id: new ObjectId('6a8ae1a14e390eec8852860a')
},{
  material: new ObjectId('6a3e24312f2b2f71f964fd82'),
  percentage: 0.97,
  _id: new ObjectId('6a8ae1a14e390eec8852860b')
},{
  material: new ObjectId('6a3e24312f2b2f71f964fd73'),
  percentage: 0.92,
  _id: new ObjectId('6a8ae1a14e390eec8852860c')
},{
  material: new ObjectId('6a3e24312f2b2f71f964fd7a'),
  percentage: 0.92,
  _id: new ObjectId('6a8ae1a14e390eec8852860d')
},{
  material: new ObjectId('6a3e24312f2b2f71f964fd82'),
  percentage: 0.92,
  _id: new ObjectId('6a8ae1a14e390eec8852860e')
},{
  material: new ObjectId('6a3e24312f2b2f71f964fd73'),
  percentage: 0.98,
  _id: new ObjectId('6a8ae1a14e390eec8852860f')
},{
  material: new ObjectId('6a3e24312f2b2f71f964fd7a'),
  percentage: 0.98,
  _id: new ObjectId('6a8ae1a14e390eec88528610')
},{
  material: new ObjectId('6a3e24312f2b2f71f964fd82'),
  percentage: 0.98,
  _id: new ObjectId('6a8ae1a14e390eec88528611')
},{
  material: new ObjectId('6a3e24312f2b2f71f964fd73'),
  percentage: 1.03,
  _id: new ObjectId('6a8ae1a14e390eec88528612')
},{
  material: new ObjectId('6a3e24312f2b2f71f964fd7a'),
  percentage: 1.03,
  _id: new ObjectId('6a8ae1a14e390eec88528613')
},{
  material: new ObjectId('6a3e24312f2b2f71f964fd82'),
  percentage: 1.03,
  _id: new ObjectId('6a8ae1a14e390eec88528614')
},{
  material: new ObjectId('6a3e24312f2b2f71f964fd73'),
  percentage: 1.09,
  _id: new ObjectId('6a8ae1a14e390eec88528616')
},{
  material: new ObjectId('6a3e24312f2b2f71f964fd7a'),
  percentage: 1.09,
  _id: new ObjectId('6a8ae1a14e390eec88528617')
},{
  material: new ObjectId('6a3e24312f2b2f71f964fd82'),
  percentage: 1.09,
  _id: new ObjectId('6a8ae1a14e390eec88528618')
},{
  material: new ObjectId('6a3e242f2f2b2f71f964fd46'),
  percentage: 37.01,
  _id: new ObjectId('6a8ae1a14e390eec88528615')
}
Davidoff Cool Water Spray,DavCoo_SP,spray,15,700,9.450000000000006,5.5515,0,0,true,"Fresh aquatic fragrance with a clean, refreshing scent. Ideal for daytime.",medium,daytime,aquatic fresh,,{
  material: new ObjectId('6a3e242e2f2b2f71f964fd30'),
  percentage: 48.03,
  _id: new ObjectId('6a8ae1a14e390eec88528608')
},{
  material: new ObjectId('6a3e24312f2b2f71f964fd73'),
  percentage: 0.97,
  _id: new ObjectId('6a8ae1a14e390eec88528609')
},{
  material: new ObjectId('6a3e24312f2b2f71f964fd7a'),
  percentage: 0.97,
  _id: new ObjectId('6a8ae1a14e390eec8852860a')
},{
  material: new ObjectId('6a3e24312f2b2f71f964fd82'),
  percentage: 0.97,
  _id: new ObjectId('6a8ae1a14e390eec8852860b')
},{
  material: new ObjectId('6a3e24312f2b2f71f964fd73'),
  percentage: 0.92,
  _id: new ObjectId('6a8ae1a14e390eec8852860c')
},{
  material: new ObjectId('6a3e24312f2b2f71f964fd7a'),
  percentage: 0.92,
  _id: new ObjectId('6a8ae1a14e390eec8852860d')
},{
  material: new ObjectId('6a3e24312f2b2f71f964fd82'),
  percentage: 0.92,
  _id: new ObjectId('6a8ae1a14e390eec8852860e')
},{
  material: new ObjectId('6a3e24312f2b2f71f964fd73'),
  percentage: 0.98,
  _id: new ObjectId('6a8ae1a14e390eec8852860f')
},{
  material: new ObjectId('6a3e24312f2b2f71f964fd7a'),
  percentage: 0.98,
  _id: new ObjectId('6a8ae1a14e390eec88528610')
},{
  material: new ObjectId('6a3e24312f2b2f71f964fd82'),
  percentage: 0.98,
  _id: new ObjectId('6a8ae1a14e390eec88528611')
},{
  material: new ObjectId('6a3e24312f2b2f71f964fd73'),
  percentage: 1.03,
  _id: new ObjectId('6a8ae1a14e390eec88528612')
},{
  material: new ObjectId('6a3e24312f2b2f71f964fd7a'),
  percentage: 1.03,
  _id: new ObjectId('6a8ae1a14e390eec88528613')
},{
  material: new ObjectId('6a3e24312f2b2f71f964fd82'),
  percentage: 1.03,
  _id: new ObjectId('6a8ae1a14e390eec88528614')
},{
  material: new ObjectId('6a3e24312f2b2f71f964fd73'),
  percentage: 1.09,
  _id: new ObjectId('6a8ae1a14e390eec88528616')
},{
  material: new ObjectId('6a3e24312f2b2f71f964fd7a'),
  percentage: 1.09,
  _id: new ObjectId('6a8ae1a14e390eec88528617')
},{
  material: new ObjectId('6a3e24312f2b2f71f964fd82'),
  percentage: 1.09,
  _id: new ObjectId('6a8ae1a14e390eec88528618')
},{
  material: new ObjectId('6a3e242f2f2b2f71f964fd46'),
  percentage: 37.01,
  _id: new ObjectId('6a8ae1a14e390eec88528615')
}
Davidoff Cool Water Spray,DavCoo_SP,spray,30,1000,18.900000000000013,11.103,0,0,true,"Fresh aquatic fragrance with a clean, refreshing scent. Ideal for daytime.",medium,daytime,aquatic fresh,,{
  material: new ObjectId('6a3e242e2f2b2f71f964fd30'),
  percentage: 48.03,
  _id: new ObjectId('6a8ae1a14e390eec88528608')
},{
  material: new ObjectId('6a3e24312f2b2f71f964fd73'),
  percentage: 0.97,
  _id: new ObjectId('6a8ae1a14e390eec88528609')
},{
  material: new ObjectId('6a3e24312f2b2f71f964fd7a'),
  percentage: 0.97,
  _id: new ObjectId('6a8ae1a14e390eec8852860a')
},{
  material: new ObjectId('6a3e24312f2b2f71f964fd82'),
  percentage: 0.97,
  _id: new ObjectId('6a8ae1a14e390eec8852860b')
},{
  material: new ObjectId('6a3e24312f2b2f71f964fd73'),
  percentage: 0.92,
  _id: new ObjectId('6a8ae1a14e390eec8852860c')
},{
  material: new ObjectId('6a3e24312f2b2f71f964fd7a'),
  percentage: 0.92,
  _id: new ObjectId('6a8ae1a14e390eec8852860d')
},{
  material: new ObjectId('6a3e24312f2b2f71f964fd82'),
  percentage: 0.92,
  _id: new ObjectId('6a8ae1a14e390eec8852860e')
},{
  material: new ObjectId('6a3e24312f2b2f71f964fd73'),
  percentage: 0.98,
  _id: new ObjectId('6a8ae1a14e390eec8852860f')
},{
  material: new ObjectId('6a3e24312f2b2f71f964fd7a'),
  percentage: 0.98,
  _id: new ObjectId('6a8ae1a14e390eec88528610')
},{
  material: new ObjectId('6a3e24312f2b2f71f964fd82'),
  percentage: 0.98,
  _id: new ObjectId('6a8ae1a14e390eec88528611')
},{
  material: new ObjectId('6a3e24312f2b2f71f964fd73'),
  percentage: 1.03,
  _id: new ObjectId('6a8ae1a14e390eec88528612')
},{
  material: new ObjectId('6a3e24312f2b2f71f964fd7a'),
  percentage: 1.03,
  _id: new ObjectId('6a8ae1a14e390eec88528613')
},{
  material: new ObjectId('6a3e24312f2b2f71f964fd82'),
  percentage: 1.03,
  _id: new ObjectId('6a8ae1a14e390eec88528614')
},{
  material: new ObjectId('6a3e24312f2b2f71f964fd73'),
  percentage: 1.09,
  _id: new ObjectId('6a8ae1a14e390eec88528616')
},{
  material: new ObjectId('6a3e24312f2b2f71f964fd7a'),
  percentage: 1.09,
  _id: new ObjectId('6a8ae1a14e390eec88528617')
},{
  material: new ObjectId('6a3e24312f2b2f71f964fd82'),
  percentage: 1.09,
  _id: new ObjectId('6a8ae1a14e390eec88528618')
},{
  material: new ObjectId('6a3e242f2f2b2f71f964fd46'),
  percentage: 37.01,
  _id: new ObjectId('6a8ae1a14e390eec88528615')
}
Davidoff Cool Water Spray,DavCoo_SP,spray,50,1300,31.500000000000004,18.505,0,0,true,"Fresh aquatic fragrance with a clean, refreshing scent. Ideal for daytime.",medium,daytime,aquatic fresh,,{
  material: new ObjectId('6a3e242e2f2b2f71f964fd30'),
  percentage: 48.03,
  _id: new ObjectId('6a8ae1a14e390eec88528608')
},{
  material: new ObjectId('6a3e24312f2b2f71f964fd73'),
  percentage: 0.97,
  _id: new ObjectId('6a8ae1a14e390eec88528609')
},{
  material: new ObjectId('6a3e24312f2b2f71f964fd7a'),
  percentage: 0.97,
  _id: new ObjectId('6a8ae1a14e390eec8852860a')
},{
  material: new ObjectId('6a3e24312f2b2f71f964fd82'),
  percentage: 0.97,
  _id: new ObjectId('6a8ae1a14e390eec8852860b')
},{
  material: new ObjectId('6a3e24312f2b2f71f964fd73'),
  percentage: 0.92,
  _id: new ObjectId('6a8ae1a14e390eec8852860c')
},{
  material: new ObjectId('6a3e24312f2b2f71f964fd7a'),
  percentage: 0.92,
  _id: new ObjectId('6a8ae1a14e390eec8852860d')
},{
  material: new ObjectId('6a3e24312f2b2f71f964fd82'),
  percentage: 0.92,
  _id: new ObjectId('6a8ae1a14e390eec8852860e')
},{
  material: new ObjectId('6a3e24312f2b2f71f964fd73'),
  percentage: 0.98,
  _id: new ObjectId('6a8ae1a14e390eec8852860f')
},{
  material: new ObjectId('6a3e24312f2b2f71f964fd7a'),
  percentage: 0.98,
  _id: new ObjectId('6a8ae1a14e390eec88528610')
},{
  material: new ObjectId('6a3e24312f2b2f71f964fd82'),
  percentage: 0.98,
  _id: new ObjectId('6a8ae1a14e390eec88528611')
},{
  material: new ObjectId('6a3e24312f2b2f71f964fd73'),
  percentage: 1.03,
  _id: new ObjectId('6a8ae1a14e390eec88528612')
},{
  material: new ObjectId('6a3e24312f2b2f71f964fd7a'),
  percentage: 1.03,
  _id: new ObjectId('6a8ae1a14e390eec88528613')
},{
  material: new ObjectId('6a3e24312f2b2f71f964fd82'),
  percentage: 1.03,
  _id: new ObjectId('6a8ae1a14e390eec88528614')
},{
  material: new ObjectId('6a3e24312f2b2f71f964fd73'),
  percentage: 1.09,
  _id: new ObjectId('6a8ae1a14e390eec88528616')
},{
  material: new ObjectId('6a3e24312f2b2f71f964fd7a'),
  percentage: 1.09,
  _id: new ObjectId('6a8ae1a14e390eec88528617')
},{
  material: new ObjectId('6a3e24312f2b2f71f964fd82'),
  percentage: 1.09,
  _id: new ObjectId('6a8ae1a14e390eec88528618')
},{
  material: new ObjectId('6a3e242f2f2b2f71f964fd46'),
  percentage: 37.01,
  _id: new ObjectId('6a8ae1a14e390eec88528615')
}
Davidoff Cool Water Spray,DavCoo_SP,spray,100,1700,63.00000000000001,37.01,0,0,true,"Fresh aquatic fragrance with a clean, refreshing scent. Ideal for daytime.",medium,daytime,aquatic fresh,,{
  material: new ObjectId('6a3e242e2f2b2f71f964fd30'),
  percentage: 48.03,
  _id: new ObjectId('6a8ae1a14e390eec88528608')
},{
  material: new ObjectId('6a3e24312f2b2f71f964fd73'),
  percentage: 0.97,
  _id: new ObjectId('6a8ae1a14e390eec88528609')
},{
  material: new ObjectId('6a3e24312f2b2f71f964fd7a'),
  percentage: 0.97,
  _id: new ObjectId('6a8ae1a14e390eec8852860a')
},{
  material: new ObjectId('6a3e24312f2b2f71f964fd82'),
  percentage: 0.97,
  _id: new ObjectId('6a8ae1a14e390eec8852860b')
},{
  material: new ObjectId('6a3e24312f2b2f71f964fd73'),
  percentage: 0.92,
  _id: new ObjectId('6a8ae1a14e390eec8852860c')
},{
  material: new ObjectId('6a3e24312f2b2f71f964fd7a'),
  percentage: 0.92,
  _id: new ObjectId('6a8ae1a14e390eec8852860d')
},{
  material: new ObjectId('6a3e24312f2b2f71f964fd82'),
  percentage: 0.92,
  _id: new ObjectId('6a8ae1a14e390eec8852860e')
},{
  material: new ObjectId('6a3e24312f2b2f71f964fd73'),
  percentage: 0.98,
  _id: new ObjectId('6a8ae1a14e390eec8852860f')
},{
  material: new ObjectId('6a3e24312f2b2f71f964fd7a'),
  percentage: 0.98,
  _id: new ObjectId('6a8ae1a14e390eec88528610')
},{
  material: new ObjectId('6a3e24312f2b2f71f964fd82'),
  percentage: 0.98,
  _id: new ObjectId('6a8ae1a14e390eec88528611')
},{
  material: new ObjectId('6a3e24312f2b2f71f964fd73'),
  percentage: 1.03,
  _id: new ObjectId('6a8ae1a14e390eec88528612')
},{
  material: new ObjectId('6a3e24312f2b2f71f964fd7a'),
  percentage: 1.03,
  _id: new ObjectId('6a8ae1a14e390eec88528613')
},{
  material: new ObjectId('6a3e24312f2b2f71f964fd82'),
  percentage: 1.03,
  _id: new ObjectId('6a8ae1a14e390eec88528614')
},{
  material: new ObjectId('6a3e24312f2b2f71f964fd73'),
  percentage: 1.09,
  _id: new ObjectId('6a8ae1a14e390eec88528616')
},{
  material: new ObjectId('6a3e24312f2b2f71f964fd7a'),
  percentage: 1.09,
  _id: new ObjectId('6a8ae1a14e390eec88528617')
},{
  material: new ObjectId('6a3e24312f2b2f71f964fd82'),
  percentage: 1.09,
  _id: new ObjectId('6a8ae1a14e390eec88528618')
},{
  material: new ObjectId('6a3e242f2f2b2f71f964fd46'),
  percentage: 37.01,
  _id: new ObjectId('6a8ae1a14e390eec88528615')
}
Dior Sauvage,DioSau,roll-on,3.5,180,3.5,0,0,145.477969348659,true,Spicy fresh woody fragrance with strong character. Suitable for all occasions.,strong,all,spicy fresh woody,6a3e242e2f2b2f71f964fd21,
Dior Sauvage,DioSau,roll-on,6,300,6,0,0,195.39080459770116,true,Spicy fresh woody fragrance with strong character. Suitable for all occasions.,strong,all,spicy fresh woody,6a3e242e2f2b2f71f964fd21,
Dior Sauvage,DioSau,roll-on,15,750,15,0,0,280.97701149425285,true,Spicy fresh woody fragrance with strong character. Suitable for all occasions.,strong,all,spicy fresh woody,6a3e242e2f2b2f71f964fd21,
Dior Sauvage,DioSau,roll-on,30,1500,30,0,0,476.9540229885057,true,Spicy fresh woody fragrance with strong character. Suitable for all occasions.,strong,all,spicy fresh woody,6a3e242e2f2b2f71f964fd21,
Dior Sauvage Spray,DioSau_SP,spray,6,330,3.78,2.2206,0,163.3378620689655,true,Spicy fresh woody fragrance with strong character. Suitable for all occasions.,strong,all,spicy fresh woody,,{
  material: new ObjectId('6a3e242e2f2b2f71f964fd21'),
  percentage: 48.03,
  _id: new ObjectId('6a8ae1a04e390eec88528586')
},{
  material: new ObjectId('6a3e24312f2b2f71f964fd73'),
  percentage: 0.97,
  _id: new ObjectId('6a8ae1a04e390eec88528587')
},{
  material: new ObjectId('6a3e24312f2b2f71f964fd7a'),
  percentage: 0.97,
  _id: new ObjectId('6a8ae1a04e390eec88528588')
},{
  material: new ObjectId('6a3e24312f2b2f71f964fd82'),
  percentage: 0.97,
  _id: new ObjectId('6a8ae1a04e390eec88528589')
},{
  material: new ObjectId('6a3e24312f2b2f71f964fd73'),
  percentage: 0.92,
  _id: new ObjectId('6a8ae1a04e390eec8852858a')
},{
  material: new ObjectId('6a3e24312f2b2f71f964fd7a'),
  percentage: 0.92,
  _id: new ObjectId('6a8ae1a04e390eec8852858b')
},{
  material: new ObjectId('6a3e24312f2b2f71f964fd82'),
  percentage: 0.92,
  _id: new ObjectId('6a8ae1a04e390eec8852858c')
},{
  material: new ObjectId('6a3e24312f2b2f71f964fd73'),
  percentage: 0.98,
  _id: new ObjectId('6a8ae1a04e390eec8852858d')
},{
  material: new ObjectId('6a3e24312f2b2f71f964fd7a'),
  percentage: 0.98,
  _id: new ObjectId('6a8ae1a04e390eec8852858e')
},{
  material: new ObjectId('6a3e24312f2b2f71f964fd82'),
  percentage: 0.98,
  _id: new ObjectId('6a8ae1a04e390eec8852858f')
},{
  material: new ObjectId('6a3e24312f2b2f71f964fd73'),
  percentage: 1.03,
  _id: new ObjectId('6a8ae1a04e390eec88528590')
},{
  material: new ObjectId('6a3e24312f2b2f71f964fd7a'),
  percentage: 1.03,
  _id: new ObjectId('6a8ae1a04e390eec88528591')
},{
  material: new ObjectId('6a3e24312f2b2f71f964fd82'),
  percentage: 1.03,
  _id: new ObjectId('6a8ae1a04e390eec88528592')
},{
  material: new ObjectId('6a3e24312f2b2f71f964fd73'),
  percentage: 1.09,
  _id: new ObjectId('6a8ae1a04e390eec88528594')
},{
  material: new ObjectId('6a3e24312f2b2f71f964fd7a'),
  percentage: 1.09,
  _id: new ObjectId('6a8ae1a04e390eec88528595')
},{
  material: new ObjectId('6a3e24312f2b2f71f964fd82'),
  percentage: 1.09,
  _id: new ObjectId('6a8ae1a04e390eec88528596')
},{
  material: new ObjectId('6a3e242f2f2b2f71f964fd46'),
  percentage: 37.01,
  _id: new ObjectId('6a8ae1a04e390eec88528593')
}
Dior Sauvage Spray,DioSau_SP,spray,15,800,9.450000000000006,5.5515,0,235.8446551724138,true,Spicy fresh woody fragrance with strong character. Suitable for all occasions.,strong,all,spicy fresh woody,,{
  material: new ObjectId('6a3e242e2f2b2f71f964fd21'),
  percentage: 48.03,
  _id: new ObjectId('6a8ae1a04e390eec88528586')
},{
  material: new ObjectId('6a3e24312f2b2f71f964fd73'),
  percentage: 0.97,
  _id: new ObjectId('6a8ae1a04e390eec88528587')
},{
  material: new ObjectId('6a3e24312f2b2f71f964fd7a'),
  percentage: 0.97,
  _id: new ObjectId('6a8ae1a04e390eec88528588')
},{
  material: new ObjectId('6a3e24312f2b2f71f964fd82'),
  percentage: 0.97,
  _id: new ObjectId('6a8ae1a04e390eec88528589')
},{
  material: new ObjectId('6a3e24312f2b2f71f964fd73'),
  percentage: 0.92,
  _id: new ObjectId('6a8ae1a04e390eec8852858a')
},{
  material: new ObjectId('6a3e24312f2b2f71f964fd7a'),
  percentage: 0.92,
  _id: new ObjectId('6a8ae1a04e390eec8852858b')
},{
  material: new ObjectId('6a3e24312f2b2f71f964fd82'),
  percentage: 0.92,
  _id: new ObjectId('6a8ae1a04e390eec8852858c')
},{
  material: new ObjectId('6a3e24312f2b2f71f964fd73'),
  percentage: 0.98,
  _id: new ObjectId('6a8ae1a04e390eec8852858d')
},{
  material: new ObjectId('6a3e24312f2b2f71f964fd7a'),
  percentage: 0.98,
  _id: new ObjectId('6a8ae1a04e390eec8852858e')
},{
  material: new ObjectId('6a3e24312f2b2f71f964fd82'),
  percentage: 0.98,
  _id: new ObjectId('6a8ae1a04e390eec8852858f')
},{
  material: new ObjectId('6a3e24312f2b2f71f964fd73'),
  percentage: 1.03,
  _id: new ObjectId('6a8ae1a04e390eec88528590')
},{
  material: new ObjectId('6a3e24312f2b2f71f964fd7a'),
  percentage: 1.03,
  _id: new ObjectId('6a8ae1a04e390eec88528591')
},{
  material: new ObjectId('6a3e24312f2b2f71f964fd82'),
  percentage: 1.03,
  _id: new ObjectId('6a8ae1a04e390eec88528592')
},{
  material: new ObjectId('6a3e24312f2b2f71f964fd73'),
  percentage: 1.09,
  _id: new ObjectId('6a8ae1a04e390eec88528594')
},{
  material: new ObjectId('6a3e24312f2b2f71f964fd7a'),
  percentage: 1.09,
  _id: new ObjectId('6a8ae1a04e390eec88528595')
},{
  material: new ObjectId('6a3e24312f2b2f71f964fd82'),
  percentage: 1.09,
  _id: new ObjectId('6a8ae1a04e390eec88528596')
},{
  material: new ObjectId('6a3e242f2f2b2f71f964fd46'),
  percentage: 37.01,
  _id: new ObjectId('6a8ae1a04e390eec88528593')
}
Dior Sauvage Spray,DioSau_SP,spray,30,1100,18.900000000000013,11.103,0,416.6893103448276,true,Spicy fresh woody fragrance with strong character. Suitable for all occasions.,strong,all,spicy fresh woody,,{
  material: new ObjectId('6a3e242e2f2b2f71f964fd21'),
  percentage: 48.03,
  _id: new ObjectId('6a8ae1a04e390eec88528586')
},{
  material: new ObjectId('6a3e24312f2b2f71f964fd73'),
  percentage: 0.97,
  _id: new ObjectId('6a8ae1a04e390eec88528587')
},{
  material: new ObjectId('6a3e24312f2b2f71f964fd7a'),
  percentage: 0.97,
  _id: new ObjectId('6a8ae1a04e390eec88528588')
},{
  material: new ObjectId('6a3e24312f2b2f71f964fd82'),
  percentage: 0.97,
  _id: new ObjectId('6a8ae1a04e390eec88528589')
},{
  material: new ObjectId('6a3e24312f2b2f71f964fd73'),
  percentage: 0.92,
  _id: new ObjectId('6a8ae1a04e390eec8852858a')
},{
  material: new ObjectId('6a3e24312f2b2f71f964fd7a'),
  percentage: 0.92,
  _id: new ObjectId('6a8ae1a04e390eec8852858b')
},{
  material: new ObjectId('6a3e24312f2b2f71f964fd82'),
  percentage: 0.92,
  _id: new ObjectId('6a8ae1a04e390eec8852858c')
},{
  material: new ObjectId('6a3e24312f2b2f71f964fd73'),
  percentage: 0.98,
  _id: new ObjectId('6a8ae1a04e390eec8852858d')
},{
  material: new ObjectId('6a3e24312f2b2f71f964fd7a'),
  percentage: 0.98,
  _id: new ObjectId('6a8ae1a04e390eec8852858e')
},{
  material: new ObjectId('6a3e24312f2b2f71f964fd82'),
  percentage: 0.98,
  _id: new ObjectId('6a8ae1a04e390eec8852858f')
},{
  material: new ObjectId('6a3e24312f2b2f71f964fd73'),
  percentage: 1.03,
  _id: new ObjectId('6a8ae1a04e390eec88528590')
},{
  material: new ObjectId('6a3e24312f2b2f71f964fd7a'),
  percentage: 1.03,
  _id: new ObjectId('6a8ae1a04e390eec88528591')
},{
  material: new ObjectId('6a3e24312f2b2f71f964fd82'),
  percentage: 1.03,
  _id: new ObjectId('6a8ae1a04e390eec88528592')
},{
  material: new ObjectId('6a3e24312f2b2f71f964fd73'),
  percentage: 1.09,
  _id: new ObjectId('6a8ae1a04e390eec88528594')
},{
  material: new ObjectId('6a3e24312f2b2f71f964fd7a'),
  percentage: 1.09,
  _id: new ObjectId('6a8ae1a04e390eec88528595')
},{
  material: new ObjectId('6a3e24312f2b2f71f964fd82'),
  percentage: 1.09,
  _id: new ObjectId('6a8ae1a04e390eec88528596')
},{
  material: new ObjectId('6a3e242f2f2b2f71f964fd46'),
  percentage: 37.01,
  _id: new ObjectId('6a8ae1a04e390eec88528593')
}
Dior Sauvage Spray,DioSau_SP,spray,50,1400,31.500000000000004,18.505,0,577.8155172413793,true,Spicy fresh woody fragrance with strong character. Suitable for all occasions.,strong,all,spicy fresh woody,,{
  material: new ObjectId('6a3e242e2f2b2f71f964fd21'),
  percentage: 48.03,
  _id: new ObjectId('6a8ae1a04e390eec88528586')
},{
  material: new ObjectId('6a3e24312f2b2f71f964fd73'),
  percentage: 0.97,
  _id: new ObjectId('6a8ae1a04e390eec88528587')
},{
  material: new ObjectId('6a3e24312f2b2f71f964fd7a'),
  percentage: 0.97,
  _id: new ObjectId('6a8ae1a04e390eec88528588')
},{
  material: new ObjectId('6a3e24312f2b2f71f964fd82'),
  percentage: 0.97,
  _id: new ObjectId('6a8ae1a04e390eec88528589')
},{
  material: new ObjectId('6a3e24312f2b2f71f964fd73'),
  percentage: 0.92,
  _id: new ObjectId('6a8ae1a04e390eec8852858a')
},{
  material: new ObjectId('6a3e24312f2b2f71f964fd7a'),
  percentage: 0.92,
  _id: new ObjectId('6a8ae1a04e390eec8852858b')
},{
  material: new ObjectId('6a3e24312f2b2f71f964fd82'),
  percentage: 0.92,
  _id: new ObjectId('6a8ae1a04e390eec8852858c')
},{
  material: new ObjectId('6a3e24312f2b2f71f964fd73'),
  percentage: 0.98,
  _id: new ObjectId('6a8ae1a04e390eec8852858d')
},{
  material: new ObjectId('6a3e24312f2b2f71f964fd7a'),
  percentage: 0.98,
  _id: new ObjectId('6a8ae1a04e390eec8852858e')
},{
  material: new ObjectId('6a3e24312f2b2f71f964fd82'),
  percentage: 0.98,
  _id: new ObjectId('6a8ae1a04e390eec8852858f')
},{
  material: new ObjectId('6a3e24312f2b2f71f964fd73'),
  percentage: 1.03,
  _id: new ObjectId('6a8ae1a04e390eec88528590')
},{
  material: new ObjectId('6a3e24312f2b2f71f964fd7a'),
  percentage: 1.03,
  _id: new ObjectId('6a8ae1a04e390eec88528591')
},{
  material: new ObjectId('6a3e24312f2b2f71f964fd82'),
  percentage: 1.03,
  _id: new ObjectId('6a8ae1a04e390eec88528592')
},{
  material: new ObjectId('6a3e24312f2b2f71f964fd73'),
  percentage: 1.09,
  _id: new ObjectId('6a8ae1a04e390eec88528594')
},{
  material: new ObjectId('6a3e24312f2b2f71f964fd7a'),
  percentage: 1.09,
  _id: new ObjectId('6a8ae1a04e390eec88528595')
},{
  material: new ObjectId('6a3e24312f2b2f71f964fd82'),
  percentage: 1.09,
  _id: new ObjectId('6a8ae1a04e390eec88528596')
},{
  material: new ObjectId('6a3e242f2f2b2f71f964fd46'),
  percentage: 37.01,
  _id: new ObjectId('6a8ae1a04e390eec88528593')
}
Dior Sauvage Spray,DioSau_SP,spray,100,1800,63.00000000000001,37.01,0,970.6310344827587,true,Spicy fresh woody fragrance with strong character. Suitable for all occasions.,strong,all,spicy fresh woody,,{
  material: new ObjectId('6a3e242e2f2b2f71f964fd21'),
  percentage: 48.03,
  _id: new ObjectId('6a8ae1a04e390eec88528586')
},{
  material: new ObjectId('6a3e24312f2b2f71f964fd73'),
  percentage: 0.97,
  _id: new ObjectId('6a8ae1a04e390eec88528587')
},{
  material: new ObjectId('6a3e24312f2b2f71f964fd7a'),
  percentage: 0.97,
  _id: new ObjectId('6a8ae1a04e390eec88528588')
},{
  material: new ObjectId('6a3e24312f2b2f71f964fd82'),
  percentage: 0.97,
  _id: new ObjectId('6a8ae1a04e390eec88528589')
},{
  material: new ObjectId('6a3e24312f2b2f71f964fd73'),
  percentage: 0.92,
  _id: new ObjectId('6a8ae1a04e390eec8852858a')
},{
  material: new ObjectId('6a3e24312f2b2f71f964fd7a'),
  percentage: 0.92,
  _id: new ObjectId('6a8ae1a04e390eec8852858b')
},{
  material: new ObjectId('6a3e24312f2b2f71f964fd82'),
  percentage: 0.92,
  _id: new ObjectId('6a8ae1a04e390eec8852858c')
},{
  material: new ObjectId('6a3e24312f2b2f71f964fd73'),
  percentage: 0.98,
  _id: new ObjectId('6a8ae1a04e390eec8852858d')
},{
  material: new ObjectId('6a3e24312f2b2f71f964fd7a'),
  percentage: 0.98,
  _id: new ObjectId('6a8ae1a04e390eec8852858e')
},{
  material: new ObjectId('6a3e24312f2b2f71f964fd82'),
  percentage: 0.98,
  _id: new ObjectId('6a8ae1a04e390eec8852858f')
},{
  material: new ObjectId('6a3e24312f2b2f71f964fd73'),
  percentage: 1.03,
  _id: new ObjectId('6a8ae1a04e390eec88528590')
},{
  material: new ObjectId('6a3e24312f2b2f71f964fd7a'),
  percentage: 1.03,
  _id: new ObjectId('6a8ae1a04e390eec88528591')
},{
  material: new ObjectId('6a3e24312f2b2f71f964fd82'),
  percentage: 1.03,
  _id: new ObjectId('6a8ae1a04e390eec88528592')
},{
  material: new ObjectId('6a3e24312f2b2f71f964fd73'),
  percentage: 1.09,
  _id: new ObjectId('6a8ae1a04e390eec88528594')
},{
  material: new ObjectId('6a3e24312f2b2f71f964fd7a'),
  percentage: 1.09,
  _id: new ObjectId('6a8ae1a04e390eec88528595')
},{
  material: new ObjectId('6a3e24312f2b2f71f964fd82'),
  percentage: 1.09,
  _id: new ObjectId('6a8ae1a04e390eec88528596')
},{
  material: new ObjectId('6a3e242f2f2b2f71f964fd46'),
  percentage: 37.01,
  _id: new ObjectId('6a8ae1a04e390eec88528593')
}
Diptyque tam dao,DipTam,roll-on,3.5,200,3.5,0,0,0,true,Medium woody spicy fragrance. Calming and elegant.,medium,evening,woody spicy,6a3e24302f2b2f71f964fd5c,
Diptyque tam dao,DipTam,roll-on,6,300,6,0,0,0,true,Medium woody spicy fragrance. Calming and elegant.,medium,evening,woody spicy,6a3e24302f2b2f71f964fd5c,
Diptyque tam dao,DipTam,roll-on,15,800,15,0,0,0,true,Medium woody spicy fragrance. Calming and elegant.,medium,evening,woody spicy,6a3e24302f2b2f71f964fd5c,
Diptyque tam dao,DipTam,roll-on,30,1450,30,0,0,0,true,Medium woody spicy fragrance. Calming and elegant.,medium,evening,woody spicy,6a3e24302f2b2f71f964fd5c,
Diptyque tam dao Spray,DipTam_SP,spray,6,350,3.78,2.2206,0,0,true,Medium woody spicy fragrance. Calming and elegant.,medium,evening,woody spicy,,{
  material: new ObjectId('6a3e24302f2b2f71f964fd5c'),
  percentage: 48.03,
  _id: new ObjectId('6a8ae1a44e390eec885287c2')
},{
  material: new ObjectId('6a3e24312f2b2f71f964fd73'),
  percentage: 0.97,
  _id: new ObjectId('6a8ae1a44e390eec885287c3')
},{
  material: new ObjectId('6a3e24312f2b2f71f964fd7a'),
  percentage: 0.97,
  _id: new ObjectId('6a8ae1a44e390eec885287c4')
},{
  material: new ObjectId('6a3e24312f2b2f71f964fd82'),
  percentage: 0.97,
  _id: new ObjectId('6a8ae1a44e390eec885287c5')
},{
  material: new ObjectId('6a3e24312f2b2f71f964fd73'),
  percentage: 0.92,
  _id: new ObjectId('6a8ae1a44e390eec885287c6')
},{
  material: new ObjectId('6a3e24312f2b2f71f964fd7a'),
  percentage: 0.92,
  _id: new ObjectId('6a8ae1a44e390eec885287c7')
},{
  material: new ObjectId('6a3e24312f2b2f71f964fd82'),
  percentage: 0.92,
  _id: new ObjectId('6a8ae1a44e390eec885287c8')
},{
  material: new ObjectId('6a3e24312f2b2f71f964fd73'),
  percentage: 0.98,
  _id: new ObjectId('6a8ae1a44e390eec885287c9')
},{
  material: new ObjectId('6a3e24312f2b2f71f964fd7a'),
  percentage: 0.98,
  _id: new ObjectId('6a8ae1a44e390eec885287ca')
},{
  material: new ObjectId('6a3e24312f2b2f71f964fd82'),
  percentage: 0.98,
  _id: new ObjectId('6a8ae1a44e390eec885287cb')
},{
  material: new ObjectId('6a3e24312f2b2f71f964fd73'),
  percentage: 1.03,
  _id: new ObjectId('6a8ae1a44e390eec885287cc')
},{
  material: new ObjectId('6a3e24312f2b2f71f964fd7a'),
  percentage: 1.03,
  _id: new ObjectId('6a8ae1a44e390eec885287cd')
},{
  material: new ObjectId('6a3e24312f2b2f71f964fd82'),
  percentage: 1.03,
  _id: new ObjectId('6a8ae1a44e390eec885287ce')
},{
  material: new ObjectId('6a3e24312f2b2f71f964fd73'),
  percentage: 1.09,
  _id: new ObjectId('6a8ae1a44e390eec885287d0')
},{
  material: new ObjectId('6a3e24312f2b2f71f964fd7a'),
  percentage: 1.09,
  _id: new ObjectId('6a8ae1a44e390eec885287d1')
},{
  material: new ObjectId('6a3e24312f2b2f71f964fd82'),
  percentage: 1.09,
  _id: new ObjectId('6a8ae1a44e390eec885287d2')
},{
  material: new ObjectId('6a3e242f2f2b2f71f964fd46'),
  percentage: 37.01,
  _id: new ObjectId('6a8ae1a44e390eec885287cf')
}
Diptyque tam dao Spray,DipTam_SP,spray,15,850,9.450000000000006,5.5515,0,0,true,Medium woody spicy fragrance. Calming and elegant.,medium,evening,woody spicy,,{
  material: new ObjectId('6a3e24302f2b2f71f964fd5c'),
  percentage: 48.03,
  _id: new ObjectId('6a8ae1a44e390eec885287c2')
},{
  material: new ObjectId('6a3e24312f2b2f71f964fd73'),
  percentage: 0.97,
  _id: new ObjectId('6a8ae1a44e390eec885287c3')
},{
  material: new ObjectId('6a3e24312f2b2f71f964fd7a'),
  percentage: 0.97,
  _id: new ObjectId('6a8ae1a44e390eec885287c4')
},{
  material: new ObjectId('6a3e24312f2b2f71f964fd82'),
  percentage: 0.97,
  _id: new ObjectId('6a8ae1a44e390eec885287c5')
},{
  material: new ObjectId('6a3e24312f2b2f71f964fd73'),
  percentage: 0.92,
  _id: new ObjectId('6a8ae1a44e390eec885287c6')
},{
  material: new ObjectId('6a3e24312f2b2f71f964fd7a'),
  percentage: 0.92,
  _id: new ObjectId('6a8ae1a44e390eec885287c7')
},{
  material: new ObjectId('6a3e24312f2b2f71f964fd82'),
  percentage: 0.92,
  _id: new ObjectId('6a8ae1a44e390eec885287c8')
},{
  material: new ObjectId('6a3e24312f2b2f71f964fd73'),
  percentage: 0.98,
  _id: new ObjectId('6a8ae1a44e390eec885287c9')
},{
  material: new ObjectId('6a3e24312f2b2f71f964fd7a'),
  percentage: 0.98,
  _id: new ObjectId('6a8ae1a44e390eec885287ca')
},{
  material: new ObjectId('6a3e24312f2b2f71f964fd82'),
  percentage: 0.98,
  _id: new ObjectId('6a8ae1a44e390eec885287cb')
},{
  material: new ObjectId('6a3e24312f2b2f71f964fd73'),
  percentage: 1.03,
  _id: new ObjectId('6a8ae1a44e390eec885287cc')
},{
  material: new ObjectId('6a3e24312f2b2f71f964fd7a'),
  percentage: 1.03,
  _id: new ObjectId('6a8ae1a44e390eec885287cd')
},{
  material: new ObjectId('6a3e24312f2b2f71f964fd82'),
  percentage: 1.03,
  _id: new ObjectId('6a8ae1a44e390eec885287ce')
},{
  material: new ObjectId('6a3e24312f2b2f71f964fd73'),
  percentage: 1.09,
  _id: new ObjectId('6a8ae1a44e390eec885287d0')
},{
  material: new ObjectId('6a3e24312f2b2f71f964fd7a'),
  percentage: 1.09,
  _id: new ObjectId('6a8ae1a44e390eec885287d1')
},{
  material: new ObjectId('6a3e24312f2b2f71f964fd82'),
  percentage: 1.09,
  _id: new ObjectId('6a8ae1a44e390eec885287d2')
},{
  material: new ObjectId('6a3e242f2f2b2f71f964fd46'),
  percentage: 37.01,
  _id: new ObjectId('6a8ae1a44e390eec885287cf')
}
Diptyque tam dao Spray,DipTam_SP,spray,30,1500,18.900000000000013,11.103,0,0,true,Medium woody spicy fragrance. Calming and elegant.,medium,evening,woody spicy,,{
  material: new ObjectId('6a3e24302f2b2f71f964fd5c'),
  percentage: 48.03,
  _id: new ObjectId('6a8ae1a44e390eec885287c2')
},{
  material: new ObjectId('6a3e24312f2b2f71f964fd73'),
  percentage: 0.97,
  _id: new ObjectId('6a8ae1a44e390eec885287c3')
},{
  material: new ObjectId('6a3e24312f2b2f71f964fd7a'),
  percentage: 0.97,
  _id: new ObjectId('6a8ae1a44e390eec885287c4')
},{
  material: new ObjectId('6a3e24312f2b2f71f964fd82'),
  percentage: 0.97,
  _id: new ObjectId('6a8ae1a44e390eec885287c5')
},{
  material: new ObjectId('6a3e24312f2b2f71f964fd73'),
  percentage: 0.92,
  _id: new ObjectId('6a8ae1a44e390eec885287c6')
},{
  material: new ObjectId('6a3e24312f2b2f71f964fd7a'),
  percentage: 0.92,
  _id: new ObjectId('6a8ae1a44e390eec885287c7')
},{
  material: new ObjectId('6a3e24312f2b2f71f964fd82'),
  percentage: 0.92,
  _id: new ObjectId('6a8ae1a44e390eec885287c8')
},{
  material: new ObjectId('6a3e24312f2b2f71f964fd73'),
  percentage: 0.98,
  _id: new ObjectId('6a8ae1a44e390eec885287c9')
},{
  material: new ObjectId('6a3e24312f2b2f71f964fd7a'),
  percentage: 0.98,
  _id: new ObjectId('6a8ae1a44e390eec885287ca')
},{
  material: new ObjectId('6a3e24312f2b2f71f964fd82'),
  percentage: 0.98,
  _id: new ObjectId('6a8ae1a44e390eec885287cb')
},{
  material: new ObjectId('6a3e24312f2b2f71f964fd73'),
  percentage: 1.03,
  _id: new ObjectId('6a8ae1a44e390eec885287cc')
},{
  material: new ObjectId('6a3e24312f2b2f71f964fd7a'),
  percentage: 1.03,
  _id: new ObjectId('6a8ae1a44e390eec885287cd')
},{
  material: new ObjectId('6a3e24312f2b2f71f964fd82'),
  percentage: 1.03,
  _id: new ObjectId('6a8ae1a44e390eec885287ce')
},{
  material: new ObjectId('6a3e24312f2b2f71f964fd73'),
  percentage: 1.09,
  _id: new ObjectId('6a8ae1a44e390eec885287d0')
},{
  material: new ObjectId('6a3e24312f2b2f71f964fd7a'),
  percentage: 1.09,
  _id: new ObjectId('6a8ae1a44e390eec885287d1')
},{
  material: new ObjectId('6a3e24312f2b2f71f964fd82'),
  percentage: 1.09,
  _id: new ObjectId('6a8ae1a44e390eec885287d2')
},{
  material: new ObjectId('6a3e242f2f2b2f71f964fd46'),
  percentage: 37.01,
  _id: new ObjectId('6a8ae1a44e390eec885287cf')
}
Diptyque tam dao Spray,DipTam_SP,spray,50,1900,31.500000000000004,18.505,0,0,true,Medium woody spicy fragrance. Calming and elegant.,medium,evening,woody spicy,,{
  material: new ObjectId('6a3e24302f2b2f71f964fd5c'),
  percentage: 48.03,
  _id: new ObjectId('6a8ae1a44e390eec885287c2')
},{
  material: new ObjectId('6a3e24312f2b2f71f964fd73'),
  percentage: 0.97,
  _id: new ObjectId('6a8ae1a44e390eec885287c3')
},{
  material: new ObjectId('6a3e24312f2b2f71f964fd7a'),
  percentage: 0.97,
  _id: new ObjectId('6a8ae1a44e390eec885287c4')
},{
  material: new ObjectId('6a3e24312f2b2f71f964fd82'),
  percentage: 0.97,
  _id: new ObjectId('6a8ae1a44e390eec885287c5')
},{
  material: new ObjectId('6a3e24312f2b2f71f964fd73'),
  percentage: 0.92,
  _id: new ObjectId('6a8ae1a44e390eec885287c6')
},{
  material: new ObjectId('6a3e24312f2b2f71f964fd7a'),
  percentage: 0.92,
  _id: new ObjectId('6a8ae1a44e390eec885287c7')
},{
  material: new ObjectId('6a3e24312f2b2f71f964fd82'),
  percentage: 0.92,
  _id: new ObjectId('6a8ae1a44e390eec885287c8')
},{
  material: new ObjectId('6a3e24312f2b2f71f964fd73'),
  percentage: 0.98,
  _id: new ObjectId('6a8ae1a44e390eec885287c9')
},{
  material: new ObjectId('6a3e24312f2b2f71f964fd7a'),
  percentage: 0.98,
  _id: new ObjectId('6a8ae1a44e390eec885287ca')
},{
  material: new ObjectId('6a3e24312f2b2f71f964fd82'),
  percentage: 0.98,
  _id: new ObjectId('6a8ae1a44e390eec885287cb')
},{
  material: new ObjectId('6a3e24312f2b2f71f964fd73'),
  percentage: 1.03,
  _id: new ObjectId('6a8ae1a44e390eec885287cc')
},{
  material: new ObjectId('6a3e24312f2b2f71f964fd7a'),
  percentage: 1.03,
  _id: new ObjectId('6a8ae1a44e390eec885287cd')
},{
  material: new ObjectId('6a3e24312f2b2f71f964fd82'),
  percentage: 1.03,
  _id: new ObjectId('6a8ae1a44e390eec885287ce')
},{
  material: new ObjectId('6a3e24312f2b2f71f964fd73'),
  percentage: 1.09,
  _id: new ObjectId('6a8ae1a44e390eec885287d0')
},{
  material: new ObjectId('6a3e24312f2b2f71f964fd7a'),
  percentage: 1.09,
  _id: new ObjectId('6a8ae1a44e390eec885287d1')
},{
  material: new ObjectId('6a3e24312f2b2f71f964fd82'),
  percentage: 1.09,
  _id: new ObjectId('6a8ae1a44e390eec885287d2')
},{
  material: new ObjectId('6a3e242f2f2b2f71f964fd46'),
  percentage: 37.01,
  _id: new ObjectId('6a8ae1a44e390eec885287cf')
}
Diptyque tam dao Spray,DipTam_SP,spray,100,2500,63.00000000000001,37.01,0,0,true,Medium woody spicy fragrance. Calming and elegant.,medium,evening,woody spicy,,{
  material: new ObjectId('6a3e24302f2b2f71f964fd5c'),
  percentage: 48.03,
  _id: new ObjectId('6a8ae1a44e390eec885287c2')
},{
  material: new ObjectId('6a3e24312f2b2f71f964fd73'),
  percentage: 0.97,
  _id: new ObjectId('6a8ae1a44e390eec885287c3')
},{
  material: new ObjectId('6a3e24312f2b2f71f964fd7a'),
  percentage: 0.97,
  _id: new ObjectId('6a8ae1a44e390eec885287c4')
},{
  material: new ObjectId('6a3e24312f2b2f71f964fd82'),
  percentage: 0.97,
  _id: new ObjectId('6a8ae1a44e390eec885287c5')
},{
  material: new ObjectId('6a3e24312f2b2f71f964fd73'),
  percentage: 0.92,
  _id: new ObjectId('6a8ae1a44e390eec885287c6')
},{
  material: new ObjectId('6a3e24312f2b2f71f964fd7a'),
  percentage: 0.92,
  _id: new ObjectId('6a8ae1a44e390eec885287c7')
},{
  material: new ObjectId('6a3e24312f2b2f71f964fd82'),
  percentage: 0.92,
  _id: new ObjectId('6a8ae1a44e390eec885287c8')
},{
  material: new ObjectId('6a3e24312f2b2f71f964fd73'),
  percentage: 0.98,
  _id: new ObjectId('6a8ae1a44e390eec885287c9')
},{
  material: new ObjectId('6a3e24312f2b2f71f964fd7a'),
  percentage: 0.98,
  _id: new ObjectId('6a8ae1a44e390eec885287ca')
},{
  material: new ObjectId('6a3e24312f2b2f71f964fd82'),
  percentage: 0.98,
  _id: new ObjectId('6a8ae1a44e390eec885287cb')
},{
  material: new ObjectId('6a3e24312f2b2f71f964fd73'),
  percentage: 1.03,
  _id: new ObjectId('6a8ae1a44e390eec885287cc')
},{
  material: new ObjectId('6a3e24312f2b2f71f964fd7a'),
  percentage: 1.03,
  _id: new ObjectId('6a8ae1a44e390eec885287cd')
},{
  material: new ObjectId('6a3e24312f2b2f71f964fd82'),
  percentage: 1.03,
  _id: new ObjectId('6a8ae1a44e390eec885287ce')
},{
  material: new ObjectId('6a3e24312f2b2f71f964fd73'),
  percentage: 1.09,
  _id: new ObjectId('6a8ae1a44e390eec885287d0')
},{
  material: new ObjectId('6a3e24312f2b2f71f964fd7a'),
  percentage: 1.09,
  _id: new ObjectId('6a8ae1a44e390eec885287d1')
},{
  material: new ObjectId('6a3e24312f2b2f71f964fd82'),
  percentage: 1.09,
  _id: new ObjectId('6a8ae1a44e390eec885287d2')
},{
  material: new ObjectId('6a3e242f2f2b2f71f964fd46'),
  percentage: 37.01,
  _id: new ObjectId('6a8ae1a44e390eec885287cf')
}
Dunhil desire,DunDes,roll-on,3.5,150,3.5,0,0,127.75,true,"A warm, masculine fragrance with amber and woody notes. Perfect for evening occasions.",medium,evening,amber woody,6a3e242d2f2b2f71f964fcfd,
Dunhil desire,DunDes,roll-on,6,250,6,0,0,165,true,"A warm, masculine fragrance with amber and woody notes. Perfect for evening occasions.",medium,evening,amber woody,6a3e242d2f2b2f71f964fcfd,
Dunhil desire,DunDes,roll-on,15,650,15,0,0,205,true,"A warm, masculine fragrance with amber and woody notes. Perfect for evening occasions.",medium,evening,amber woody,6a3e242d2f2b2f71f964fcfd,
Dunhil desire,DunDes,roll-on,30,1250,30,0,0,325,true,"A warm, masculine fragrance with amber and woody notes. Perfect for evening occasions.",medium,evening,amber woody,6a3e242d2f2b2f71f964fcfd,
Dunhil desire Spray,DunDes_SP,spray,6,300,3.78,2.2206,0,149.662,true,"A warm, masculine fragrance with amber and woody notes. Perfect for evening occasions.",medium,evening,amber woody,,{
  material: new ObjectId('6a3e242d2f2b2f71f964fcfd'),
  percentage: 48.03,
  _id: new ObjectId('6a8ae19e4e390eec88528469')
},{
  material: new ObjectId('6a3e24312f2b2f71f964fd73'),
  percentage: 0.97,
  _id: new ObjectId('6a8ae19e4e390eec8852846a')
},{
  material: new ObjectId('6a3e24312f2b2f71f964fd7a'),
  percentage: 0.97,
  _id: new ObjectId('6a8ae19e4e390eec8852846b')
},{
  material: new ObjectId('6a3e24312f2b2f71f964fd82'),
  percentage: 0.97,
  _id: new ObjectId('6a8ae19e4e390eec8852846c')
},{
  material: new ObjectId('6a3e24312f2b2f71f964fd73'),
  percentage: 0.92,
  _id: new ObjectId('6a8ae19e4e390eec8852846d')
},{
  material: new ObjectId('6a3e24312f2b2f71f964fd7a'),
  percentage: 0.92,
  _id: new ObjectId('6a8ae19e4e390eec8852846e')
},{
  material: new ObjectId('6a3e24312f2b2f71f964fd82'),
  percentage: 0.92,
  _id: new ObjectId('6a8ae19e4e390eec8852846f')
},{
  material: new ObjectId('6a3e24312f2b2f71f964fd73'),
  percentage: 0.98,
  _id: new ObjectId('6a8ae19e4e390eec88528470')
},{
  material: new ObjectId('6a3e24312f2b2f71f964fd7a'),
  percentage: 0.98,
  _id: new ObjectId('6a8ae19e4e390eec88528471')
},{
  material: new ObjectId('6a3e24312f2b2f71f964fd82'),
  percentage: 0.98,
  _id: new ObjectId('6a8ae19e4e390eec88528472')
},{
  material: new ObjectId('6a3e24312f2b2f71f964fd73'),
  percentage: 1.03,
  _id: new ObjectId('6a8ae19e4e390eec88528473')
},{
  material: new ObjectId('6a3e24312f2b2f71f964fd7a'),
  percentage: 1.03,
  _id: new ObjectId('6a8ae19e4e390eec88528474')
},{
  material: new ObjectId('6a3e24312f2b2f71f964fd82'),
  percentage: 1.03,
  _id: new ObjectId('6a8ae19e4e390eec88528475')
},{
  material: new ObjectId('6a3e24312f2b2f71f964fd73'),
  percentage: 1.09,
  _id: new ObjectId('6a8ae19e4e390eec88528477')
},{
  material: new ObjectId('6a3e24312f2b2f71f964fd7a'),
  percentage: 1.09,
  _id: new ObjectId('6a8ae19e4e390eec88528478')
},{
  material: new ObjectId('6a3e24312f2b2f71f964fd82'),
  percentage: 1.09,
  _id: new ObjectId('6a8ae19e4e390eec88528479')
},{
  material: new ObjectId('6a3e242f2f2b2f71f964fd46'),
  percentage: 37.01,
  _id: new ObjectId('6a8ae19e4e390eec88528476')
}
Dunhil desire Spray,DunDes_SP,spray,15,700,9.450000000000006,5.5515,0,201.655,true,"A warm, masculine fragrance with amber and woody notes. Perfect for evening occasions.",medium,evening,amber woody,,{
  material: new ObjectId('6a3e242d2f2b2f71f964fcfd'),
  percentage: 48.03,
  _id: new ObjectId('6a8ae19e4e390eec88528469')
},{
  material: new ObjectId('6a3e24312f2b2f71f964fd73'),
  percentage: 0.97,
  _id: new ObjectId('6a8ae19e4e390eec8852846a')
},{
  material: new ObjectId('6a3e24312f2b2f71f964fd7a'),
  percentage: 0.97,
  _id: new ObjectId('6a8ae19e4e390eec8852846b')
},{
  material: new ObjectId('6a3e24312f2b2f71f964fd82'),
  percentage: 0.97,
  _id: new ObjectId('6a8ae19e4e390eec8852846c')
},{
  material: new ObjectId('6a3e24312f2b2f71f964fd73'),
  percentage: 0.92,
  _id: new ObjectId('6a8ae19e4e390eec8852846d')
},{
  material: new ObjectId('6a3e24312f2b2f71f964fd7a'),
  percentage: 0.92,
  _id: new ObjectId('6a8ae19e4e390eec8852846e')
},{
  material: new ObjectId('6a3e24312f2b2f71f964fd82'),
  percentage: 0.92,
  _id: new ObjectId('6a8ae19e4e390eec8852846f')
},{
  material: new ObjectId('6a3e24312f2b2f71f964fd73'),
  percentage: 0.98,
  _id: new ObjectId('6a8ae19e4e390eec88528470')
},{
  material: new ObjectId('6a3e24312f2b2f71f964fd7a'),
  percentage: 0.98,
  _id: new ObjectId('6a8ae19e4e390eec88528471')
},{
  material: new ObjectId('6a3e24312f2b2f71f964fd82'),
  percentage: 0.98,
  _id: new ObjectId('6a8ae19e4e390eec88528472')
},{
  material: new ObjectId('6a3e24312f2b2f71f964fd73'),
  percentage: 1.03,
  _id: new ObjectId('6a8ae19e4e390eec88528473')
},{
  material: new ObjectId('6a3e24312f2b2f71f964fd7a'),
  percentage: 1.03,
  _id: new ObjectId('6a8ae19e4e390eec88528474')
},{
  material: new ObjectId('6a3e24312f2b2f71f964fd82'),
  percentage: 1.03,
  _id: new ObjectId('6a8ae19e4e390eec88528475')
},{
  material: new ObjectId('6a3e24312f2b2f71f964fd73'),
  percentage: 1.09,
  _id: new ObjectId('6a8ae19e4e390eec88528477')
},{
  material: new ObjectId('6a3e24312f2b2f71f964fd7a'),
  percentage: 1.09,
  _id: new ObjectId('6a8ae19e4e390eec88528478')
},{
  material: new ObjectId('6a3e24312f2b2f71f964fd82'),
  percentage: 1.09,
  _id: new ObjectId('6a8ae19e4e390eec88528479')
},{
  material: new ObjectId('6a3e242f2f2b2f71f964fd46'),
  percentage: 37.01,
  _id: new ObjectId('6a8ae19e4e390eec88528476')
}
Dunhil desire Spray,DunDes_SP,spray,30,1000,18.900000000000013,11.103,0,348.31,true,"A warm, masculine fragrance with amber and woody notes. Perfect for evening occasions.",medium,evening,amber woody,,{
  material: new ObjectId('6a3e242d2f2b2f71f964fcfd'),
  percentage: 48.03,
  _id: new ObjectId('6a8ae19e4e390eec88528469')
},{
  material: new ObjectId('6a3e24312f2b2f71f964fd73'),
  percentage: 0.97,
  _id: new ObjectId('6a8ae19e4e390eec8852846a')
},{
  material: new ObjectId('6a3e24312f2b2f71f964fd7a'),
  percentage: 0.97,
  _id: new ObjectId('6a8ae19e4e390eec8852846b')
},{
  material: new ObjectId('6a3e24312f2b2f71f964fd82'),
  percentage: 0.97,
  _id: new ObjectId('6a8ae19e4e390eec8852846c')
},{
  material: new ObjectId('6a3e24312f2b2f71f964fd73'),
  percentage: 0.92,
  _id: new ObjectId('6a8ae19e4e390eec8852846d')
},{
  material: new ObjectId('6a3e24312f2b2f71f964fd7a'),
  percentage: 0.92,
  _id: new ObjectId('6a8ae19e4e390eec8852846e')
},{
  material: new ObjectId('6a3e24312f2b2f71f964fd82'),
  percentage: 0.92,
  _id: new ObjectId('6a8ae19e4e390eec8852846f')
},{
  material: new ObjectId('6a3e24312f2b2f71f964fd73'),
  percentage: 0.98,
  _id: new ObjectId('6a8ae19e4e390eec88528470')
},{
  material: new ObjectId('6a3e24312f2b2f71f964fd7a'),
  percentage: 0.98,
  _id: new ObjectId('6a8ae19e4e390eec88528471')
},{
  material: new ObjectId('6a3e24312f2b2f71f964fd82'),
  percentage: 0.98,
  _id: new ObjectId('6a8ae19e4e390eec88528472')
},{
  material: new ObjectId('6a3e24312f2b2f71f964fd73'),
  percentage: 1.03,
  _id: new ObjectId('6a8ae19e4e390eec88528473')
},{
  material: new ObjectId('6a3e24312f2b2f71f964fd7a'),
  percentage: 1.03,
  _id: new ObjectId('6a8ae19e4e390eec88528474')
},{
  material: new ObjectId('6a3e24312f2b2f71f964fd82'),
  percentage: 1.03,
  _id: new ObjectId('6a8ae19e4e390eec88528475')
},{
  material: new ObjectId('6a3e24312f2b2f71f964fd73'),
  percentage: 1.09,
  _id: new ObjectId('6a8ae19e4e390eec88528477')
},{
  material: new ObjectId('6a3e24312f2b2f71f964fd7a'),
  percentage: 1.09,
  _id: new ObjectId('6a8ae19e4e390eec88528478')
},{
  material: new ObjectId('6a3e24312f2b2f71f964fd82'),
  percentage: 1.09,
  _id: new ObjectId('6a8ae19e4e390eec88528479')
},{
  material: new ObjectId('6a3e242f2f2b2f71f964fd46'),
  percentage: 37.01,
  _id: new ObjectId('6a8ae19e4e390eec88528476')
}
Dunhil desire Spray,DunDes_SP,spray,50,1300,31.500000000000004,18.505,0,463.85,true,"A warm, masculine fragrance with amber and woody notes. Perfect for evening occasions.",medium,evening,amber woody,,{
  material: new ObjectId('6a3e242d2f2b2f71f964fcfd'),
  percentage: 48.03,
  _id: new ObjectId('6a8ae19e4e390eec88528469')
},{
  material: new ObjectId('6a3e24312f2b2f71f964fd73'),
  percentage: 0.97,
  _id: new ObjectId('6a8ae19e4e390eec8852846a')
},{
  material: new ObjectId('6a3e24312f2b2f71f964fd7a'),
  percentage: 0.97,
  _id: new ObjectId('6a8ae19e4e390eec8852846b')
},{
  material: new ObjectId('6a3e24312f2b2f71f964fd82'),
  percentage: 0.97,
  _id: new ObjectId('6a8ae19e4e390eec8852846c')
},{
  material: new ObjectId('6a3e24312f2b2f71f964fd73'),
  percentage: 0.92,
  _id: new ObjectId('6a8ae19e4e390eec8852846d')
},{
  material: new ObjectId('6a3e24312f2b2f71f964fd7a'),
  percentage: 0.92,
  _id: new ObjectId('6a8ae19e4e390eec8852846e')
},{
  material: new ObjectId('6a3e24312f2b2f71f964fd82'),
  percentage: 0.92,
  _id: new ObjectId('6a8ae19e4e390eec8852846f')
},{
  material: new ObjectId('6a3e24312f2b2f71f964fd73'),
  percentage: 0.98,
  _id: new ObjectId('6a8ae19e4e390eec88528470')
},{
  material: new ObjectId('6a3e24312f2b2f71f964fd7a'),
  percentage: 0.98,
  _id: new ObjectId('6a8ae19e4e390eec88528471')
},{
  material: new ObjectId('6a3e24312f2b2f71f964fd82'),
  percentage: 0.98,
  _id: new ObjectId('6a8ae19e4e390eec88528472')
},{
  material: new ObjectId('6a3e24312f2b2f71f964fd73'),
  percentage: 1.03,
  _id: new ObjectId('6a8ae19e4e390eec88528473')
},{
  material: new ObjectId('6a3e24312f2b2f71f964fd7a'),
  percentage: 1.03,
  _id: new ObjectId('6a8ae19e4e390eec88528474')
},{
  material: new ObjectId('6a3e24312f2b2f71f964fd82'),
  percentage: 1.03,
  _id: new ObjectId('6a8ae19e4e390eec88528475')
},{
  material: new ObjectId('6a3e24312f2b2f71f964fd73'),
  percentage: 1.09,
  _id: new ObjectId('6a8ae19e4e390eec88528477')
},{
  material: new ObjectId('6a3e24312f2b2f71f964fd7a'),
  percentage: 1.09,
  _id: new ObjectId('6a8ae19e4e390eec88528478')
},{
  material: new ObjectId('6a3e24312f2b2f71f964fd82'),
  percentage: 1.09,
  _id: new ObjectId('6a8ae19e4e390eec88528479')
},{
  material: new ObjectId('6a3e242f2f2b2f71f964fd46'),
  percentage: 37.01,
  _id: new ObjectId('6a8ae19e4e390eec88528476')
}
Dunhil desire Spray,DunDes_SP,spray,100,1700,63.00000000000001,37.01,0,742.7,true,"A warm, masculine fragrance with amber and woody notes. Perfect for evening occasions.",medium,evening,amber woody,,{
  material: new ObjectId('6a3e242d2f2b2f71f964fcfd'),
  percentage: 48.03,
  _id: new ObjectId('6a8ae19e4e390eec88528469')
},{
  material: new ObjectId('6a3e24312f2b2f71f964fd73'),
  percentage: 0.97,
  _id: new ObjectId('6a8ae19e4e390eec8852846a')
},{
  material: new ObjectId('6a3e24312f2b2f71f964fd7a'),
  percentage: 0.97,
  _id: new ObjectId('6a8ae19e4e390eec8852846b')
},{
  material: new ObjectId('6a3e24312f2b2f71f964fd82'),
  percentage: 0.97,
  _id: new ObjectId('6a8ae19e4e390eec8852846c')
},{
  material: new ObjectId('6a3e24312f2b2f71f964fd73'),
  percentage: 0.92,
  _id: new ObjectId('6a8ae19e4e390eec8852846d')
},{
  material: new ObjectId('6a3e24312f2b2f71f964fd7a'),
  percentage: 0.92,
  _id: new ObjectId('6a8ae19e4e390eec8852846e')
},{
  material: new ObjectId('6a3e24312f2b2f71f964fd82'),
  percentage: 0.92,
  _id: new ObjectId('6a8ae19e4e390eec8852846f')
},{
  material: new ObjectId('6a3e24312f2b2f71f964fd73'),
  percentage: 0.98,
  _id: new ObjectId('6a8ae19e4e390eec88528470')
},{
  material: new ObjectId('6a3e24312f2b2f71f964fd7a'),
  percentage: 0.98,
  _id: new ObjectId('6a8ae19e4e390eec88528471')
},{
  material: new ObjectId('6a3e24312f2b2f71f964fd82'),
  percentage: 0.98,
  _id: new ObjectId('6a8ae19e4e390eec88528472')
},{
  material: new ObjectId('6a3e24312f2b2f71f964fd73'),
  percentage: 1.03,
  _id: new ObjectId('6a8ae19e4e390eec88528473')
},{
  material: new ObjectId('6a3e24312f2b2f71f964fd7a'),
  percentage: 1.03,
  _id: new ObjectId('6a8ae19e4e390eec88528474')
},{
  material: new ObjectId('6a3e24312f2b2f71f964fd82'),
  percentage: 1.03,
  _id: new ObjectId('6a8ae19e4e390eec88528475')
},{
  material: new ObjectId('6a3e24312f2b2f71f964fd73'),
  percentage: 1.09,
  _id: new ObjectId('6a8ae19e4e390eec88528477')
},{
  material: new ObjectId('6a3e24312f2b2f71f964fd7a'),
  percentage: 1.09,
  _id: new ObjectId('6a8ae19e4e390eec88528478')
},{
  material: new ObjectId('6a3e24312f2b2f71f964fd82'),
  percentage: 1.09,
  _id: new ObjectId('6a8ae19e4e390eec88528479')
},{
  material: new ObjectId('6a3e242f2f2b2f71f964fd46'),
  percentage: 37.01,
  _id: new ObjectId('6a8ae19e4e390eec88528476')
}
Dunhill Icon,DunIco_2,roll-on,3.5,112,3.5,0,0,0,true,Dunhill Icon – a roll‑on fragrance with distinctive notes.,medium,all,premium,aromatic,6a3e24312f2b2f71f964fd6f,
Dunhill Icon,DunIco_2,roll-on,6,192,6,0,0,0,true,Dunhill Icon – a roll‑on fragrance with distinctive notes.,medium,all,premium,aromatic,6a3e24312f2b2f71f964fd6f,
Dunhill Icon,DunIco_2,roll-on,15,480,15,0,0,0,true,Dunhill Icon – a roll‑on fragrance with distinctive notes.,medium,all,premium,aromatic,6a3e24312f2b2f71f964fd6f,
Dunhill Icon,DunIco_2,roll-on,30,960,30,0,0,0,true,Dunhill Icon – a roll‑on fragrance with distinctive notes.,medium,all,premium,aromatic,6a3e24312f2b2f71f964fd6f,
Dunhill Icon,DunIco,roll-on,3.5,200,3.5,0,0,0,true,Medium woody spicy fragrance. Sophisticated evening wear.,medium,evening,woody spicy,6a3e24302f2b2f71f964fd58,
Dunhill Icon,DunIco,roll-on,6,300,6,0,0,0,true,Medium woody spicy fragrance. Sophisticated evening wear.,medium,evening,woody spicy,6a3e24302f2b2f71f964fd58,
Dunhill Icon,DunIco,roll-on,15,750,15,0,0,0,true,Medium woody spicy fragrance. Sophisticated evening wear.,medium,evening,woody spicy,6a3e24302f2b2f71f964fd58,
Dunhill Icon,DunIco,roll-on,30,1450,30,0,0,0,true,Medium woody spicy fragrance. Sophisticated evening wear.,medium,evening,woody spicy,6a3e24302f2b2f71f964fd58,
Dunhill Icon Spray,DunIco_2_SP,spray,6,240,3.78,2.2206,0,0,true,Dunhill Icon Spray – a spray fragrance with distinctive notes.,medium,all,premium,aromatic,,{
  material: new ObjectId('6a3e24302f2b2f71f964fd58'),
  percentage: 48.03,
  _id: new ObjectId('6a8ae1a54e390eec8852887e')
},{
  material: new ObjectId('6a3e24312f2b2f71f964fd73'),
  percentage: 0.97,
  _id: new ObjectId('6a8ae1a54e390eec8852887f')
},{
  material: new ObjectId('6a3e24312f2b2f71f964fd7a'),
  percentage: 0.97,
  _id: new ObjectId('6a8ae1a54e390eec88528880')
},{
  material: new ObjectId('6a3e24312f2b2f71f964fd82'),
  percentage: 0.97,
  _id: new ObjectId('6a8ae1a54e390eec88528881')
},{
  material: new ObjectId('6a3e24312f2b2f71f964fd73'),
  percentage: 0.92,
  _id: new ObjectId('6a8ae1a54e390eec88528882')
},{
  material: new ObjectId('6a3e24312f2b2f71f964fd7a'),
  percentage: 0.92,
  _id: new ObjectId('6a8ae1a54e390eec88528883')
},{
  material: new ObjectId('6a3e24312f2b2f71f964fd82'),
  percentage: 0.92,
  _id: new ObjectId('6a8ae1a54e390eec88528884')
},{
  material: new ObjectId('6a3e24312f2b2f71f964fd73'),
  percentage: 0.98,
  _id: new ObjectId('6a8ae1a54e390eec88528885')
},{
  material: new ObjectId('6a3e24312f2b2f71f964fd7a'),
  percentage: 0.98,
  _id: new ObjectId('6a8ae1a54e390eec88528886')
},{
  material: new ObjectId('6a3e24312f2b2f71f964fd82'),
  percentage: 0.98,
  _id: new ObjectId('6a8ae1a54e390eec88528887')
},{
  material: new ObjectId('6a3e24312f2b2f71f964fd73'),
  percentage: 1.03,
  _id: new ObjectId('6a8ae1a54e390eec88528888')
},{
  material: new ObjectId('6a3e24312f2b2f71f964fd7a'),
  percentage: 1.03,
  _id: new ObjectId('6a8ae1a54e390eec88528889')
},{
  material: new ObjectId('6a3e24312f2b2f71f964fd82'),
  percentage: 1.03,
  _id: new ObjectId('6a8ae1a54e390eec8852888a')
},{
  material: new ObjectId('6a3e24312f2b2f71f964fd73'),
  percentage: 1.09,
  _id: new ObjectId('6a8ae1a54e390eec8852888c')
},{
  material: new ObjectId('6a3e24312f2b2f71f964fd7a'),
  percentage: 1.09,
  _id: new ObjectId('6a8ae1a54e390eec8852888d')
},{
  material: new ObjectId('6a3e24312f2b2f71f964fd82'),
  percentage: 1.09,
  _id: new ObjectId('6a8ae1a54e390eec8852888e')
},{
  material: new ObjectId('6a3e242f2f2b2f71f964fd46'),
  percentage: 37.01,
  _id: new ObjectId('6a8ae1a54e390eec8852888b')
}
Dunhill Icon Spray,DunIco_2_SP,spray,15,600,9.450000000000006,5.5515,0,0,true,Dunhill Icon Spray – a spray fragrance with distinctive notes.,medium,all,premium,aromatic,,{
  material: new ObjectId('6a3e24302f2b2f71f964fd58'),
  percentage: 48.03,
  _id: new ObjectId('6a8ae1a54e390eec8852887e')
},{
  material: new ObjectId('6a3e24312f2b2f71f964fd73'),
  percentage: 0.97,
  _id: new ObjectId('6a8ae1a54e390eec8852887f')
},{
  material: new ObjectId('6a3e24312f2b2f71f964fd7a'),
  percentage: 0.97,
  _id: new ObjectId('6a8ae1a54e390eec88528880')
},{
  material: new ObjectId('6a3e24312f2b2f71f964fd82'),
  percentage: 0.97,
  _id: new ObjectId('6a8ae1a54e390eec88528881')
},{
  material: new ObjectId('6a3e24312f2b2f71f964fd73'),
  percentage: 0.92,
  _id: new ObjectId('6a8ae1a54e390eec88528882')
},{
  material: new ObjectId('6a3e24312f2b2f71f964fd7a'),
  percentage: 0.92,
  _id: new ObjectId('6a8ae1a54e390eec88528883')
},{
  material: new ObjectId('6a3e24312f2b2f71f964fd82'),
  percentage: 0.92,
  _id: new ObjectId('6a8ae1a54e390eec88528884')
},{
  material: new ObjectId('6a3e24312f2b2f71f964fd73'),
  percentage: 0.98,
  _id: new ObjectId('6a8ae1a54e390eec88528885')
},{
  material: new ObjectId('6a3e24312f2b2f71f964fd7a'),
  percentage: 0.98,
  _id: new ObjectId('6a8ae1a54e390eec88528886')
},{
  material: new ObjectId('6a3e24312f2b2f71f964fd82'),
  percentage: 0.98,
  _id: new ObjectId('6a8ae1a54e390eec88528887')
},{
  material: new ObjectId('6a3e24312f2b2f71f964fd73'),
  percentage: 1.03,
  _id: new ObjectId('6a8ae1a54e390eec88528888')
},{
  material: new ObjectId('6a3e24312f2b2f71f964fd7a'),
  percentage: 1.03,
  _id: new ObjectId('6a8ae1a54e390eec88528889')
},{
  material: new ObjectId('6a3e24312f2b2f71f964fd82'),
  percentage: 1.03,
  _id: new ObjectId('6a8ae1a54e390eec8852888a')
},{
  material: new ObjectId('6a3e24312f2b2f71f964fd73'),
  percentage: 1.09,
  _id: new ObjectId('6a8ae1a54e390eec8852888c')
},{
  material: new ObjectId('6a3e24312f2b2f71f964fd7a'),
  percentage: 1.09,
  _id: new ObjectId('6a8ae1a54e390eec8852888d')
},{
  material: new ObjectId('6a3e24312f2b2f71f964fd82'),
  percentage: 1.09,
  _id: new ObjectId('6a8ae1a54e390eec8852888e')
},{
  material: new ObjectId('6a3e242f2f2b2f71f964fd46'),
  percentage: 37.01,
  _id: new ObjectId('6a8ae1a54e390eec8852888b')
}
Dunhill Icon Spray,DunIco_2_SP,spray,30,1200,18.900000000000013,11.103,0,0,true,Dunhill Icon Spray – a spray fragrance with distinctive notes.,medium,all,premium,aromatic,,{
  material: new ObjectId('6a3e24302f2b2f71f964fd58'),
  percentage: 48.03,
  _id: new ObjectId('6a8ae1a54e390eec8852887e')
},{
  material: new ObjectId('6a3e24312f2b2f71f964fd73'),
  percentage: 0.97,
  _id: new ObjectId('6a8ae1a54e390eec8852887f')
},{
  material: new ObjectId('6a3e24312f2b2f71f964fd7a'),
  percentage: 0.97,
  _id: new ObjectId('6a8ae1a54e390eec88528880')
},{
  material: new ObjectId('6a3e24312f2b2f71f964fd82'),
  percentage: 0.97,
  _id: new ObjectId('6a8ae1a54e390eec88528881')
},{
  material: new ObjectId('6a3e24312f2b2f71f964fd73'),
  percentage: 0.92,
  _id: new ObjectId('6a8ae1a54e390eec88528882')
},{
  material: new ObjectId('6a3e24312f2b2f71f964fd7a'),
  percentage: 0.92,
  _id: new ObjectId('6a8ae1a54e390eec88528883')
},{
  material: new ObjectId('6a3e24312f2b2f71f964fd82'),
  percentage: 0.92,
  _id: new ObjectId('6a8ae1a54e390eec88528884')
},{
  material: new ObjectId('6a3e24312f2b2f71f964fd73'),
  percentage: 0.98,
  _id: new ObjectId('6a8ae1a54e390eec88528885')
},{
  material: new ObjectId('6a3e24312f2b2f71f964fd7a'),
  percentage: 0.98,
  _id: new ObjectId('6a8ae1a54e390eec88528886')
},{
  material: new ObjectId('6a3e24312f2b2f71f964fd82'),
  percentage: 0.98,
  _id: new ObjectId('6a8ae1a54e390eec88528887')
},{
  material: new ObjectId('6a3e24312f2b2f71f964fd73'),
  percentage: 1.03,
  _id: new ObjectId('6a8ae1a54e390eec88528888')
},{
  material: new ObjectId('6a3e24312f2b2f71f964fd7a'),
  percentage: 1.03,
  _id: new ObjectId('6a8ae1a54e390eec88528889')
},{
  material: new ObjectId('6a3e24312f2b2f71f964fd82'),
  percentage: 1.03,
  _id: new ObjectId('6a8ae1a54e390eec8852888a')
},{
  material: new ObjectId('6a3e24312f2b2f71f964fd73'),
  percentage: 1.09,
  _id: new ObjectId('6a8ae1a54e390eec8852888c')
},{
  material: new ObjectId('6a3e24312f2b2f71f964fd7a'),
  percentage: 1.09,
  _id: new ObjectId('6a8ae1a54e390eec8852888d')
},{
  material: new ObjectId('6a3e24312f2b2f71f964fd82'),
  percentage: 1.09,
  _id: new ObjectId('6a8ae1a54e390eec8852888e')
},{
  material: new ObjectId('6a3e242f2f2b2f71f964fd46'),
  percentage: 37.01,
  _id: new ObjectId('6a8ae1a54e390eec8852888b')
}
Dunhill Icon Spray,DunIco_2_SP,spray,50,2000,31.500000000000004,18.505,0,0,true,Dunhill Icon Spray – a spray fragrance with distinctive notes.,medium,all,premium,aromatic,,{
  material: new ObjectId('6a3e24302f2b2f71f964fd58'),
  percentage: 48.03,
  _id: new ObjectId('6a8ae1a54e390eec8852887e')
},{
  material: new ObjectId('6a3e24312f2b2f71f964fd73'),
  percentage: 0.97,
  _id: new ObjectId('6a8ae1a54e390eec8852887f')
},{
  material: new ObjectId('6a3e24312f2b2f71f964fd7a'),
  percentage: 0.97,
  _id: new ObjectId('6a8ae1a54e390eec88528880')
},{
  material: new ObjectId('6a3e24312f2b2f71f964fd82'),
  percentage: 0.97,
  _id: new ObjectId('6a8ae1a54e390eec88528881')
},{
  material: new ObjectId('6a3e24312f2b2f71f964fd73'),
  percentage: 0.92,
  _id: new ObjectId('6a8ae1a54e390eec88528882')
},{
  material: new ObjectId('6a3e24312f2b2f71f964fd7a'),
  percentage: 0.92,
  _id: new ObjectId('6a8ae1a54e390eec88528883')
},{
  material: new ObjectId('6a3e24312f2b2f71f964fd82'),
  percentage: 0.92,
  _id: new ObjectId('6a8ae1a54e390eec88528884')
},{
  material: new ObjectId('6a3e24312f2b2f71f964fd73'),
  percentage: 0.98,
  _id: new ObjectId('6a8ae1a54e390eec88528885')
},{
  material: new ObjectId('6a3e24312f2b2f71f964fd7a'),
  percentage: 0.98,
  _id: new ObjectId('6a8ae1a54e390eec88528886')
},{
  material: new ObjectId('6a3e24312f2b2f71f964fd82'),
  percentage: 0.98,
  _id: new ObjectId('6a8ae1a54e390eec88528887')
},{
  material: new ObjectId('6a3e24312f2b2f71f964fd73'),
  percentage: 1.03,
  _id: new ObjectId('6a8ae1a54e390eec88528888')
},{
  material: new ObjectId('6a3e24312f2b2f71f964fd7a'),
  percentage: 1.03,
  _id: new ObjectId('6a8ae1a54e390eec88528889')
},{
  material: new ObjectId('6a3e24312f2b2f71f964fd82'),
  percentage: 1.03,
  _id: new ObjectId('6a8ae1a54e390eec8852888a')
},{
  material: new ObjectId('6a3e24312f2b2f71f964fd73'),
  percentage: 1.09,
  _id: new ObjectId('6a8ae1a54e390eec8852888c')
},{
  material: new ObjectId('6a3e24312f2b2f71f964fd7a'),
  percentage: 1.09,
  _id: new ObjectId('6a8ae1a54e390eec8852888d')
},{
  material: new ObjectId('6a3e24312f2b2f71f964fd82'),
  percentage: 1.09,
  _id: new ObjectId('6a8ae1a54e390eec8852888e')
},{
  material: new ObjectId('6a3e242f2f2b2f71f964fd46'),
  percentage: 37.01,
  _id: new ObjectId('6a8ae1a54e390eec8852888b')
}
Dunhill Icon Spray,DunIco_2_SP,spray,100,4000,63.00000000000001,37.01,0,0,true,Dunhill Icon Spray – a spray fragrance with distinctive notes.,medium,all,premium,aromatic,,{
  material: new ObjectId('6a3e24302f2b2f71f964fd58'),
  percentage: 48.03,
  _id: new ObjectId('6a8ae1a54e390eec8852887e')
},{
  material: new ObjectId('6a3e24312f2b2f71f964fd73'),
  percentage: 0.97,
  _id: new ObjectId('6a8ae1a54e390eec8852887f')
},{
  material: new ObjectId('6a3e24312f2b2f71f964fd7a'),
  percentage: 0.97,
  _id: new ObjectId('6a8ae1a54e390eec88528880')
},{
  material: new ObjectId('6a3e24312f2b2f71f964fd82'),
  percentage: 0.97,
  _id: new ObjectId('6a8ae1a54e390eec88528881')
},{
  material: new ObjectId('6a3e24312f2b2f71f964fd73'),
  percentage: 0.92,
  _id: new ObjectId('6a8ae1a54e390eec88528882')
},{
  material: new ObjectId('6a3e24312f2b2f71f964fd7a'),
  percentage: 0.92,
  _id: new ObjectId('6a8ae1a54e390eec88528883')
},{
  material: new ObjectId('6a3e24312f2b2f71f964fd82'),
  percentage: 0.92,
  _id: new ObjectId('6a8ae1a54e390eec88528884')
},{
  material: new ObjectId('6a3e24312f2b2f71f964fd73'),
  percentage: 0.98,
  _id: new ObjectId('6a8ae1a54e390eec88528885')
},{
  material: new ObjectId('6a3e24312f2b2f71f964fd7a'),
  percentage: 0.98,
  _id: new ObjectId('6a8ae1a54e390eec88528886')
},{
  material: new ObjectId('6a3e24312f2b2f71f964fd82'),
  percentage: 0.98,
  _id: new ObjectId('6a8ae1a54e390eec88528887')
},{
  material: new ObjectId('6a3e24312f2b2f71f964fd73'),
  percentage: 1.03,
  _id: new ObjectId('6a8ae1a54e390eec88528888')
},{
  material: new ObjectId('6a3e24312f2b2f71f964fd7a'),
  percentage: 1.03,
  _id: new ObjectId('6a8ae1a54e390eec88528889')
},{
  material: new ObjectId('6a3e24312f2b2f71f964fd82'),
  percentage: 1.03,
  _id: new ObjectId('6a8ae1a54e390eec8852888a')
},{
  material: new ObjectId('6a3e24312f2b2f71f964fd73'),
  percentage: 1.09,
  _id: new ObjectId('6a8ae1a54e390eec8852888c')
},{
  material: new ObjectId('6a3e24312f2b2f71f964fd7a'),
  percentage: 1.09,
  _id: new ObjectId('6a8ae1a54e390eec8852888d')
},{
  material: new ObjectId('6a3e24312f2b2f71f964fd82'),
  percentage: 1.09,
  _id: new ObjectId('6a8ae1a54e390eec8852888e')
},{
  material: new ObjectId('6a3e242f2f2b2f71f964fd46'),
  percentage: 37.01,
  _id: new ObjectId('6a8ae1a54e390eec8852888b')
}
Dunhill Icon Spray,DunIco_SP,spray,6,350,3.78,2.2206,0,0,true,Medium woody spicy fragrance. Sophisticated evening wear.,medium,evening,woody spicy,,{
  material: new ObjectId('6a3e24302f2b2f71f964fd58'),
  percentage: 48.03,
  _id: new ObjectId('6a8ae1a44e390eec885287a7')
},{
  material: new ObjectId('6a3e24312f2b2f71f964fd73'),
  percentage: 0.97,
  _id: new ObjectId('6a8ae1a44e390eec885287a8')
},{
  material: new ObjectId('6a3e24312f2b2f71f964fd7a'),
  percentage: 0.97,
  _id: new ObjectId('6a8ae1a44e390eec885287a9')
},{
  material: new ObjectId('6a3e24312f2b2f71f964fd82'),
  percentage: 0.97,
  _id: new ObjectId('6a8ae1a44e390eec885287aa')
},{
  material: new ObjectId('6a3e24312f2b2f71f964fd73'),
  percentage: 0.92,
  _id: new ObjectId('6a8ae1a44e390eec885287ab')
},{
  material: new ObjectId('6a3e24312f2b2f71f964fd7a'),
  percentage: 0.92,
  _id: new ObjectId('6a8ae1a44e390eec885287ac')
},{
  material: new ObjectId('6a3e24312f2b2f71f964fd82'),
  percentage: 0.92,
  _id: new ObjectId('6a8ae1a44e390eec885287ad')
},{
  material: new ObjectId('6a3e24312f2b2f71f964fd73'),
  percentage: 0.98,
  _id: new ObjectId('6a8ae1a44e390eec885287ae')
},{
  material: new ObjectId('6a3e24312f2b2f71f964fd7a'),
  percentage: 0.98,
  _id: new ObjectId('6a8ae1a44e390eec885287af')
},{
  material: new ObjectId('6a3e24312f2b2f71f964fd82'),
  percentage: 0.98,
  _id: new ObjectId('6a8ae1a44e390eec885287b0')
},{
  material: new ObjectId('6a3e24312f2b2f71f964fd73'),
  percentage: 1.03,
  _id: new ObjectId('6a8ae1a44e390eec885287b1')
},{
  material: new ObjectId('6a3e24312f2b2f71f964fd7a'),
  percentage: 1.03,
  _id: new ObjectId('6a8ae1a44e390eec885287b2')
},{
  material: new ObjectId('6a3e24312f2b2f71f964fd82'),
  percentage: 1.03,
  _id: new ObjectId('6a8ae1a44e390eec885287b3')
},{
  material: new ObjectId('6a3e24312f2b2f71f964fd73'),
  percentage: 1.09,
  _id: new ObjectId('6a8ae1a44e390eec885287b5')
},{
  material: new ObjectId('6a3e24312f2b2f71f964fd7a'),
  percentage: 1.09,
  _id: new ObjectId('6a8ae1a44e390eec885287b6')
},{
  material: new ObjectId('6a3e24312f2b2f71f964fd82'),
  percentage: 1.09,
  _id: new ObjectId('6a8ae1a44e390eec885287b7')
},{
  material: new ObjectId('6a3e242f2f2b2f71f964fd46'),
  percentage: 37.01,
  _id: new ObjectId('6a8ae1a44e390eec885287b4')
}
Dunhill Icon Spray,DunIco_SP,spray,15,850,9.450000000000006,5.5515,0,0,true,Medium woody spicy fragrance. Sophisticated evening wear.,medium,evening,woody spicy,,{
  material: new ObjectId('6a3e24302f2b2f71f964fd58'),
  percentage: 48.03,
  _id: new ObjectId('6a8ae1a44e390eec885287a7')
},{
  material: new ObjectId('6a3e24312f2b2f71f964fd73'),
  percentage: 0.97,
  _id: new ObjectId('6a8ae1a44e390eec885287a8')
},{
  material: new ObjectId('6a3e24312f2b2f71f964fd7a'),
  percentage: 0.97,
  _id: new ObjectId('6a8ae1a44e390eec885287a9')
},{
  material: new ObjectId('6a3e24312f2b2f71f964fd82'),
  percentage: 0.97,
  _id: new ObjectId('6a8ae1a44e390eec885287aa')
},{
  material: new ObjectId('6a3e24312f2b2f71f964fd73'),
  percentage: 0.92,
  _id: new ObjectId('6a8ae1a44e390eec885287ab')
},{
  material: new ObjectId('6a3e24312f2b2f71f964fd7a'),
  percentage: 0.92,
  _id: new ObjectId('6a8ae1a44e390eec885287ac')
},{
  material: new ObjectId('6a3e24312f2b2f71f964fd82'),
  percentage: 0.92,
  _id: new ObjectId('6a8ae1a44e390eec885287ad')
},{
  material: new ObjectId('6a3e24312f2b2f71f964fd73'),
  percentage: 0.98,
  _id: new ObjectId('6a8ae1a44e390eec885287ae')
},{
  material: new ObjectId('6a3e24312f2b2f71f964fd7a'),
  percentage: 0.98,
  _id: new ObjectId('6a8ae1a44e390eec885287af')
},{
  material: new ObjectId('6a3e24312f2b2f71f964fd82'),
  percentage: 0.98,
  _id: new ObjectId('6a8ae1a44e390eec885287b0')
},{
  material: new ObjectId('6a3e24312f2b2f71f964fd73'),
  percentage: 1.03,
  _id: new ObjectId('6a8ae1a44e390eec885287b1')
},{
  material: new ObjectId('6a3e24312f2b2f71f964fd7a'),
  percentage: 1.03,
  _id: new ObjectId('6a8ae1a44e390eec885287b2')
},{
  material: new ObjectId('6a3e24312f2b2f71f964fd82'),
  percentage: 1.03,
  _id: new ObjectId('6a8ae1a44e390eec885287b3')
},{
  material: new ObjectId('6a3e24312f2b2f71f964fd73'),
  percentage: 1.09,
  _id: new ObjectId('6a8ae1a44e390eec885287b5')
},{
  material: new ObjectId('6a3e24312f2b2f71f964fd7a'),
  percentage: 1.09,
  _id: new ObjectId('6a8ae1a44e390eec885287b6')
},{
  material: new ObjectId('6a3e24312f2b2f71f964fd82'),
  percentage: 1.09,
  _id: new ObjectId('6a8ae1a44e390eec885287b7')
},{
  material: new ObjectId('6a3e242f2f2b2f71f964fd46'),
  percentage: 37.01,
  _id: new ObjectId('6a8ae1a44e390eec885287b4')
}
Dunhill Icon Spray,DunIco_SP,spray,30,1550,18.900000000000013,11.103,0,0,true,Medium woody spicy fragrance. Sophisticated evening wear.,medium,evening,woody spicy,,{
  material: new ObjectId('6a3e24302f2b2f71f964fd58'),
  percentage: 48.03,
  _id: new ObjectId('6a8ae1a44e390eec885287a7')
},{
  material: new ObjectId('6a3e24312f2b2f71f964fd73'),
  percentage: 0.97,
  _id: new ObjectId('6a8ae1a44e390eec885287a8')
},{
  material: new ObjectId('6a3e24312f2b2f71f964fd7a'),
  percentage: 0.97,
  _id: new ObjectId('6a8ae1a44e390eec885287a9')
},{
  material: new ObjectId('6a3e24312f2b2f71f964fd82'),
  percentage: 0.97,
  _id: new ObjectId('6a8ae1a44e390eec885287aa')
},{
  material: new ObjectId('6a3e24312f2b2f71f964fd73'),
  percentage: 0.92,
  _id: new ObjectId('6a8ae1a44e390eec885287ab')
},{
  material: new ObjectId('6a3e24312f2b2f71f964fd7a'),
  percentage: 0.92,
  _id: new ObjectId('6a8ae1a44e390eec885287ac')
},{
  material: new ObjectId('6a3e24312f2b2f71f964fd82'),
  percentage: 0.92,
  _id: new ObjectId('6a8ae1a44e390eec885287ad')
},{
  material: new ObjectId('6a3e24312f2b2f71f964fd73'),
  percentage: 0.98,
  _id: new ObjectId('6a8ae1a44e390eec885287ae')
},{
  material: new ObjectId('6a3e24312f2b2f71f964fd7a'),
  percentage: 0.98,
  _id: new ObjectId('6a8ae1a44e390eec885287af')
},{
  material: new ObjectId('6a3e24312f2b2f71f964fd82'),
  percentage: 0.98,
  _id: new ObjectId('6a8ae1a44e390eec885287b0')
},{
  material: new ObjectId('6a3e24312f2b2f71f964fd73'),
  percentage: 1.03,
  _id: new ObjectId('6a8ae1a44e390eec885287b1')
},{
  material: new ObjectId('6a3e24312f2b2f71f964fd7a'),
  percentage: 1.03,
  _id: new ObjectId('6a8ae1a44e390eec885287b2')
},{
  material: new ObjectId('6a3e24312f2b2f71f964fd82'),
  percentage: 1.03,
  _id: new ObjectId('6a8ae1a44e390eec885287b3')
},{
  material: new ObjectId('6a3e24312f2b2f71f964fd73'),
  percentage: 1.09,
  _id: new ObjectId('6a8ae1a44e390eec885287b5')
},{
  material: new ObjectId('6a3e24312f2b2f71f964fd7a'),
  percentage: 1.09,
  _id: new ObjectId('6a8ae1a44e390eec885287b6')
},{
  material: new ObjectId('6a3e24312f2b2f71f964fd82'),
  percentage: 1.09,
  _id: new ObjectId('6a8ae1a44e390eec885287b7')
},{
  material: new ObjectId('6a3e242f2f2b2f71f964fd46'),
  percentage: 37.01,
  _id: new ObjectId('6a8ae1a44e390eec885287b4')
}
Dunhill Icon Spray,DunIco_SP,spray,50,1850,31.500000000000004,18.505,0,0,true,Medium woody spicy fragrance. Sophisticated evening wear.,medium,evening,woody spicy,,{
  material: new ObjectId('6a3e24302f2b2f71f964fd58'),
  percentage: 48.03,
  _id: new ObjectId('6a8ae1a44e390eec885287a7')
},{
  material: new ObjectId('6a3e24312f2b2f71f964fd73'),
  percentage: 0.97,
  _id: new ObjectId('6a8ae1a44e390eec885287a8')
},{
  material: new ObjectId('6a3e24312f2b2f71f964fd7a'),
  percentage: 0.97,
  _id: new ObjectId('6a8ae1a44e390eec885287a9')
},{
  material: new ObjectId('6a3e24312f2b2f71f964fd82'),
  percentage: 0.97,
  _id: new ObjectId('6a8ae1a44e390eec885287aa')
},{
  material: new ObjectId('6a3e24312f2b2f71f964fd73'),
  percentage: 0.92,
  _id: new ObjectId('6a8ae1a44e390eec885287ab')
},{
  material: new ObjectId('6a3e24312f2b2f71f964fd7a'),
  percentage: 0.92,
  _id: new ObjectId('6a8ae1a44e390eec885287ac')
},{
  material: new ObjectId('6a3e24312f2b2f71f964fd82'),
  percentage: 0.92,
  _id: new ObjectId('6a8ae1a44e390eec885287ad')
},{
  material: new ObjectId('6a3e24312f2b2f71f964fd73'),
  percentage: 0.98,
  _id: new ObjectId('6a8ae1a44e390eec885287ae')
},{
  material: new ObjectId('6a3e24312f2b2f71f964fd7a'),
  percentage: 0.98,
  _id: new ObjectId('6a8ae1a44e390eec885287af')
},{
  material: new ObjectId('6a3e24312f2b2f71f964fd82'),
  percentage: 0.98,
  _id: new ObjectId('6a8ae1a44e390eec885287b0')
},{
  material: new ObjectId('6a3e24312f2b2f71f964fd73'),
  percentage: 1.03,
  _id: new ObjectId('6a8ae1a44e390eec885287b1')
},{
  material: new ObjectId('6a3e24312f2b2f71f964fd7a'),
  percentage: 1.03,
  _id: new ObjectId('6a8ae1a44e390eec885287b2')
},{
  material: new ObjectId('6a3e24312f2b2f71f964fd82'),
  percentage: 1.03,
  _id: new ObjectId('6a8ae1a44e390eec885287b3')
},{
  material: new ObjectId('6a3e24312f2b2f71f964fd73'),
  percentage: 1.09,
  _id: new ObjectId('6a8ae1a44e390eec885287b5')
},{
  material: new ObjectId('6a3e24312f2b2f71f964fd7a'),
  percentage: 1.09,
  _id: new ObjectId('6a8ae1a44e390eec885287b6')
},{
  material: new ObjectId('6a3e24312f2b2f71f964fd82'),
  percentage: 1.09,
  _id: new ObjectId('6a8ae1a44e390eec885287b7')
},{
  material: new ObjectId('6a3e242f2f2b2f71f964fd46'),
  percentage: 37.01,
  _id: new ObjectId('6a8ae1a44e390eec885287b4')
}
Dunhill Icon Spray,DunIco_SP,spray,100,2200,63.00000000000001,37.01,0,0,true,Medium woody spicy fragrance. Sophisticated evening wear.,medium,evening,woody spicy,,{
  material: new ObjectId('6a3e24302f2b2f71f964fd58'),
  percentage: 48.03,
  _id: new ObjectId('6a8ae1a44e390eec885287a7')
},{
  material: new ObjectId('6a3e24312f2b2f71f964fd73'),
  percentage: 0.97,
  _id: new ObjectId('6a8ae1a44e390eec885287a8')
},{
  material: new ObjectId('6a3e24312f2b2f71f964fd7a'),
  percentage: 0.97,
  _id: new ObjectId('6a8ae1a44e390eec885287a9')
},{
  material: new ObjectId('6a3e24312f2b2f71f964fd82'),
  percentage: 0.97,
  _id: new ObjectId('6a8ae1a44e390eec885287aa')
},{
  material: new ObjectId('6a3e24312f2b2f71f964fd73'),
  percentage: 0.92,
  _id: new ObjectId('6a8ae1a44e390eec885287ab')
},{
  material: new ObjectId('6a3e24312f2b2f71f964fd7a'),
  percentage: 0.92,
  _id: new ObjectId('6a8ae1a44e390eec885287ac')
},{
  material: new ObjectId('6a3e24312f2b2f71f964fd82'),
  percentage: 0.92,
  _id: new ObjectId('6a8ae1a44e390eec885287ad')
},{
  material: new ObjectId('6a3e24312f2b2f71f964fd73'),
  percentage: 0.98,
  _id: new ObjectId('6a8ae1a44e390eec885287ae')
},{
  material: new ObjectId('6a3e24312f2b2f71f964fd7a'),
  percentage: 0.98,
  _id: new ObjectId('6a8ae1a44e390eec885287af')
},{
  material: new ObjectId('6a3e24312f2b2f71f964fd82'),
  percentage: 0.98,
  _id: new ObjectId('6a8ae1a44e390eec885287b0')
},{
  material: new ObjectId('6a3e24312f2b2f71f964fd73'),
  percentage: 1.03,
  _id: new ObjectId('6a8ae1a44e390eec885287b1')
},{
  material: new ObjectId('6a3e24312f2b2f71f964fd7a'),
  percentage: 1.03,
  _id: new ObjectId('6a8ae1a44e390eec885287b2')
},{
  material: new ObjectId('6a3e24312f2b2f71f964fd82'),
  percentage: 1.03,
  _id: new ObjectId('6a8ae1a44e390eec885287b3')
},{
  material: new ObjectId('6a3e24312f2b2f71f964fd73'),
  percentage: 1.09,
  _id: new ObjectId('6a8ae1a44e390eec885287b5')
},{
  material: new ObjectId('6a3e24312f2b2f71f964fd7a'),
  percentage: 1.09,
  _id: new ObjectId('6a8ae1a44e390eec885287b6')
},{
  material: new ObjectId('6a3e24312f2b2f71f964fd82'),
  percentage: 1.09,
  _id: new ObjectId('6a8ae1a44e390eec885287b7')
},{
  material: new ObjectId('6a3e242f2f2b2f71f964fd46'),
  percentage: 37.01,
  _id: new ObjectId('6a8ae1a44e390eec885287b4')
}
Fantasy,Fant,roll-on,3.5,150,3.5,0,0,127.75,true,Fruity floral fragrance with sweet undertones. Perfect for daytime elegance.,medium,daytime,fruity floral sweet,6a3e242e2f2b2f71f964fd16,
Fantasy,Fant,roll-on,6,250,6,0,0,165,true,Fruity floral fragrance with sweet undertones. Perfect for daytime elegance.,medium,daytime,fruity floral sweet,6a3e242e2f2b2f71f964fd16,
Fantasy,Fant,roll-on,15,650,15,0,0,205,true,Fruity floral fragrance with sweet undertones. Perfect for daytime elegance.,medium,daytime,fruity floral sweet,6a3e242e2f2b2f71f964fd16,
Fantasy,Fant,roll-on,30,1250,30,0,0,325,true,Fruity floral fragrance with sweet undertones. Perfect for daytime elegance.,medium,daytime,fruity floral sweet,6a3e242e2f2b2f71f964fd16,
Fantasy,Fant_2,roll-on,3.5,112,3.5,0,0,0,true,Fantasy – a roll‑on fragrance with distinctive notes.,medium,all,premium,aromatic,6a3e24312f2b2f71f964fd6d,
Fantasy,Fant_2,roll-on,6,192,6,0,0,0,true,Fantasy – a roll‑on fragrance with distinctive notes.,medium,all,premium,aromatic,6a3e24312f2b2f71f964fd6d,
Fantasy,Fant_2,roll-on,15,480,15,0,0,0,true,Fantasy – a roll‑on fragrance with distinctive notes.,medium,all,premium,aromatic,6a3e24312f2b2f71f964fd6d,
Fantasy,Fant_2,roll-on,30,960,30,0,0,0,true,Fantasy – a roll‑on fragrance with distinctive notes.,medium,all,premium,aromatic,6a3e24312f2b2f71f964fd6d,
Fantasy Spray,Fant_SP,spray,6,300,3.78,2.2206,0,182.062,true,Fruity floral fragrance with sweet undertones. Perfect for daytime elegance.,medium,daytime,fruity floral sweet,,{
  material: new ObjectId('6a3e24312f2b2f71f964fd6d'),
  percentage: 48.03,
  _id: new ObjectId('6a8ae19f4e390eec88528523')
},{
  material: new ObjectId('6a3e24312f2b2f71f964fd73'),
  percentage: 0.97,
  _id: new ObjectId('6a8ae19f4e390eec88528524')
},{
  material: new ObjectId('6a3e24312f2b2f71f964fd7a'),
  percentage: 0.97,
  _id: new ObjectId('6a8ae19f4e390eec88528525')
},{
  material: new ObjectId('6a3e24312f2b2f71f964fd82'),
  percentage: 0.97,
  _id: new ObjectId('6a8ae19f4e390eec88528526')
},{
  material: new ObjectId('6a3e24312f2b2f71f964fd73'),
  percentage: 0.92,
  _id: new ObjectId('6a8ae19f4e390eec88528527')
},{
  material: new ObjectId('6a3e24312f2b2f71f964fd7a'),
  percentage: 0.92,
  _id: new ObjectId('6a8ae19f4e390eec88528528')
},{
  material: new ObjectId('6a3e24312f2b2f71f964fd82'),
  percentage: 0.92,
  _id: new ObjectId('6a8ae19f4e390eec88528529')
},{
  material: new ObjectId('6a3e24312f2b2f71f964fd73'),
  percentage: 0.98,
  _id: new ObjectId('6a8ae19f4e390eec8852852a')
},{
  material: new ObjectId('6a3e24312f2b2f71f964fd7a'),
  percentage: 0.98,
  _id: new ObjectId('6a8ae19f4e390eec8852852b')
},{
  material: new ObjectId('6a3e24312f2b2f71f964fd82'),
  percentage: 0.98,
  _id: new ObjectId('6a8ae19f4e390eec8852852c')
},{
  material: new ObjectId('6a3e24312f2b2f71f964fd73'),
  percentage: 1.03,
  _id: new ObjectId('6a8ae19f4e390eec8852852d')
},{
  material: new ObjectId('6a3e24312f2b2f71f964fd7a'),
  percentage: 1.03,
  _id: new ObjectId('6a8ae19f4e390eec8852852e')
},{
  material: new ObjectId('6a3e24312f2b2f71f964fd82'),
  percentage: 1.03,
  _id: new ObjectId('6a8ae19f4e390eec8852852f')
},{
  material: new ObjectId('6a3e24312f2b2f71f964fd73'),
  percentage: 1.09,
  _id: new ObjectId('6a8ae19f4e390eec88528531')
},{
  material: new ObjectId('6a3e24312f2b2f71f964fd7a'),
  percentage: 1.09,
  _id: new ObjectId('6a8ae19f4e390eec88528532')
},{
  material: new ObjectId('6a3e24312f2b2f71f964fd82'),
  percentage: 1.09,
  _id: new ObjectId('6a8ae19f4e390eec88528533')
},{
  material: new ObjectId('6a3e242f2f2b2f71f964fd46'),
  percentage: 37.01,
  _id: new ObjectId('6a8ae19f4e390eec88528530')
}
Fantasy Spray,Fant_SP,spray,15,700,9.450000000000006,5.5515,0,282.655,true,Fruity floral fragrance with sweet undertones. Perfect for daytime elegance.,medium,daytime,fruity floral sweet,,{
  material: new ObjectId('6a3e24312f2b2f71f964fd6d'),
  percentage: 48.03,
  _id: new ObjectId('6a8ae19f4e390eec88528523')
},{
  material: new ObjectId('6a3e24312f2b2f71f964fd73'),
  percentage: 0.97,
  _id: new ObjectId('6a8ae19f4e390eec88528524')
},{
  material: new ObjectId('6a3e24312f2b2f71f964fd7a'),
  percentage: 0.97,
  _id: new ObjectId('6a8ae19f4e390eec88528525')
},{
  material: new ObjectId('6a3e24312f2b2f71f964fd82'),
  percentage: 0.97,
  _id: new ObjectId('6a8ae19f4e390eec88528526')
},{
  material: new ObjectId('6a3e24312f2b2f71f964fd73'),
  percentage: 0.92,
  _id: new ObjectId('6a8ae19f4e390eec88528527')
},{
  material: new ObjectId('6a3e24312f2b2f71f964fd7a'),
  percentage: 0.92,
  _id: new ObjectId('6a8ae19f4e390eec88528528')
},{
  material: new ObjectId('6a3e24312f2b2f71f964fd82'),
  percentage: 0.92,
  _id: new ObjectId('6a8ae19f4e390eec88528529')
},{
  material: new ObjectId('6a3e24312f2b2f71f964fd73'),
  percentage: 0.98,
  _id: new ObjectId('6a8ae19f4e390eec8852852a')
},{
  material: new ObjectId('6a3e24312f2b2f71f964fd7a'),
  percentage: 0.98,
  _id: new ObjectId('6a8ae19f4e390eec8852852b')
},{
  material: new ObjectId('6a3e24312f2b2f71f964fd82'),
  percentage: 0.98,
  _id: new ObjectId('6a8ae19f4e390eec8852852c')
},{
  material: new ObjectId('6a3e24312f2b2f71f964fd73'),
  percentage: 1.03,
  _id: new ObjectId('6a8ae19f4e390eec8852852d')
},{
  material: new ObjectId('6a3e24312f2b2f71f964fd7a'),
  percentage: 1.03,
  _id: new ObjectId('6a8ae19f4e390eec8852852e')
},{
  material: new ObjectId('6a3e24312f2b2f71f964fd82'),
  percentage: 1.03,
  _id: new ObjectId('6a8ae19f4e390eec8852852f')
},{
  material: new ObjectId('6a3e24312f2b2f71f964fd73'),
  percentage: 1.09,
  _id: new ObjectId('6a8ae19f4e390eec88528531')
},{
  material: new ObjectId('6a3e24312f2b2f71f964fd7a'),
  percentage: 1.09,
  _id: new ObjectId('6a8ae19f4e390eec88528532')
},{
  material: new ObjectId('6a3e24312f2b2f71f964fd82'),
  percentage: 1.09,
  _id: new ObjectId('6a8ae19f4e390eec88528533')
},{
  material: new ObjectId('6a3e242f2f2b2f71f964fd46'),
  percentage: 37.01,
  _id: new ObjectId('6a8ae19f4e390eec88528530')
}
Fantasy Spray,Fant_SP,spray,30,1000,18.900000000000013,11.103,0,510.31,true,Fruity floral fragrance with sweet undertones. Perfect for daytime elegance.,medium,daytime,fruity floral sweet,,{
  material: new ObjectId('6a3e24312f2b2f71f964fd6d'),
  percentage: 48.03,
  _id: new ObjectId('6a8ae19f4e390eec88528523')
},{
  material: new ObjectId('6a3e24312f2b2f71f964fd73'),
  percentage: 0.97,
  _id: new ObjectId('6a8ae19f4e390eec88528524')
},{
  material: new ObjectId('6a3e24312f2b2f71f964fd7a'),
  percentage: 0.97,
  _id: new ObjectId('6a8ae19f4e390eec88528525')
},{
  material: new ObjectId('6a3e24312f2b2f71f964fd82'),
  percentage: 0.97,
  _id: new ObjectId('6a8ae19f4e390eec88528526')
},{
  material: new ObjectId('6a3e24312f2b2f71f964fd73'),
  percentage: 0.92,
  _id: new ObjectId('6a8ae19f4e390eec88528527')
},{
  material: new ObjectId('6a3e24312f2b2f71f964fd7a'),
  percentage: 0.92,
  _id: new ObjectId('6a8ae19f4e390eec88528528')
},{
  material: new ObjectId('6a3e24312f2b2f71f964fd82'),
  percentage: 0.92,
  _id: new ObjectId('6a8ae19f4e390eec88528529')
},{
  material: new ObjectId('6a3e24312f2b2f71f964fd73'),
  percentage: 0.98,
  _id: new ObjectId('6a8ae19f4e390eec8852852a')
},{
  material: new ObjectId('6a3e24312f2b2f71f964fd7a'),
  percentage: 0.98,
  _id: new ObjectId('6a8ae19f4e390eec8852852b')
},{
  material: new ObjectId('6a3e24312f2b2f71f964fd82'),
  percentage: 0.98,
  _id: new ObjectId('6a8ae19f4e390eec8852852c')
},{
  material: new ObjectId('6a3e24312f2b2f71f964fd73'),
  percentage: 1.03,
  _id: new ObjectId('6a8ae19f4e390eec8852852d')
},{
  material: new ObjectId('6a3e24312f2b2f71f964fd7a'),
  percentage: 1.03,
  _id: new ObjectId('6a8ae19f4e390eec8852852e')
},{
  material: new ObjectId('6a3e24312f2b2f71f964fd82'),
  percentage: 1.03,
  _id: new ObjectId('6a8ae19f4e390eec8852852f')
},{
  material: new ObjectId('6a3e24312f2b2f71f964fd73'),
  percentage: 1.09,
  _id: new ObjectId('6a8ae19f4e390eec88528531')
},{
  material: new ObjectId('6a3e24312f2b2f71f964fd7a'),
  percentage: 1.09,
  _id: new ObjectId('6a8ae19f4e390eec88528532')
},{
  material: new ObjectId('6a3e24312f2b2f71f964fd82'),
  percentage: 1.09,
  _id: new ObjectId('6a8ae19f4e390eec88528533')
},{
  material: new ObjectId('6a3e242f2f2b2f71f964fd46'),
  percentage: 37.01,
  _id: new ObjectId('6a8ae19f4e390eec88528530')
}
Fantasy Spray,Fant_SP,spray,50,1300,31.500000000000004,18.505,0,733.85,true,Fruity floral fragrance with sweet undertones. Perfect for daytime elegance.,medium,daytime,fruity floral sweet,,{
  material: new ObjectId('6a3e24312f2b2f71f964fd6d'),
  percentage: 48.03,
  _id: new ObjectId('6a8ae19f4e390eec88528523')
},{
  material: new ObjectId('6a3e24312f2b2f71f964fd73'),
  percentage: 0.97,
  _id: new ObjectId('6a8ae19f4e390eec88528524')
},{
  material: new ObjectId('6a3e24312f2b2f71f964fd7a'),
  percentage: 0.97,
  _id: new ObjectId('6a8ae19f4e390eec88528525')
},{
  material: new ObjectId('6a3e24312f2b2f71f964fd82'),
  percentage: 0.97,
  _id: new ObjectId('6a8ae19f4e390eec88528526')
},{
  material: new ObjectId('6a3e24312f2b2f71f964fd73'),
  percentage: 0.92,
  _id: new ObjectId('6a8ae19f4e390eec88528527')
},{
  material: new ObjectId('6a3e24312f2b2f71f964fd7a'),
  percentage: 0.92,
  _id: new ObjectId('6a8ae19f4e390eec88528528')
},{
  material: new ObjectId('6a3e24312f2b2f71f964fd82'),
  percentage: 0.92,
  _id: new ObjectId('6a8ae19f4e390eec88528529')
},{
  material: new ObjectId('6a3e24312f2b2f71f964fd73'),
  percentage: 0.98,
  _id: new ObjectId('6a8ae19f4e390eec8852852a')
},{
  material: new ObjectId('6a3e24312f2b2f71f964fd7a'),
  percentage: 0.98,
  _id: new ObjectId('6a8ae19f4e390eec8852852b')
},{
  material: new ObjectId('6a3e24312f2b2f71f964fd82'),
  percentage: 0.98,
  _id: new ObjectId('6a8ae19f4e390eec8852852c')
},{
  material: new ObjectId('6a3e24312f2b2f71f964fd73'),
  percentage: 1.03,
  _id: new ObjectId('6a8ae19f4e390eec8852852d')
},{
  material: new ObjectId('6a3e24312f2b2f71f964fd7a'),
  percentage: 1.03,
  _id: new ObjectId('6a8ae19f4e390eec8852852e')
},{
  material: new ObjectId('6a3e24312f2b2f71f964fd82'),
  percentage: 1.03,
  _id: new ObjectId('6a8ae19f4e390eec8852852f')
},{
  material: new ObjectId('6a3e24312f2b2f71f964fd73'),
  percentage: 1.09,
  _id: new ObjectId('6a8ae19f4e390eec88528531')
},{
  material: new ObjectId('6a3e24312f2b2f71f964fd7a'),
  percentage: 1.09,
  _id: new ObjectId('6a8ae19f4e390eec88528532')
},{
  material: new ObjectId('6a3e24312f2b2f71f964fd82'),
  percentage: 1.09,
  _id: new ObjectId('6a8ae19f4e390eec88528533')
},{
  material: new ObjectId('6a3e242f2f2b2f71f964fd46'),
  percentage: 37.01,
  _id: new ObjectId('6a8ae19f4e390eec88528530')
}
Fantasy Spray,Fant_SP,spray,100,1700,63.00000000000001,37.01,0,1282.7,true,Fruity floral fragrance with sweet undertones. Perfect for daytime elegance.,medium,daytime,fruity floral sweet,,{
  material: new ObjectId('6a3e24312f2b2f71f964fd6d'),
  percentage: 48.03,
  _id: new ObjectId('6a8ae19f4e390eec88528523')
},{
  material: new ObjectId('6a3e24312f2b2f71f964fd73'),
  percentage: 0.97,
  _id: new ObjectId('6a8ae19f4e390eec88528524')
},{
  material: new ObjectId('6a3e24312f2b2f71f964fd7a'),
  percentage: 0.97,
  _id: new ObjectId('6a8ae19f4e390eec88528525')
},{
  material: new ObjectId('6a3e24312f2b2f71f964fd82'),
  percentage: 0.97,
  _id: new ObjectId('6a8ae19f4e390eec88528526')
},{
  material: new ObjectId('6a3e24312f2b2f71f964fd73'),
  percentage: 0.92,
  _id: new ObjectId('6a8ae19f4e390eec88528527')
},{
  material: new ObjectId('6a3e24312f2b2f71f964fd7a'),
  percentage: 0.92,
  _id: new ObjectId('6a8ae19f4e390eec88528528')
},{
  material: new ObjectId('6a3e24312f2b2f71f964fd82'),
  percentage: 0.92,
  _id: new ObjectId('6a8ae19f4e390eec88528529')
},{
  material: new ObjectId('6a3e24312f2b2f71f964fd73'),
  percentage: 0.98,
  _id: new ObjectId('6a8ae19f4e390eec8852852a')
},{
  material: new ObjectId('6a3e24312f2b2f71f964fd7a'),
  percentage: 0.98,
  _id: new ObjectId('6a8ae19f4e390eec8852852b')
},{
  material: new ObjectId('6a3e24312f2b2f71f964fd82'),
  percentage: 0.98,
  _id: new ObjectId('6a8ae19f4e390eec8852852c')
},{
  material: new ObjectId('6a3e24312f2b2f71f964fd73'),
  percentage: 1.03,
  _id: new ObjectId('6a8ae19f4e390eec8852852d')
},{
  material: new ObjectId('6a3e24312f2b2f71f964fd7a'),
  percentage: 1.03,
  _id: new ObjectId('6a8ae19f4e390eec8852852e')
},{
  material: new ObjectId('6a3e24312f2b2f71f964fd82'),
  percentage: 1.03,
  _id: new ObjectId('6a8ae19f4e390eec8852852f')
},{
  material: new ObjectId('6a3e24312f2b2f71f964fd73'),
  percentage: 1.09,
  _id: new ObjectId('6a8ae19f4e390eec88528531')
},{
  material: new ObjectId('6a3e24312f2b2f71f964fd7a'),
  percentage: 1.09,
  _id: new ObjectId('6a8ae19f4e390eec88528532')
},{
  material: new ObjectId('6a3e24312f2b2f71f964fd82'),
  percentage: 1.09,
  _id: new ObjectId('6a8ae19f4e390eec88528533')
},{
  material: new ObjectId('6a3e242f2f2b2f71f964fd46'),
  percentage: 37.01,
  _id: new ObjectId('6a8ae19f4e390eec88528530')
}
Fantasy Spray,Fant_2_SP,spray,6,240,3.78,2.2206,0,0,true,Fantasy Spray – a spray fragrance with distinctive notes.,medium,all,premium,aromatic,,{
  material: new ObjectId('6a3e24312f2b2f71f964fd6d'),
  percentage: 48.03,
  _id: new ObjectId('6a8ae1a54e390eec88528866')
},{
  material: new ObjectId('6a3e24312f2b2f71f964fd73'),
  percentage: 0.97,
  _id: new ObjectId('6a8ae1a54e390eec88528867')
},{
  material: new ObjectId('6a3e24312f2b2f71f964fd7a'),
  percentage: 0.97,
  _id: new ObjectId('6a8ae1a54e390eec88528868')
},{
  material: new ObjectId('6a3e24312f2b2f71f964fd82'),
  percentage: 0.97,
  _id: new ObjectId('6a8ae1a54e390eec88528869')
},{
  material: new ObjectId('6a3e24312f2b2f71f964fd73'),
  percentage: 0.92,
  _id: new ObjectId('6a8ae1a54e390eec8852886a')
},{
  material: new ObjectId('6a3e24312f2b2f71f964fd7a'),
  percentage: 0.92,
  _id: new ObjectId('6a8ae1a54e390eec8852886b')
},{
  material: new ObjectId('6a3e24312f2b2f71f964fd82'),
  percentage: 0.92,
  _id: new ObjectId('6a8ae1a54e390eec8852886c')
},{
  material: new ObjectId('6a3e24312f2b2f71f964fd73'),
  percentage: 0.98,
  _id: new ObjectId('6a8ae1a54e390eec8852886d')
},{
  material: new ObjectId('6a3e24312f2b2f71f964fd7a'),
  percentage: 0.98,
  _id: new ObjectId('6a8ae1a54e390eec8852886e')
},{
  material: new ObjectId('6a3e24312f2b2f71f964fd82'),
  percentage: 0.98,
  _id: new ObjectId('6a8ae1a54e390eec8852886f')
},{
  material: new ObjectId('6a3e24312f2b2f71f964fd73'),
  percentage: 1.03,
  _id: new ObjectId('6a8ae1a54e390eec88528870')
},{
  material: new ObjectId('6a3e24312f2b2f71f964fd7a'),
  percentage: 1.03,
  _id: new ObjectId('6a8ae1a54e390eec88528871')
},{
  material: new ObjectId('6a3e24312f2b2f71f964fd82'),
  percentage: 1.03,
  _id: new ObjectId('6a8ae1a54e390eec88528872')
},{
  material: new ObjectId('6a3e24312f2b2f71f964fd73'),
  percentage: 1.09,
  _id: new ObjectId('6a8ae1a54e390eec88528874')
},{
  material: new ObjectId('6a3e24312f2b2f71f964fd7a'),
  percentage: 1.09,
  _id: new ObjectId('6a8ae1a54e390eec88528875')
},{
  material: new ObjectId('6a3e24312f2b2f71f964fd82'),
  percentage: 1.09,
  _id: new ObjectId('6a8ae1a54e390eec88528876')
},{
  material: new ObjectId('6a3e242f2f2b2f71f964fd46'),
  percentage: 37.01,
  _id: new ObjectId('6a8ae1a54e390eec88528873')
}
Fantasy Spray,Fant_2_SP,spray,15,600,9.450000000000006,5.5515,0,0,true,Fantasy Spray – a spray fragrance with distinctive notes.,medium,all,premium,aromatic,,{
  material: new ObjectId('6a3e24312f2b2f71f964fd6d'),
  percentage: 48.03,
  _id: new ObjectId('6a8ae1a54e390eec88528866')
},{
  material: new ObjectId('6a3e24312f2b2f71f964fd73'),
  percentage: 0.97,
  _id: new ObjectId('6a8ae1a54e390eec88528867')
},{
  material: new ObjectId('6a3e24312f2b2f71f964fd7a'),
  percentage: 0.97,
  _id: new ObjectId('6a8ae1a54e390eec88528868')
},{
  material: new ObjectId('6a3e24312f2b2f71f964fd82'),
  percentage: 0.97,
  _id: new ObjectId('6a8ae1a54e390eec88528869')
},{
  material: new ObjectId('6a3e24312f2b2f71f964fd73'),
  percentage: 0.92,
  _id: new ObjectId('6a8ae1a54e390eec8852886a')
},{
  material: new ObjectId('6a3e24312f2b2f71f964fd7a'),
  percentage: 0.92,
  _id: new ObjectId('6a8ae1a54e390eec8852886b')
},{
  material: new ObjectId('6a3e24312f2b2f71f964fd82'),
  percentage: 0.92,
  _id: new ObjectId('6a8ae1a54e390eec8852886c')
},{
  material: new ObjectId('6a3e24312f2b2f71f964fd73'),
  percentage: 0.98,
  _id: new ObjectId('6a8ae1a54e390eec8852886d')
},{
  material: new ObjectId('6a3e24312f2b2f71f964fd7a'),
  percentage: 0.98,
  _id: new ObjectId('6a8ae1a54e390eec8852886e')
},{
  material: new ObjectId('6a3e24312f2b2f71f964fd82'),
  percentage: 0.98,
  _id: new ObjectId('6a8ae1a54e390eec8852886f')
},{
  material: new ObjectId('6a3e24312f2b2f71f964fd73'),
  percentage: 1.03,
  _id: new ObjectId('6a8ae1a54e390eec88528870')
},{
  material: new ObjectId('6a3e24312f2b2f71f964fd7a'),
  percentage: 1.03,
  _id: new ObjectId('6a8ae1a54e390eec88528871')
},{
  material: new ObjectId('6a3e24312f2b2f71f964fd82'),
  percentage: 1.03,
  _id: new ObjectId('6a8ae1a54e390eec88528872')
},{
  material: new ObjectId('6a3e24312f2b2f71f964fd73'),
  percentage: 1.09,
  _id: new ObjectId('6a8ae1a54e390eec88528874')
},{
  material: new ObjectId('6a3e24312f2b2f71f964fd7a'),
  percentage: 1.09,
  _id: new ObjectId('6a8ae1a54e390eec88528875')
},{
  material: new ObjectId('6a3e24312f2b2f71f964fd82'),
  percentage: 1.09,
  _id: new ObjectId('6a8ae1a54e390eec88528876')
},{
  material: new ObjectId('6a3e242f2f2b2f71f964fd46'),
  percentage: 37.01,
  _id: new ObjectId('6a8ae1a54e390eec88528873')
}
Fantasy Spray,Fant_2_SP,spray,30,1200,18.900000000000013,11.103,0,0,true,Fantasy Spray – a spray fragrance with distinctive notes.,medium,all,premium,aromatic,,{
  material: new ObjectId('6a3e24312f2b2f71f964fd6d'),
  percentage: 48.03,
  _id: new ObjectId('6a8ae1a54e390eec88528866')
},{
  material: new ObjectId('6a3e24312f2b2f71f964fd73'),
  percentage: 0.97,
  _id: new ObjectId('6a8ae1a54e390eec88528867')
},{
  material: new ObjectId('6a3e24312f2b2f71f964fd7a'),
  percentage: 0.97,
  _id: new ObjectId('6a8ae1a54e390eec88528868')
},{
  material: new ObjectId('6a3e24312f2b2f71f964fd82'),
  percentage: 0.97,
  _id: new ObjectId('6a8ae1a54e390eec88528869')
},{
  material: new ObjectId('6a3e24312f2b2f71f964fd73'),
  percentage: 0.92,
  _id: new ObjectId('6a8ae1a54e390eec8852886a')
},{
  material: new ObjectId('6a3e24312f2b2f71f964fd7a'),
  percentage: 0.92,
  _id: new ObjectId('6a8ae1a54e390eec8852886b')
},{
  material: new ObjectId('6a3e24312f2b2f71f964fd82'),
  percentage: 0.92,
  _id: new ObjectId('6a8ae1a54e390eec8852886c')
},{
  material: new ObjectId('6a3e24312f2b2f71f964fd73'),
  percentage: 0.98,
  _id: new ObjectId('6a8ae1a54e390eec8852886d')
},{
  material: new ObjectId('6a3e24312f2b2f71f964fd7a'),
  percentage: 0.98,
  _id: new ObjectId('6a8ae1a54e390eec8852886e')
},{
  material: new ObjectId('6a3e24312f2b2f71f964fd82'),
  percentage: 0.98,
  _id: new ObjectId('6a8ae1a54e390eec8852886f')
},{
  material: new ObjectId('6a3e24312f2b2f71f964fd73'),
  percentage: 1.03,
  _id: new ObjectId('6a8ae1a54e390eec88528870')
},{
  material: new ObjectId('6a3e24312f2b2f71f964fd7a'),
  percentage: 1.03,
  _id: new ObjectId('6a8ae1a54e390eec88528871')
},{
  material: new ObjectId('6a3e24312f2b2f71f964fd82'),
  percentage: 1.03,
  _id: new ObjectId('6a8ae1a54e390eec88528872')
},{
  material: new ObjectId('6a3e24312f2b2f71f964fd73'),
  percentage: 1.09,
  _id: new ObjectId('6a8ae1a54e390eec88528874')
},{
  material: new ObjectId('6a3e24312f2b2f71f964fd7a'),
  percentage: 1.09,
  _id: new ObjectId('6a8ae1a54e390eec88528875')
},{
  material: new ObjectId('6a3e24312f2b2f71f964fd82'),
  percentage: 1.09,
  _id: new ObjectId('6a8ae1a54e390eec88528876')
},{
  material: new ObjectId('6a3e242f2f2b2f71f964fd46'),
  percentage: 37.01,
  _id: new ObjectId('6a8ae1a54e390eec88528873')
}
Fantasy Spray,Fant_2_SP,spray,50,2000,31.500000000000004,18.505,0,0,true,Fantasy Spray – a spray fragrance with distinctive notes.,medium,all,premium,aromatic,,{
  material: new ObjectId('6a3e24312f2b2f71f964fd6d'),
  percentage: 48.03,
  _id: new ObjectId('6a8ae1a54e390eec88528866')
},{
  material: new ObjectId('6a3e24312f2b2f71f964fd73'),
  percentage: 0.97,
  _id: new ObjectId('6a8ae1a54e390eec88528867')
},{
  material: new ObjectId('6a3e24312f2b2f71f964fd7a'),
  percentage: 0.97,
  _id: new ObjectId('6a8ae1a54e390eec88528868')
},{
  material: new ObjectId('6a3e24312f2b2f71f964fd82'),
  percentage: 0.97,
  _id: new ObjectId('6a8ae1a54e390eec88528869')
},{
  material: new ObjectId('6a3e24312f2b2f71f964fd73'),
  percentage: 0.92,
  _id: new ObjectId('6a8ae1a54e390eec8852886a')
},{
  material: new ObjectId('6a3e24312f2b2f71f964fd7a'),
  percentage: 0.92,
  _id: new ObjectId('6a8ae1a54e390eec8852886b')
},{
  material: new ObjectId('6a3e24312f2b2f71f964fd82'),
  percentage: 0.92,
  _id: new ObjectId('6a8ae1a54e390eec8852886c')
},{
  material: new ObjectId('6a3e24312f2b2f71f964fd73'),
  percentage: 0.98,
  _id: new ObjectId('6a8ae1a54e390eec8852886d')
},{
  material: new ObjectId('6a3e24312f2b2f71f964fd7a'),
  percentage: 0.98,
  _id: new ObjectId('6a8ae1a54e390eec8852886e')
},{
  material: new ObjectId('6a3e24312f2b2f71f964fd82'),
  percentage: 0.98,
  _id: new ObjectId('6a8ae1a54e390eec8852886f')
},{
  material: new ObjectId('6a3e24312f2b2f71f964fd73'),
  percentage: 1.03,
  _id: new ObjectId('6a8ae1a54e390eec88528870')
},{
  material: new ObjectId('6a3e24312f2b2f71f964fd7a'),
  percentage: 1.03,
  _id: new ObjectId('6a8ae1a54e390eec88528871')
},{
  material: new ObjectId('6a3e24312f2b2f71f964fd82'),
  percentage: 1.03,
  _id: new ObjectId('6a8ae1a54e390eec88528872')
},{
  material: new ObjectId('6a3e24312f2b2f71f964fd73'),
  percentage: 1.09,
  _id: new ObjectId('6a8ae1a54e390eec88528874')
},{
  material: new ObjectId('6a3e24312f2b2f71f964fd7a'),
  percentage: 1.09,
  _id: new ObjectId('6a8ae1a54e390eec88528875')
},{
  material: new ObjectId('6a3e24312f2b2f71f964fd82'),
  percentage: 1.09,
  _id: new ObjectId('6a8ae1a54e390eec88528876')
},{
  material: new ObjectId('6a3e242f2f2b2f71f964fd46'),
  percentage: 37.01,
  _id: new ObjectId('6a8ae1a54e390eec88528873')
}
Fantasy Spray,Fant_2_SP,spray,100,4000,63.00000000000001,37.01,0,0,true,Fantasy Spray – a spray fragrance with distinctive notes.,medium,all,premium,aromatic,,{
  material: new ObjectId('6a3e24312f2b2f71f964fd6d'),
  percentage: 48.03,
  _id: new ObjectId('6a8ae1a54e390eec88528866')
},{
  material: new ObjectId('6a3e24312f2b2f71f964fd73'),
  percentage: 0.97,
  _id: new ObjectId('6a8ae1a54e390eec88528867')
},{
  material: new ObjectId('6a3e24312f2b2f71f964fd7a'),
  percentage: 0.97,
  _id: new ObjectId('6a8ae1a54e390eec88528868')
},{
  material: new ObjectId('6a3e24312f2b2f71f964fd82'),
  percentage: 0.97,
  _id: new ObjectId('6a8ae1a54e390eec88528869')
},{
  material: new ObjectId('6a3e24312f2b2f71f964fd73'),
  percentage: 0.92,
  _id: new ObjectId('6a8ae1a54e390eec8852886a')
},{
  material: new ObjectId('6a3e24312f2b2f71f964fd7a'),
  percentage: 0.92,
  _id: new ObjectId('6a8ae1a54e390eec8852886b')
},{
  material: new ObjectId('6a3e24312f2b2f71f964fd82'),
  percentage: 0.92,
  _id: new ObjectId('6a8ae1a54e390eec8852886c')
},{
  material: new ObjectId('6a3e24312f2b2f71f964fd73'),
  percentage: 0.98,
  _id: new ObjectId('6a8ae1a54e390eec8852886d')
},{
  material: new ObjectId('6a3e24312f2b2f71f964fd7a'),
  percentage: 0.98,
  _id: new ObjectId('6a8ae1a54e390eec8852886e')
},{
  material: new ObjectId('6a3e24312f2b2f71f964fd82'),
  percentage: 0.98,
  _id: new ObjectId('6a8ae1a54e390eec8852886f')
},{
  material: new ObjectId('6a3e24312f2b2f71f964fd73'),
  percentage: 1.03,
  _id: new ObjectId('6a8ae1a54e390eec88528870')
},{
  material: new ObjectId('6a3e24312f2b2f71f964fd7a'),
  percentage: 1.03,
  _id: new ObjectId('6a8ae1a54e390eec88528871')
},{
  material: new ObjectId('6a3e24312f2b2f71f964fd82'),
  percentage: 1.03,
  _id: new ObjectId('6a8ae1a54e390eec88528872')
},{
  material: new ObjectId('6a3e24312f2b2f71f964fd73'),
  percentage: 1.09,
  _id: new ObjectId('6a8ae1a54e390eec88528874')
},{
  material: new ObjectId('6a3e24312f2b2f71f964fd7a'),
  percentage: 1.09,
  _id: new ObjectId('6a8ae1a54e390eec88528875')
},{
  material: new ObjectId('6a3e24312f2b2f71f964fd82'),
  percentage: 1.09,
  _id: new ObjectId('6a8ae1a54e390eec88528876')
},{
  material: new ObjectId('6a3e242f2f2b2f71f964fd46'),
  percentage: 37.01,
  _id: new ObjectId('6a8ae1a54e390eec88528873')
}
Fogg,Fgg,roll-on,3.5,150,3.5,0,0,0,true,Fresh aquatic fragrance. Clean and refreshing for daytime.,medium,daytime,aquatic fresh,6a3e24302f2b2f71f964fd56,
Fogg,Fgg,roll-on,6,250,6,0,0,0,true,Fresh aquatic fragrance. Clean and refreshing for daytime.,medium,daytime,aquatic fresh,6a3e24302f2b2f71f964fd56,
Fogg,Fgg,roll-on,15,650,15,0,0,0,true,Fresh aquatic fragrance. Clean and refreshing for daytime.,medium,daytime,aquatic fresh,6a3e24302f2b2f71f964fd56,
Fogg,Fgg,roll-on,30,1250,30,0,0,0,true,Fresh aquatic fragrance. Clean and refreshing for daytime.,medium,daytime,aquatic fresh,6a3e24302f2b2f71f964fd56,
Fogg Spray,Fgg_SP,spray,6,300,3.78,2.2206,0,0,true,Fresh aquatic fragrance. Clean and refreshing for daytime.,medium,daytime,aquatic fresh,,{
  material: new ObjectId('6a3e24302f2b2f71f964fd56'),
  percentage: 48.03,
  _id: new ObjectId('6a8ae1a34e390eec8852878f')
},{
  material: new ObjectId('6a3e24312f2b2f71f964fd73'),
  percentage: 0.97,
  _id: new ObjectId('6a8ae1a34e390eec88528790')
},{
  material: new ObjectId('6a3e24312f2b2f71f964fd7a'),
  percentage: 0.97,
  _id: new ObjectId('6a8ae1a34e390eec88528791')
},{
  material: new ObjectId('6a3e24312f2b2f71f964fd82'),
  percentage: 0.97,
  _id: new ObjectId('6a8ae1a34e390eec88528792')
},{
  material: new ObjectId('6a3e24312f2b2f71f964fd73'),
  percentage: 0.92,
  _id: new ObjectId('6a8ae1a34e390eec88528793')
},{
  material: new ObjectId('6a3e24312f2b2f71f964fd7a'),
  percentage: 0.92,
  _id: new ObjectId('6a8ae1a34e390eec88528794')
},{
  material: new ObjectId('6a3e24312f2b2f71f964fd82'),
  percentage: 0.92,
  _id: new ObjectId('6a8ae1a34e390eec88528795')
},{
  material: new ObjectId('6a3e24312f2b2f71f964fd73'),
  percentage: 0.98,
  _id: new ObjectId('6a8ae1a34e390eec88528796')
},{
  material: new ObjectId('6a3e24312f2b2f71f964fd7a'),
  percentage: 0.98,
  _id: new ObjectId('6a8ae1a34e390eec88528797')
},{
  material: new ObjectId('6a3e24312f2b2f71f964fd82'),
  percentage: 0.98,
  _id: new ObjectId('6a8ae1a34e390eec88528798')
},{
  material: new ObjectId('6a3e24312f2b2f71f964fd73'),
  percentage: 1.03,
  _id: new ObjectId('6a8ae1a34e390eec88528799')
},{
  material: new ObjectId('6a3e24312f2b2f71f964fd7a'),
  percentage: 1.03,
  _id: new ObjectId('6a8ae1a34e390eec8852879a')
},{
  material: new ObjectId('6a3e24312f2b2f71f964fd82'),
  percentage: 1.03,
  _id: new ObjectId('6a8ae1a34e390eec8852879b')
},{
  material: new ObjectId('6a3e24312f2b2f71f964fd73'),
  percentage: 1.09,
  _id: new ObjectId('6a8ae1a34e390eec8852879d')
},{
  material: new ObjectId('6a3e24312f2b2f71f964fd7a'),
  percentage: 1.09,
  _id: new ObjectId('6a8ae1a34e390eec8852879e')
},{
  material: new ObjectId('6a3e24312f2b2f71f964fd82'),
  percentage: 1.09,
  _id: new ObjectId('6a8ae1a34e390eec8852879f')
},{
  material: new ObjectId('6a3e242f2f2b2f71f964fd46'),
  percentage: 37.01,
  _id: new ObjectId('6a8ae1a34e390eec8852879c')
}
Fogg Spray,Fgg_SP,spray,15,700,9.450000000000006,5.5515,0,0,true,Fresh aquatic fragrance. Clean and refreshing for daytime.,medium,daytime,aquatic fresh,,{
  material: new ObjectId('6a3e24302f2b2f71f964fd56'),
  percentage: 48.03,
  _id: new ObjectId('6a8ae1a34e390eec8852878f')
},{
  material: new ObjectId('6a3e24312f2b2f71f964fd73'),
  percentage: 0.97,
  _id: new ObjectId('6a8ae1a34e390eec88528790')
},{
  material: new ObjectId('6a3e24312f2b2f71f964fd7a'),
  percentage: 0.97,
  _id: new ObjectId('6a8ae1a34e390eec88528791')
},{
  material: new ObjectId('6a3e24312f2b2f71f964fd82'),
  percentage: 0.97,
  _id: new ObjectId('6a8ae1a34e390eec88528792')
},{
  material: new ObjectId('6a3e24312f2b2f71f964fd73'),
  percentage: 0.92,
  _id: new ObjectId('6a8ae1a34e390eec88528793')
},{
  material: new ObjectId('6a3e24312f2b2f71f964fd7a'),
  percentage: 0.92,
  _id: new ObjectId('6a8ae1a34e390eec88528794')
},{
  material: new ObjectId('6a3e24312f2b2f71f964fd82'),
  percentage: 0.92,
  _id: new ObjectId('6a8ae1a34e390eec88528795')
},{
  material: new ObjectId('6a3e24312f2b2f71f964fd73'),
  percentage: 0.98,
  _id: new ObjectId('6a8ae1a34e390eec88528796')
},{
  material: new ObjectId('6a3e24312f2b2f71f964fd7a'),
  percentage: 0.98,
  _id: new ObjectId('6a8ae1a34e390eec88528797')
},{
  material: new ObjectId('6a3e24312f2b2f71f964fd82'),
  percentage: 0.98,
  _id: new ObjectId('6a8ae1a34e390eec88528798')
},{
  material: new ObjectId('6a3e24312f2b2f71f964fd73'),
  percentage: 1.03,
  _id: new ObjectId('6a8ae1a34e390eec88528799')
},{
  material: new ObjectId('6a3e24312f2b2f71f964fd7a'),
  percentage: 1.03,
  _id: new ObjectId('6a8ae1a34e390eec8852879a')
},{
  material: new ObjectId('6a3e24312f2b2f71f964fd82'),
  percentage: 1.03,
  _id: new ObjectId('6a8ae1a34e390eec8852879b')
},{
  material: new ObjectId('6a3e24312f2b2f71f964fd73'),
  percentage: 1.09,
  _id: new ObjectId('6a8ae1a34e390eec8852879d')
},{
  material: new ObjectId('6a3e24312f2b2f71f964fd7a'),
  percentage: 1.09,
  _id: new ObjectId('6a8ae1a34e390eec8852879e')
},{
  material: new ObjectId('6a3e24312f2b2f71f964fd82'),
  percentage: 1.09,
  _id: new ObjectId('6a8ae1a34e390eec8852879f')
},{
  material: new ObjectId('6a3e242f2f2b2f71f964fd46'),
  percentage: 37.01,
  _id: new ObjectId('6a8ae1a34e390eec8852879c')
}
Fogg Spray,Fgg_SP,spray,30,1000,18.900000000000013,11.103,0,0,true,Fresh aquatic fragrance. Clean and refreshing for daytime.,medium,daytime,aquatic fresh,,{
  material: new ObjectId('6a3e24302f2b2f71f964fd56'),
  percentage: 48.03,
  _id: new ObjectId('6a8ae1a34e390eec8852878f')
},{
  material: new ObjectId('6a3e24312f2b2f71f964fd73'),
  percentage: 0.97,
  _id: new ObjectId('6a8ae1a34e390eec88528790')
},{
  material: new ObjectId('6a3e24312f2b2f71f964fd7a'),
  percentage: 0.97,
  _id: new ObjectId('6a8ae1a34e390eec88528791')
},{
  material: new ObjectId('6a3e24312f2b2f71f964fd82'),
  percentage: 0.97,
  _id: new ObjectId('6a8ae1a34e390eec88528792')
},{
  material: new ObjectId('6a3e24312f2b2f71f964fd73'),
  percentage: 0.92,
  _id: new ObjectId('6a8ae1a34e390eec88528793')
},{
  material: new ObjectId('6a3e24312f2b2f71f964fd7a'),
  percentage: 0.92,
  _id: new ObjectId('6a8ae1a34e390eec88528794')
},{
  material: new ObjectId('6a3e24312f2b2f71f964fd82'),
  percentage: 0.92,
  _id: new ObjectId('6a8ae1a34e390eec88528795')
},{
  material: new ObjectId('6a3e24312f2b2f71f964fd73'),
  percentage: 0.98,
  _id: new ObjectId('6a8ae1a34e390eec88528796')
},{
  material: new ObjectId('6a3e24312f2b2f71f964fd7a'),
  percentage: 0.98,
  _id: new ObjectId('6a8ae1a34e390eec88528797')
},{
  material: new ObjectId('6a3e24312f2b2f71f964fd82'),
  percentage: 0.98,
  _id: new ObjectId('6a8ae1a34e390eec88528798')
},{
  material: new ObjectId('6a3e24312f2b2f71f964fd73'),
  percentage: 1.03,
  _id: new ObjectId('6a8ae1a34e390eec88528799')
},{
  material: new ObjectId('6a3e24312f2b2f71f964fd7a'),
  percentage: 1.03,
  _id: new ObjectId('6a8ae1a34e390eec8852879a')
},{
  material: new ObjectId('6a3e24312f2b2f71f964fd82'),
  percentage: 1.03,
  _id: new ObjectId('6a8ae1a34e390eec8852879b')
},{
  material: new ObjectId('6a3e24312f2b2f71f964fd73'),
  percentage: 1.09,
  _id: new ObjectId('6a8ae1a34e390eec8852879d')
},{
  material: new ObjectId('6a3e24312f2b2f71f964fd7a'),
  percentage: 1.09,
  _id: new ObjectId('6a8ae1a34e390eec8852879e')
},{
  material: new ObjectId('6a3e24312f2b2f71f964fd82'),
  percentage: 1.09,
  _id: new ObjectId('6a8ae1a34e390eec8852879f')
},{
  material: new ObjectId('6a3e242f2f2b2f71f964fd46'),
  percentage: 37.01,
  _id: new ObjectId('6a8ae1a34e390eec8852879c')
}
Fogg Spray,Fgg_SP,spray,50,1300,31.500000000000004,18.505,0,0,true,Fresh aquatic fragrance. Clean and refreshing for daytime.,medium,daytime,aquatic fresh,,{
  material: new ObjectId('6a3e24302f2b2f71f964fd56'),
  percentage: 48.03,
  _id: new ObjectId('6a8ae1a34e390eec8852878f')
},{
  material: new ObjectId('6a3e24312f2b2f71f964fd73'),
  percentage: 0.97,
  _id: new ObjectId('6a8ae1a34e390eec88528790')
},{
  material: new ObjectId('6a3e24312f2b2f71f964fd7a'),
  percentage: 0.97,
  _id: new ObjectId('6a8ae1a34e390eec88528791')
},{
  material: new ObjectId('6a3e24312f2b2f71f964fd82'),
  percentage: 0.97,
  _id: new ObjectId('6a8ae1a34e390eec88528792')
},{
  material: new ObjectId('6a3e24312f2b2f71f964fd73'),
  percentage: 0.92,
  _id: new ObjectId('6a8ae1a34e390eec88528793')
},{
  material: new ObjectId('6a3e24312f2b2f71f964fd7a'),
  percentage: 0.92,
  _id: new ObjectId('6a8ae1a34e390eec88528794')
},{
  material: new ObjectId('6a3e24312f2b2f71f964fd82'),
  percentage: 0.92,
  _id: new ObjectId('6a8ae1a34e390eec88528795')
},{
  material: new ObjectId('6a3e24312f2b2f71f964fd73'),
  percentage: 0.98,
  _id: new ObjectId('6a8ae1a34e390eec88528796')
},{
  material: new ObjectId('6a3e24312f2b2f71f964fd7a'),
  percentage: 0.98,
  _id: new ObjectId('6a8ae1a34e390eec88528797')
},{
  material: new ObjectId('6a3e24312f2b2f71f964fd82'),
  percentage: 0.98,
  _id: new ObjectId('6a8ae1a34e390eec88528798')
},{
  material: new ObjectId('6a3e24312f2b2f71f964fd73'),
  percentage: 1.03,
  _id: new ObjectId('6a8ae1a34e390eec88528799')
},{
  material: new ObjectId('6a3e24312f2b2f71f964fd7a'),
  percentage: 1.03,
  _id: new ObjectId('6a8ae1a34e390eec8852879a')
},{
  material: new ObjectId('6a3e24312f2b2f71f964fd82'),
  percentage: 1.03,
  _id: new ObjectId('6a8ae1a34e390eec8852879b')
},{
  material: new ObjectId('6a3e24312f2b2f71f964fd73'),
  percentage: 1.09,
  _id: new ObjectId('6a8ae1a34e390eec8852879d')
},{
  material: new ObjectId('6a3e24312f2b2f71f964fd7a'),
  percentage: 1.09,
  _id: new ObjectId('6a8ae1a34e390eec8852879e')
},{
  material: new ObjectId('6a3e24312f2b2f71f964fd82'),
  percentage: 1.09,
  _id: new ObjectId('6a8ae1a34e390eec8852879f')
},{
  material: new ObjectId('6a3e242f2f2b2f71f964fd46'),
  percentage: 37.01,
  _id: new ObjectId('6a8ae1a34e390eec8852879c')
}
Fogg Spray,Fgg_SP,spray,100,1700,63.00000000000001,37.01,0,0,true,Fresh aquatic fragrance. Clean and refreshing for daytime.,medium,daytime,aquatic fresh,,{
  material: new ObjectId('6a3e24302f2b2f71f964fd56'),
  percentage: 48.03,
  _id: new ObjectId('6a8ae1a34e390eec8852878f')
},{
  material: new ObjectId('6a3e24312f2b2f71f964fd73'),
  percentage: 0.97,
  _id: new ObjectId('6a8ae1a34e390eec88528790')
},{
  material: new ObjectId('6a3e24312f2b2f71f964fd7a'),
  percentage: 0.97,
  _id: new ObjectId('6a8ae1a34e390eec88528791')
},{
  material: new ObjectId('6a3e24312f2b2f71f964fd82'),
  percentage: 0.97,
  _id: new ObjectId('6a8ae1a34e390eec88528792')
},{
  material: new ObjectId('6a3e24312f2b2f71f964fd73'),
  percentage: 0.92,
  _id: new ObjectId('6a8ae1a34e390eec88528793')
},{
  material: new ObjectId('6a3e24312f2b2f71f964fd7a'),
  percentage: 0.92,
  _id: new ObjectId('6a8ae1a34e390eec88528794')
},{
  material: new ObjectId('6a3e24312f2b2f71f964fd82'),
  percentage: 0.92,
  _id: new ObjectId('6a8ae1a34e390eec88528795')
},{
  material: new ObjectId('6a3e24312f2b2f71f964fd73'),
  percentage: 0.98,
  _id: new ObjectId('6a8ae1a34e390eec88528796')
},{
  material: new ObjectId('6a3e24312f2b2f71f964fd7a'),
  percentage: 0.98,
  _id: new ObjectId('6a8ae1a34e390eec88528797')
},{
  material: new ObjectId('6a3e24312f2b2f71f964fd82'),
  percentage: 0.98,
  _id: new ObjectId('6a8ae1a34e390eec88528798')
},{
  material: new ObjectId('6a3e24312f2b2f71f964fd73'),
  percentage: 1.03,
  _id: new ObjectId('6a8ae1a34e390eec88528799')
},{
  material: new ObjectId('6a3e24312f2b2f71f964fd7a'),
  percentage: 1.03,
  _id: new ObjectId('6a8ae1a34e390eec8852879a')
},{
  material: new ObjectId('6a3e24312f2b2f71f964fd82'),
  percentage: 1.03,
  _id: new ObjectId('6a8ae1a34e390eec8852879b')
},{
  material: new ObjectId('6a3e24312f2b2f71f964fd73'),
  percentage: 1.09,
  _id: new ObjectId('6a8ae1a34e390eec8852879d')
},{
  material: new ObjectId('6a3e24312f2b2f71f964fd7a'),
  percentage: 1.09,
  _id: new ObjectId('6a8ae1a34e390eec8852879e')
},{
  material: new ObjectId('6a3e24312f2b2f71f964fd82'),
  percentage: 1.09,
  _id: new ObjectId('6a8ae1a34e390eec8852879f')
},{
  material: new ObjectId('6a3e242f2f2b2f71f964fd46'),
  percentage: 37.01,
  _id: new ObjectId('6a8ae1a34e390eec8852879c')
}
Good Girl,GooGir,roll-on,3.5,180,3.5,0,0,0,true,Floral gourmand sweet fragrance with strong presence. Ideal for evening glamour.,strong,evening,floral gourmand sweet,6a3e242e2f2b2f71f964fd29,
Good Girl,GooGir,roll-on,6,280,6,0,0,0,true,Floral gourmand sweet fragrance with strong presence. Ideal for evening glamour.,strong,evening,floral gourmand sweet,6a3e242e2f2b2f71f964fd29,
Good Girl,GooGir,roll-on,15,750,15,0,0,0,true,Floral gourmand sweet fragrance with strong presence. Ideal for evening glamour.,strong,evening,floral gourmand sweet,6a3e242e2f2b2f71f964fd29,
Good Girl,GooGir,roll-on,30,1500,30,0,0,0,true,Floral gourmand sweet fragrance with strong presence. Ideal for evening glamour.,strong,evening,floral gourmand sweet,6a3e242e2f2b2f71f964fd29,
Good Girl Spray,GooGir_SP,spray,6,330,3.78,2.2206,0,0,true,Floral gourmand sweet fragrance with strong presence. Ideal for evening glamour.,strong,evening,floral gourmand sweet,,{
  material: new ObjectId('6a3e242e2f2b2f71f964fd29'),
  percentage: 48.03,
  _id: new ObjectId('6a8ae1a04e390eec885285d3')
},{
  material: new ObjectId('6a3e24312f2b2f71f964fd73'),
  percentage: 0.97,
  _id: new ObjectId('6a8ae1a04e390eec885285d4')
},{
  material: new ObjectId('6a3e24312f2b2f71f964fd7a'),
  percentage: 0.97,
  _id: new ObjectId('6a8ae1a04e390eec885285d5')
},{
  material: new ObjectId('6a3e24312f2b2f71f964fd82'),
  percentage: 0.97,
  _id: new ObjectId('6a8ae1a04e390eec885285d6')
},{
  material: new ObjectId('6a3e24312f2b2f71f964fd73'),
  percentage: 0.92,
  _id: new ObjectId('6a8ae1a04e390eec885285d7')
},{
  material: new ObjectId('6a3e24312f2b2f71f964fd7a'),
  percentage: 0.92,
  _id: new ObjectId('6a8ae1a04e390eec885285d8')
},{
  material: new ObjectId('6a3e24312f2b2f71f964fd82'),
  percentage: 0.92,
  _id: new ObjectId('6a8ae1a04e390eec885285d9')
},{
  material: new ObjectId('6a3e24312f2b2f71f964fd73'),
  percentage: 0.98,
  _id: new ObjectId('6a8ae1a04e390eec885285da')
},{
  material: new ObjectId('6a3e24312f2b2f71f964fd7a'),
  percentage: 0.98,
  _id: new ObjectId('6a8ae1a04e390eec885285db')
},{
  material: new ObjectId('6a3e24312f2b2f71f964fd82'),
  percentage: 0.98,
  _id: new ObjectId('6a8ae1a04e390eec885285dc')
},{
  material: new ObjectId('6a3e24312f2b2f71f964fd73'),
  percentage: 1.03,
  _id: new ObjectId('6a8ae1a04e390eec885285dd')
},{
  material: new ObjectId('6a3e24312f2b2f71f964fd7a'),
  percentage: 1.03,
  _id: new ObjectId('6a8ae1a04e390eec885285de')
},{
  material: new ObjectId('6a3e24312f2b2f71f964fd82'),
  percentage: 1.03,
  _id: new ObjectId('6a8ae1a04e390eec885285df')
},{
  material: new ObjectId('6a3e24312f2b2f71f964fd73'),
  percentage: 1.09,
  _id: new ObjectId('6a8ae1a04e390eec885285e1')
},{
  material: new ObjectId('6a3e24312f2b2f71f964fd7a'),
  percentage: 1.09,
  _id: new ObjectId('6a8ae1a04e390eec885285e2')
},{
  material: new ObjectId('6a3e24312f2b2f71f964fd82'),
  percentage: 1.09,
  _id: new ObjectId('6a8ae1a04e390eec885285e3')
},{
  material: new ObjectId('6a3e242f2f2b2f71f964fd46'),
  percentage: 37.01,
  _id: new ObjectId('6a8ae1a04e390eec885285e0')
}
Good Girl Spray,GooGir_SP,spray,15,780,9.450000000000006,5.5515,0,0,true,Floral gourmand sweet fragrance with strong presence. Ideal for evening glamour.,strong,evening,floral gourmand sweet,,{
  material: new ObjectId('6a3e242e2f2b2f71f964fd29'),
  percentage: 48.03,
  _id: new ObjectId('6a8ae1a04e390eec885285d3')
},{
  material: new ObjectId('6a3e24312f2b2f71f964fd73'),
  percentage: 0.97,
  _id: new ObjectId('6a8ae1a04e390eec885285d4')
},{
  material: new ObjectId('6a3e24312f2b2f71f964fd7a'),
  percentage: 0.97,
  _id: new ObjectId('6a8ae1a04e390eec885285d5')
},{
  material: new ObjectId('6a3e24312f2b2f71f964fd82'),
  percentage: 0.97,
  _id: new ObjectId('6a8ae1a04e390eec885285d6')
},{
  material: new ObjectId('6a3e24312f2b2f71f964fd73'),
  percentage: 0.92,
  _id: new ObjectId('6a8ae1a04e390eec885285d7')
},{
  material: new ObjectId('6a3e24312f2b2f71f964fd7a'),
  percentage: 0.92,
  _id: new ObjectId('6a8ae1a04e390eec885285d8')
},{
  material: new ObjectId('6a3e24312f2b2f71f964fd82'),
  percentage: 0.92,
  _id: new ObjectId('6a8ae1a04e390eec885285d9')
},{
  material: new ObjectId('6a3e24312f2b2f71f964fd73'),
  percentage: 0.98,
  _id: new ObjectId('6a8ae1a04e390eec885285da')
},{
  material: new ObjectId('6a3e24312f2b2f71f964fd7a'),
  percentage: 0.98,
  _id: new ObjectId('6a8ae1a04e390eec885285db')
},{
  material: new ObjectId('6a3e24312f2b2f71f964fd82'),
  percentage: 0.98,
  _id: new ObjectId('6a8ae1a04e390eec885285dc')
},{
  material: new ObjectId('6a3e24312f2b2f71f964fd73'),
  percentage: 1.03,
  _id: new ObjectId('6a8ae1a04e390eec885285dd')
},{
  material: new ObjectId('6a3e24312f2b2f71f964fd7a'),
  percentage: 1.03,
  _id: new ObjectId('6a8ae1a04e390eec885285de')
},{
  material: new ObjectId('6a3e24312f2b2f71f964fd82'),
  percentage: 1.03,
  _id: new ObjectId('6a8ae1a04e390eec885285df')
},{
  material: new ObjectId('6a3e24312f2b2f71f964fd73'),
  percentage: 1.09,
  _id: new ObjectId('6a8ae1a04e390eec885285e1')
},{
  material: new ObjectId('6a3e24312f2b2f71f964fd7a'),
  percentage: 1.09,
  _id: new ObjectId('6a8ae1a04e390eec885285e2')
},{
  material: new ObjectId('6a3e24312f2b2f71f964fd82'),
  percentage: 1.09,
  _id: new ObjectId('6a8ae1a04e390eec885285e3')
},{
  material: new ObjectId('6a3e242f2f2b2f71f964fd46'),
  percentage: 37.01,
  _id: new ObjectId('6a8ae1a04e390eec885285e0')
}
Good Girl Spray,GooGir_SP,spray,30,1050,18.900000000000013,11.103,0,0,true,Floral gourmand sweet fragrance with strong presence. Ideal for evening glamour.,strong,evening,floral gourmand sweet,,{
  material: new ObjectId('6a3e242e2f2b2f71f964fd29'),
  percentage: 48.03,
  _id: new ObjectId('6a8ae1a04e390eec885285d3')
},{
  material: new ObjectId('6a3e24312f2b2f71f964fd73'),
  percentage: 0.97,
  _id: new ObjectId('6a8ae1a04e390eec885285d4')
},{
  material: new ObjectId('6a3e24312f2b2f71f964fd7a'),
  percentage: 0.97,
  _id: new ObjectId('6a8ae1a04e390eec885285d5')
},{
  material: new ObjectId('6a3e24312f2b2f71f964fd82'),
  percentage: 0.97,
  _id: new ObjectId('6a8ae1a04e390eec885285d6')
},{
  material: new ObjectId('6a3e24312f2b2f71f964fd73'),
  percentage: 0.92,
  _id: new ObjectId('6a8ae1a04e390eec885285d7')
},{
  material: new ObjectId('6a3e24312f2b2f71f964fd7a'),
  percentage: 0.92,
  _id: new ObjectId('6a8ae1a04e390eec885285d8')
},{
  material: new ObjectId('6a3e24312f2b2f71f964fd82'),
  percentage: 0.92,
  _id: new ObjectId('6a8ae1a04e390eec885285d9')
},{
  material: new ObjectId('6a3e24312f2b2f71f964fd73'),
  percentage: 0.98,
  _id: new ObjectId('6a8ae1a04e390eec885285da')
},{
  material: new ObjectId('6a3e24312f2b2f71f964fd7a'),
  percentage: 0.98,
  _id: new ObjectId('6a8ae1a04e390eec885285db')
},{
  material: new ObjectId('6a3e24312f2b2f71f964fd82'),
  percentage: 0.98,
  _id: new ObjectId('6a8ae1a04e390eec885285dc')
},{
  material: new ObjectId('6a3e24312f2b2f71f964fd73'),
  percentage: 1.03,
  _id: new ObjectId('6a8ae1a04e390eec885285dd')
},{
  material: new ObjectId('6a3e24312f2b2f71f964fd7a'),
  percentage: 1.03,
  _id: new ObjectId('6a8ae1a04e390eec885285de')
},{
  material: new ObjectId('6a3e24312f2b2f71f964fd82'),
  percentage: 1.03,
  _id: new ObjectId('6a8ae1a04e390eec885285df')
},{
  material: new ObjectId('6a3e24312f2b2f71f964fd73'),
  percentage: 1.09,
  _id: new ObjectId('6a8ae1a04e390eec885285e1')
},{
  material: new ObjectId('6a3e24312f2b2f71f964fd7a'),
  percentage: 1.09,
  _id: new ObjectId('6a8ae1a04e390eec885285e2')
},{
  material: new ObjectId('6a3e24312f2b2f71f964fd82'),
  percentage: 1.09,
  _id: new ObjectId('6a8ae1a04e390eec885285e3')
},{
  material: new ObjectId('6a3e242f2f2b2f71f964fd46'),
  percentage: 37.01,
  _id: new ObjectId('6a8ae1a04e390eec885285e0')
}
Good Girl Spray,GooGir_SP,spray,50,1300,31.500000000000004,18.505,0,0,true,Floral gourmand sweet fragrance with strong presence. Ideal for evening glamour.,strong,evening,floral gourmand sweet,,{
  material: new ObjectId('6a3e242e2f2b2f71f964fd29'),
  percentage: 48.03,
  _id: new ObjectId('6a8ae1a04e390eec885285d3')
},{
  material: new ObjectId('6a3e24312f2b2f71f964fd73'),
  percentage: 0.97,
  _id: new ObjectId('6a8ae1a04e390eec885285d4')
},{
  material: new ObjectId('6a3e24312f2b2f71f964fd7a'),
  percentage: 0.97,
  _id: new ObjectId('6a8ae1a04e390eec885285d5')
},{
  material: new ObjectId('6a3e24312f2b2f71f964fd82'),
  percentage: 0.97,
  _id: new ObjectId('6a8ae1a04e390eec885285d6')
},{
  material: new ObjectId('6a3e24312f2b2f71f964fd73'),
  percentage: 0.92,
  _id: new ObjectId('6a8ae1a04e390eec885285d7')
},{
  material: new ObjectId('6a3e24312f2b2f71f964fd7a'),
  percentage: 0.92,
  _id: new ObjectId('6a8ae1a04e390eec885285d8')
},{
  material: new ObjectId('6a3e24312f2b2f71f964fd82'),
  percentage: 0.92,
  _id: new ObjectId('6a8ae1a04e390eec885285d9')
},{
  material: new ObjectId('6a3e24312f2b2f71f964fd73'),
  percentage: 0.98,
  _id: new ObjectId('6a8ae1a04e390eec885285da')
},{
  material: new ObjectId('6a3e24312f2b2f71f964fd7a'),
  percentage: 0.98,
  _id: new ObjectId('6a8ae1a04e390eec885285db')
},{
  material: new ObjectId('6a3e24312f2b2f71f964fd82'),
  percentage: 0.98,
  _id: new ObjectId('6a8ae1a04e390eec885285dc')
},{
  material: new ObjectId('6a3e24312f2b2f71f964fd73'),
  percentage: 1.03,
  _id: new ObjectId('6a8ae1a04e390eec885285dd')
},{
  material: new ObjectId('6a3e24312f2b2f71f964fd7a'),
  percentage: 1.03,
  _id: new ObjectId('6a8ae1a04e390eec885285de')
},{
  material: new ObjectId('6a3e24312f2b2f71f964fd82'),
  percentage: 1.03,
  _id: new ObjectId('6a8ae1a04e390eec885285df')
},{
  material: new ObjectId('6a3e24312f2b2f71f964fd73'),
  percentage: 1.09,
  _id: new ObjectId('6a8ae1a04e390eec885285e1')
},{
  material: new ObjectId('6a3e24312f2b2f71f964fd7a'),
  percentage: 1.09,
  _id: new ObjectId('6a8ae1a04e390eec885285e2')
},{
  material: new ObjectId('6a3e24312f2b2f71f964fd82'),
  percentage: 1.09,
  _id: new ObjectId('6a8ae1a04e390eec885285e3')
},{
  material: new ObjectId('6a3e242f2f2b2f71f964fd46'),
  percentage: 37.01,
  _id: new ObjectId('6a8ae1a04e390eec885285e0')
}
Good Girl Spray,GooGir_SP,spray,100,1650,63.00000000000001,37.01,0,0,true,Floral gourmand sweet fragrance with strong presence. Ideal for evening glamour.,strong,evening,floral gourmand sweet,,{
  material: new ObjectId('6a3e242e2f2b2f71f964fd29'),
  percentage: 48.03,
  _id: new ObjectId('6a8ae1a04e390eec885285d3')
},{
  material: new ObjectId('6a3e24312f2b2f71f964fd73'),
  percentage: 0.97,
  _id: new ObjectId('6a8ae1a04e390eec885285d4')
},{
  material: new ObjectId('6a3e24312f2b2f71f964fd7a'),
  percentage: 0.97,
  _id: new ObjectId('6a8ae1a04e390eec885285d5')
},{
  material: new ObjectId('6a3e24312f2b2f71f964fd82'),
  percentage: 0.97,
  _id: new ObjectId('6a8ae1a04e390eec885285d6')
},{
  material: new ObjectId('6a3e24312f2b2f71f964fd73'),
  percentage: 0.92,
  _id: new ObjectId('6a8ae1a04e390eec885285d7')
},{
  material: new ObjectId('6a3e24312f2b2f71f964fd7a'),
  percentage: 0.92,
  _id: new ObjectId('6a8ae1a04e390eec885285d8')
},{
  material: new ObjectId('6a3e24312f2b2f71f964fd82'),
  percentage: 0.92,
  _id: new ObjectId('6a8ae1a04e390eec885285d9')
},{
  material: new ObjectId('6a3e24312f2b2f71f964fd73'),
  percentage: 0.98,
  _id: new ObjectId('6a8ae1a04e390eec885285da')
},{
  material: new ObjectId('6a3e24312f2b2f71f964fd7a'),
  percentage: 0.98,
  _id: new ObjectId('6a8ae1a04e390eec885285db')
},{
  material: new ObjectId('6a3e24312f2b2f71f964fd82'),
  percentage: 0.98,
  _id: new ObjectId('6a8ae1a04e390eec885285dc')
},{
  material: new ObjectId('6a3e24312f2b2f71f964fd73'),
  percentage: 1.03,
  _id: new ObjectId('6a8ae1a04e390eec885285dd')
},{
  material: new ObjectId('6a3e24312f2b2f71f964fd7a'),
  percentage: 1.03,
  _id: new ObjectId('6a8ae1a04e390eec885285de')
},{
  material: new ObjectId('6a3e24312f2b2f71f964fd82'),
  percentage: 1.03,
  _id: new ObjectId('6a8ae1a04e390eec885285df')
},{
  material: new ObjectId('6a3e24312f2b2f71f964fd73'),
  percentage: 1.09,
  _id: new ObjectId('6a8ae1a04e390eec885285e1')
},{
  material: new ObjectId('6a3e24312f2b2f71f964fd7a'),
  percentage: 1.09,
  _id: new ObjectId('6a8ae1a04e390eec885285e2')
},{
  material: new ObjectId('6a3e24312f2b2f71f964fd82'),
  percentage: 1.09,
  _id: new ObjectId('6a8ae1a04e390eec885285e3')
},{
  material: new ObjectId('6a3e242f2f2b2f71f964fd46'),
  percentage: 37.01,
  _id: new ObjectId('6a8ae1a04e390eec885285e0')
}
Gucci Flora,GucFla,roll-on,3.5,180,3.5,0,0,0,true,Medium floral fresh fragrance. A daytime floral classic.,medium,daytime,floral fresh,6a3e24312f2b2f71f964fd63,
Gucci Flora,GucFla,roll-on,6,270,6,0,0,0,true,Medium floral fresh fragrance. A daytime floral classic.,medium,daytime,floral fresh,6a3e24312f2b2f71f964fd63,
Gucci Flora,GucFla,roll-on,15,700,15,0,0,0,true,Medium floral fresh fragrance. A daytime floral classic.,medium,daytime,floral fresh,6a3e24312f2b2f71f964fd63,
Gucci Flora,GucFla,roll-on,30,1000,30,0,0,0,true,Medium floral fresh fragrance. A daytime floral classic.,medium,daytime,floral fresh,6a3e24312f2b2f71f964fd63,
Gucci Flora Spray,GucFla_SP,spray,6,330,3.78,2.2206,0,0,true,Medium floral fresh fragrance. A daytime floral classic.,medium,daytime,floral fresh,,{
  material: new ObjectId('6a3e24312f2b2f71f964fd63'),
  percentage: 48.03,
  _id: new ObjectId('6a8ae1a44e390eec885287f6')
},{
  material: new ObjectId('6a3e24312f2b2f71f964fd73'),
  percentage: 0.97,
  _id: new ObjectId('6a8ae1a44e390eec885287f7')
},{
  material: new ObjectId('6a3e24312f2b2f71f964fd7a'),
  percentage: 0.97,
  _id: new ObjectId('6a8ae1a44e390eec885287f8')
},{
  material: new ObjectId('6a3e24312f2b2f71f964fd82'),
  percentage: 0.97,
  _id: new ObjectId('6a8ae1a44e390eec885287f9')
},{
  material: new ObjectId('6a3e24312f2b2f71f964fd73'),
  percentage: 0.92,
  _id: new ObjectId('6a8ae1a44e390eec885287fa')
},{
  material: new ObjectId('6a3e24312f2b2f71f964fd7a'),
  percentage: 0.92,
  _id: new ObjectId('6a8ae1a44e390eec885287fb')
},{
  material: new ObjectId('6a3e24312f2b2f71f964fd82'),
  percentage: 0.92,
  _id: new ObjectId('6a8ae1a44e390eec885287fc')
},{
  material: new ObjectId('6a3e24312f2b2f71f964fd73'),
  percentage: 0.98,
  _id: new ObjectId('6a8ae1a44e390eec885287fd')
},{
  material: new ObjectId('6a3e24312f2b2f71f964fd7a'),
  percentage: 0.98,
  _id: new ObjectId('6a8ae1a44e390eec885287fe')
},{
  material: new ObjectId('6a3e24312f2b2f71f964fd82'),
  percentage: 0.98,
  _id: new ObjectId('6a8ae1a44e390eec885287ff')
},{
  material: new ObjectId('6a3e24312f2b2f71f964fd73'),
  percentage: 1.03,
  _id: new ObjectId('6a8ae1a44e390eec88528800')
},{
  material: new ObjectId('6a3e24312f2b2f71f964fd7a'),
  percentage: 1.03,
  _id: new ObjectId('6a8ae1a44e390eec88528801')
},{
  material: new ObjectId('6a3e24312f2b2f71f964fd82'),
  percentage: 1.03,
  _id: new ObjectId('6a8ae1a44e390eec88528802')
},{
  material: new ObjectId('6a3e24312f2b2f71f964fd73'),
  percentage: 1.09,
  _id: new ObjectId('6a8ae1a44e390eec88528804')
},{
  material: new ObjectId('6a3e24312f2b2f71f964fd7a'),
  percentage: 1.09,
  _id: new ObjectId('6a8ae1a44e390eec88528805')
},{
  material: new ObjectId('6a3e24312f2b2f71f964fd82'),
  percentage: 1.09,
  _id: new ObjectId('6a8ae1a44e390eec88528806')
},{
  material: new ObjectId('6a3e242f2f2b2f71f964fd46'),
  percentage: 37.01,
  _id: new ObjectId('6a8ae1a44e390eec88528803')
}
Gucci Flora Spray,GucFla_SP,spray,15,800,9.450000000000006,5.5515,0,0,true,Medium floral fresh fragrance. A daytime floral classic.,medium,daytime,floral fresh,,{
  material: new ObjectId('6a3e24312f2b2f71f964fd63'),
  percentage: 48.03,
  _id: new ObjectId('6a8ae1a44e390eec885287f6')
},{
  material: new ObjectId('6a3e24312f2b2f71f964fd73'),
  percentage: 0.97,
  _id: new ObjectId('6a8ae1a44e390eec885287f7')
},{
  material: new ObjectId('6a3e24312f2b2f71f964fd7a'),
  percentage: 0.97,
  _id: new ObjectId('6a8ae1a44e390eec885287f8')
},{
  material: new ObjectId('6a3e24312f2b2f71f964fd82'),
  percentage: 0.97,
  _id: new ObjectId('6a8ae1a44e390eec885287f9')
},{
  material: new ObjectId('6a3e24312f2b2f71f964fd73'),
  percentage: 0.92,
  _id: new ObjectId('6a8ae1a44e390eec885287fa')
},{
  material: new ObjectId('6a3e24312f2b2f71f964fd7a'),
  percentage: 0.92,
  _id: new ObjectId('6a8ae1a44e390eec885287fb')
},{
  material: new ObjectId('6a3e24312f2b2f71f964fd82'),
  percentage: 0.92,
  _id: new ObjectId('6a8ae1a44e390eec885287fc')
},{
  material: new ObjectId('6a3e24312f2b2f71f964fd73'),
  percentage: 0.98,
  _id: new ObjectId('6a8ae1a44e390eec885287fd')
},{
  material: new ObjectId('6a3e24312f2b2f71f964fd7a'),
  percentage: 0.98,
  _id: new ObjectId('6a8ae1a44e390eec885287fe')
},{
  material: new ObjectId('6a3e24312f2b2f71f964fd82'),
  percentage: 0.98,
  _id: new ObjectId('6a8ae1a44e390eec885287ff')
},{
  material: new ObjectId('6a3e24312f2b2f71f964fd73'),
  percentage: 1.03,
  _id: new ObjectId('6a8ae1a44e390eec88528800')
},{
  material: new ObjectId('6a3e24312f2b2f71f964fd7a'),
  percentage: 1.03,
  _id: new ObjectId('6a8ae1a44e390eec88528801')
},{
  material: new ObjectId('6a3e24312f2b2f71f964fd82'),
  percentage: 1.03,
  _id: new ObjectId('6a8ae1a44e390eec88528802')
},{
  material: new ObjectId('6a3e24312f2b2f71f964fd73'),
  percentage: 1.09,
  _id: new ObjectId('6a8ae1a44e390eec88528804')
},{
  material: new ObjectId('6a3e24312f2b2f71f964fd7a'),
  percentage: 1.09,
  _id: new ObjectId('6a8ae1a44e390eec88528805')
},{
  material: new ObjectId('6a3e24312f2b2f71f964fd82'),
  percentage: 1.09,
  _id: new ObjectId('6a8ae1a44e390eec88528806')
},{
  material: new ObjectId('6a3e242f2f2b2f71f964fd46'),
  percentage: 37.01,
  _id: new ObjectId('6a8ae1a44e390eec88528803')
}
Gucci Flora Spray,GucFla_SP,spray,30,1400,18.900000000000013,11.103,0,0,true,Medium floral fresh fragrance. A daytime floral classic.,medium,daytime,floral fresh,,{
  material: new ObjectId('6a3e24312f2b2f71f964fd63'),
  percentage: 48.03,
  _id: new ObjectId('6a8ae1a44e390eec885287f6')
},{
  material: new ObjectId('6a3e24312f2b2f71f964fd73'),
  percentage: 0.97,
  _id: new ObjectId('6a8ae1a44e390eec885287f7')
},{
  material: new ObjectId('6a3e24312f2b2f71f964fd7a'),
  percentage: 0.97,
  _id: new ObjectId('6a8ae1a44e390eec885287f8')
},{
  material: new ObjectId('6a3e24312f2b2f71f964fd82'),
  percentage: 0.97,
  _id: new ObjectId('6a8ae1a44e390eec885287f9')
},{
  material: new ObjectId('6a3e24312f2b2f71f964fd73'),
  percentage: 0.92,
  _id: new ObjectId('6a8ae1a44e390eec885287fa')
},{
  material: new ObjectId('6a3e24312f2b2f71f964fd7a'),
  percentage: 0.92,
  _id: new ObjectId('6a8ae1a44e390eec885287fb')
},{
  material: new ObjectId('6a3e24312f2b2f71f964fd82'),
  percentage: 0.92,
  _id: new ObjectId('6a8ae1a44e390eec885287fc')
},{
  material: new ObjectId('6a3e24312f2b2f71f964fd73'),
  percentage: 0.98,
  _id: new ObjectId('6a8ae1a44e390eec885287fd')
},{
  material: new ObjectId('6a3e24312f2b2f71f964fd7a'),
  percentage: 0.98,
  _id: new ObjectId('6a8ae1a44e390eec885287fe')
},{
  material: new ObjectId('6a3e24312f2b2f71f964fd82'),
  percentage: 0.98,
  _id: new ObjectId('6a8ae1a44e390eec885287ff')
},{
  material: new ObjectId('6a3e24312f2b2f71f964fd73'),
  percentage: 1.03,
  _id: new ObjectId('6a8ae1a44e390eec88528800')
},{
  material: new ObjectId('6a3e24312f2b2f71f964fd7a'),
  percentage: 1.03,
  _id: new ObjectId('6a8ae1a44e390eec88528801')
},{
  material: new ObjectId('6a3e24312f2b2f71f964fd82'),
  percentage: 1.03,
  _id: new ObjectId('6a8ae1a44e390eec88528802')
},{
  material: new ObjectId('6a3e24312f2b2f71f964fd73'),
  percentage: 1.09,
  _id: new ObjectId('6a8ae1a44e390eec88528804')
},{
  material: new ObjectId('6a3e24312f2b2f71f964fd7a'),
  percentage: 1.09,
  _id: new ObjectId('6a8ae1a44e390eec88528805')
},{
  material: new ObjectId('6a3e24312f2b2f71f964fd82'),
  percentage: 1.09,
  _id: new ObjectId('6a8ae1a44e390eec88528806')
},{
  material: new ObjectId('6a3e242f2f2b2f71f964fd46'),
  percentage: 37.01,
  _id: new ObjectId('6a8ae1a44e390eec88528803')
}
Gucci Flora Spray,GucFla_SP,spray,50,1900,31.500000000000004,18.505,0,0,true,Medium floral fresh fragrance. A daytime floral classic.,medium,daytime,floral fresh,,{
  material: new ObjectId('6a3e24312f2b2f71f964fd63'),
  percentage: 48.03,
  _id: new ObjectId('6a8ae1a44e390eec885287f6')
},{
  material: new ObjectId('6a3e24312f2b2f71f964fd73'),
  percentage: 0.97,
  _id: new ObjectId('6a8ae1a44e390eec885287f7')
},{
  material: new ObjectId('6a3e24312f2b2f71f964fd7a'),
  percentage: 0.97,
  _id: new ObjectId('6a8ae1a44e390eec885287f8')
},{
  material: new ObjectId('6a3e24312f2b2f71f964fd82'),
  percentage: 0.97,
  _id: new ObjectId('6a8ae1a44e390eec885287f9')
},{
  material: new ObjectId('6a3e24312f2b2f71f964fd73'),
  percentage: 0.92,
  _id: new ObjectId('6a8ae1a44e390eec885287fa')
},{
  material: new ObjectId('6a3e24312f2b2f71f964fd7a'),
  percentage: 0.92,
  _id: new ObjectId('6a8ae1a44e390eec885287fb')
},{
  material: new ObjectId('6a3e24312f2b2f71f964fd82'),
  percentage: 0.92,
  _id: new ObjectId('6a8ae1a44e390eec885287fc')
},{
  material: new ObjectId('6a3e24312f2b2f71f964fd73'),
  percentage: 0.98,
  _id: new ObjectId('6a8ae1a44e390eec885287fd')
},{
  material: new ObjectId('6a3e24312f2b2f71f964fd7a'),
  percentage: 0.98,
  _id: new ObjectId('6a8ae1a44e390eec885287fe')
},{
  material: new ObjectId('6a3e24312f2b2f71f964fd82'),
  percentage: 0.98,
  _id: new ObjectId('6a8ae1a44e390eec885287ff')
},{
  material: new ObjectId('6a3e24312f2b2f71f964fd73'),
  percentage: 1.03,
  _id: new ObjectId('6a8ae1a44e390eec88528800')
},{
  material: new ObjectId('6a3e24312f2b2f71f964fd7a'),
  percentage: 1.03,
  _id: new ObjectId('6a8ae1a44e390eec88528801')
},{
  material: new ObjectId('6a3e24312f2b2f71f964fd82'),
  percentage: 1.03,
  _id: new ObjectId('6a8ae1a44e390eec88528802')
},{
  material: new ObjectId('6a3e24312f2b2f71f964fd73'),
  percentage: 1.09,
  _id: new ObjectId('6a8ae1a44e390eec88528804')
},{
  material: new ObjectId('6a3e24312f2b2f71f964fd7a'),
  percentage: 1.09,
  _id: new ObjectId('6a8ae1a44e390eec88528805')
},{
  material: new ObjectId('6a3e24312f2b2f71f964fd82'),
  percentage: 1.09,
  _id: new ObjectId('6a8ae1a44e390eec88528806')
},{
  material: new ObjectId('6a3e242f2f2b2f71f964fd46'),
  percentage: 37.01,
  _id: new ObjectId('6a8ae1a44e390eec88528803')
}
Gucci Flora Spray,GucFla_SP,spray,100,2300,63.00000000000001,37.01,0,0,true,Medium floral fresh fragrance. A daytime floral classic.,medium,daytime,floral fresh,,{
  material: new ObjectId('6a3e24312f2b2f71f964fd63'),
  percentage: 48.03,
  _id: new ObjectId('6a8ae1a44e390eec885287f6')
},{
  material: new ObjectId('6a3e24312f2b2f71f964fd73'),
  percentage: 0.97,
  _id: new ObjectId('6a8ae1a44e390eec885287f7')
},{
  material: new ObjectId('6a3e24312f2b2f71f964fd7a'),
  percentage: 0.97,
  _id: new ObjectId('6a8ae1a44e390eec885287f8')
},{
  material: new ObjectId('6a3e24312f2b2f71f964fd82'),
  percentage: 0.97,
  _id: new ObjectId('6a8ae1a44e390eec885287f9')
},{
  material: new ObjectId('6a3e24312f2b2f71f964fd73'),
  percentage: 0.92,
  _id: new ObjectId('6a8ae1a44e390eec885287fa')
},{
  material: new ObjectId('6a3e24312f2b2f71f964fd7a'),
  percentage: 0.92,
  _id: new ObjectId('6a8ae1a44e390eec885287fb')
},{
  material: new ObjectId('6a3e24312f2b2f71f964fd82'),
  percentage: 0.92,
  _id: new ObjectId('6a8ae1a44e390eec885287fc')
},{
  material: new ObjectId('6a3e24312f2b2f71f964fd73'),
  percentage: 0.98,
  _id: new ObjectId('6a8ae1a44e390eec885287fd')
},{
  material: new ObjectId('6a3e24312f2b2f71f964fd7a'),
  percentage: 0.98,
  _id: new ObjectId('6a8ae1a44e390eec885287fe')
},{
  material: new ObjectId('6a3e24312f2b2f71f964fd82'),
  percentage: 0.98,
  _id: new ObjectId('6a8ae1a44e390eec885287ff')
},{
  material: new ObjectId('6a3e24312f2b2f71f964fd73'),
  percentage: 1.03,
  _id: new ObjectId('6a8ae1a44e390eec88528800')
},{
  material: new ObjectId('6a3e24312f2b2f71f964fd7a'),
  percentage: 1.03,
  _id: new ObjectId('6a8ae1a44e390eec88528801')
},{
  material: new ObjectId('6a3e24312f2b2f71f964fd82'),
  percentage: 1.03,
  _id: new ObjectId('6a8ae1a44e390eec88528802')
},{
  material: new ObjectId('6a3e24312f2b2f71f964fd73'),
  percentage: 1.09,
  _id: new ObjectId('6a8ae1a44e390eec88528804')
},{
  material: new ObjectId('6a3e24312f2b2f71f964fd7a'),
  percentage: 1.09,
  _id: new ObjectId('6a8ae1a44e390eec88528805')
},{
  material: new ObjectId('6a3e24312f2b2f71f964fd82'),
  percentage: 1.09,
  _id: new ObjectId('6a8ae1a44e390eec88528806')
},{
  material: new ObjectId('6a3e242f2f2b2f71f964fd46'),
  percentage: 37.01,
  _id: new ObjectId('6a8ae1a44e390eec88528803')
}
Hawas For Him,HFH,roll-on,3.5,180,3.5,0,0,0,true,Strong aquatic spicy fragrance. Evening freshness.,strong,evening,aquatic spicy,6a3e24302f2b2f71f964fd4e,
Hawas For Him,HFH,roll-on,6,280,6,0,0,0,true,Strong aquatic spicy fragrance. Evening freshness.,strong,evening,aquatic spicy,6a3e24302f2b2f71f964fd4e,
Hawas For Him,HFH,roll-on,15,750,15,0,0,0,true,Strong aquatic spicy fragrance. Evening freshness.,strong,evening,aquatic spicy,6a3e24302f2b2f71f964fd4e,
Hawas For Him,HFH,roll-on,30,1500,30,0,0,0,true,Strong aquatic spicy fragrance. Evening freshness.,strong,evening,aquatic spicy,6a3e24302f2b2f71f964fd4e,
Hawas For Him Spray,HFH_SP,spray,6,330,3.78,2.2206,0,0,true,Strong aquatic spicy fragrance. Evening freshness.,strong,evening,aquatic spicy,,{
  material: new ObjectId('6a3e24302f2b2f71f964fd4e'),
  percentage: 48.03,
  _id: new ObjectId('6a8ae1a34e390eec8852872d')
},{
  material: new ObjectId('6a3e24312f2b2f71f964fd73'),
  percentage: 0.97,
  _id: new ObjectId('6a8ae1a34e390eec8852872e')
},{
  material: new ObjectId('6a3e24312f2b2f71f964fd7a'),
  percentage: 0.97,
  _id: new ObjectId('6a8ae1a34e390eec8852872f')
},{
  material: new ObjectId('6a3e24312f2b2f71f964fd82'),
  percentage: 0.97,
  _id: new ObjectId('6a8ae1a34e390eec88528730')
},{
  material: new ObjectId('6a3e24312f2b2f71f964fd73'),
  percentage: 0.92,
  _id: new ObjectId('6a8ae1a34e390eec88528731')
},{
  material: new ObjectId('6a3e24312f2b2f71f964fd7a'),
  percentage: 0.92,
  _id: new ObjectId('6a8ae1a34e390eec88528732')
},{
  material: new ObjectId('6a3e24312f2b2f71f964fd82'),
  percentage: 0.92,
  _id: new ObjectId('6a8ae1a34e390eec88528733')
},{
  material: new ObjectId('6a3e24312f2b2f71f964fd73'),
  percentage: 0.98,
  _id: new ObjectId('6a8ae1a34e390eec88528734')
},{
  material: new ObjectId('6a3e24312f2b2f71f964fd7a'),
  percentage: 0.98,
  _id: new ObjectId('6a8ae1a34e390eec88528735')
},{
  material: new ObjectId('6a3e24312f2b2f71f964fd82'),
  percentage: 0.98,
  _id: new ObjectId('6a8ae1a34e390eec88528736')
},{
  material: new ObjectId('6a3e24312f2b2f71f964fd73'),
  percentage: 1.03,
  _id: new ObjectId('6a8ae1a34e390eec88528737')
},{
  material: new ObjectId('6a3e24312f2b2f71f964fd7a'),
  percentage: 1.03,
  _id: new ObjectId('6a8ae1a34e390eec88528738')
},{
  material: new ObjectId('6a3e24312f2b2f71f964fd82'),
  percentage: 1.03,
  _id: new ObjectId('6a8ae1a34e390eec88528739')
},{
  material: new ObjectId('6a3e24312f2b2f71f964fd73'),
  percentage: 1.09,
  _id: new ObjectId('6a8ae1a34e390eec8852873b')
},{
  material: new ObjectId('6a3e24312f2b2f71f964fd7a'),
  percentage: 1.09,
  _id: new ObjectId('6a8ae1a34e390eec8852873c')
},{
  material: new ObjectId('6a3e24312f2b2f71f964fd82'),
  percentage: 1.09,
  _id: new ObjectId('6a8ae1a34e390eec8852873d')
},{
  material: new ObjectId('6a3e242f2f2b2f71f964fd46'),
  percentage: 37.01,
  _id: new ObjectId('6a8ae1a34e390eec8852873a')
}
Hawas For Him Spray,HFH_SP,spray,15,780,9.450000000000006,5.5515,0,0,true,Strong aquatic spicy fragrance. Evening freshness.,strong,evening,aquatic spicy,,{
  material: new ObjectId('6a3e24302f2b2f71f964fd4e'),
  percentage: 48.03,
  _id: new ObjectId('6a8ae1a34e390eec8852872d')
},{
  material: new ObjectId('6a3e24312f2b2f71f964fd73'),
  percentage: 0.97,
  _id: new ObjectId('6a8ae1a34e390eec8852872e')
},{
  material: new ObjectId('6a3e24312f2b2f71f964fd7a'),
  percentage: 0.97,
  _id: new ObjectId('6a8ae1a34e390eec8852872f')
},{
  material: new ObjectId('6a3e24312f2b2f71f964fd82'),
  percentage: 0.97,
  _id: new ObjectId('6a8ae1a34e390eec88528730')
},{
  material: new ObjectId('6a3e24312f2b2f71f964fd73'),
  percentage: 0.92,
  _id: new ObjectId('6a8ae1a34e390eec88528731')
},{
  material: new ObjectId('6a3e24312f2b2f71f964fd7a'),
  percentage: 0.92,
  _id: new ObjectId('6a8ae1a34e390eec88528732')
},{
  material: new ObjectId('6a3e24312f2b2f71f964fd82'),
  percentage: 0.92,
  _id: new ObjectId('6a8ae1a34e390eec88528733')
},{
  material: new ObjectId('6a3e24312f2b2f71f964fd73'),
  percentage: 0.98,
  _id: new ObjectId('6a8ae1a34e390eec88528734')
},{
  material: new ObjectId('6a3e24312f2b2f71f964fd7a'),
  percentage: 0.98,
  _id: new ObjectId('6a8ae1a34e390eec88528735')
},{
  material: new ObjectId('6a3e24312f2b2f71f964fd82'),
  percentage: 0.98,
  _id: new ObjectId('6a8ae1a34e390eec88528736')
},{
  material: new ObjectId('6a3e24312f2b2f71f964fd73'),
  percentage: 1.03,
  _id: new ObjectId('6a8ae1a34e390eec88528737')
},{
  material: new ObjectId('6a3e24312f2b2f71f964fd7a'),
  percentage: 1.03,
  _id: new ObjectId('6a8ae1a34e390eec88528738')
},{
  material: new ObjectId('6a3e24312f2b2f71f964fd82'),
  percentage: 1.03,
  _id: new ObjectId('6a8ae1a34e390eec88528739')
},{
  material: new ObjectId('6a3e24312f2b2f71f964fd73'),
  percentage: 1.09,
  _id: new ObjectId('6a8ae1a34e390eec8852873b')
},{
  material: new ObjectId('6a3e24312f2b2f71f964fd7a'),
  percentage: 1.09,
  _id: new ObjectId('6a8ae1a34e390eec8852873c')
},{
  material: new ObjectId('6a3e24312f2b2f71f964fd82'),
  percentage: 1.09,
  _id: new ObjectId('6a8ae1a34e390eec8852873d')
},{
  material: new ObjectId('6a3e242f2f2b2f71f964fd46'),
  percentage: 37.01,
  _id: new ObjectId('6a8ae1a34e390eec8852873a')
}
Hawas For Him Spray,HFH_SP,spray,30,1050,18.900000000000013,11.103,0,0,true,Strong aquatic spicy fragrance. Evening freshness.,strong,evening,aquatic spicy,,{
  material: new ObjectId('6a3e24302f2b2f71f964fd4e'),
  percentage: 48.03,
  _id: new ObjectId('6a8ae1a34e390eec8852872d')
},{
  material: new ObjectId('6a3e24312f2b2f71f964fd73'),
  percentage: 0.97,
  _id: new ObjectId('6a8ae1a34e390eec8852872e')
},{
  material: new ObjectId('6a3e24312f2b2f71f964fd7a'),
  percentage: 0.97,
  _id: new ObjectId('6a8ae1a34e390eec8852872f')
},{
  material: new ObjectId('6a3e24312f2b2f71f964fd82'),
  percentage: 0.97,
  _id: new ObjectId('6a8ae1a34e390eec88528730')
},{
  material: new ObjectId('6a3e24312f2b2f71f964fd73'),
  percentage: 0.92,
  _id: new ObjectId('6a8ae1a34e390eec88528731')
},{
  material: new ObjectId('6a3e24312f2b2f71f964fd7a'),
  percentage: 0.92,
  _id: new ObjectId('6a8ae1a34e390eec88528732')
},{
  material: new ObjectId('6a3e24312f2b2f71f964fd82'),
  percentage: 0.92,
  _id: new ObjectId('6a8ae1a34e390eec88528733')
},{
  material: new ObjectId('6a3e24312f2b2f71f964fd73'),
  percentage: 0.98,
  _id: new ObjectId('6a8ae1a34e390eec88528734')
},{
  material: new ObjectId('6a3e24312f2b2f71f964fd7a'),
  percentage: 0.98,
  _id: new ObjectId('6a8ae1a34e390eec88528735')
},{
  material: new ObjectId('6a3e24312f2b2f71f964fd82'),
  percentage: 0.98,
  _id: new ObjectId('6a8ae1a34e390eec88528736')
},{
  material: new ObjectId('6a3e24312f2b2f71f964fd73'),
  percentage: 1.03,
  _id: new ObjectId('6a8ae1a34e390eec88528737')
},{
  material: new ObjectId('6a3e24312f2b2f71f964fd7a'),
  percentage: 1.03,
  _id: new ObjectId('6a8ae1a34e390eec88528738')
},{
  material: new ObjectId('6a3e24312f2b2f71f964fd82'),
  percentage: 1.03,
  _id: new ObjectId('6a8ae1a34e390eec88528739')
},{
  material: new ObjectId('6a3e24312f2b2f71f964fd73'),
  percentage: 1.09,
  _id: new ObjectId('6a8ae1a34e390eec8852873b')
},{
  material: new ObjectId('6a3e24312f2b2f71f964fd7a'),
  percentage: 1.09,
  _id: new ObjectId('6a8ae1a34e390eec8852873c')
},{
  material: new ObjectId('6a3e24312f2b2f71f964fd82'),
  percentage: 1.09,
  _id: new ObjectId('6a8ae1a34e390eec8852873d')
},{
  material: new ObjectId('6a3e242f2f2b2f71f964fd46'),
  percentage: 37.01,
  _id: new ObjectId('6a8ae1a34e390eec8852873a')
}
Hawas For Him Spray,HFH_SP,spray,50,1300,31.500000000000004,18.505,0,0,true,Strong aquatic spicy fragrance. Evening freshness.,strong,evening,aquatic spicy,,{
  material: new ObjectId('6a3e24302f2b2f71f964fd4e'),
  percentage: 48.03,
  _id: new ObjectId('6a8ae1a34e390eec8852872d')
},{
  material: new ObjectId('6a3e24312f2b2f71f964fd73'),
  percentage: 0.97,
  _id: new ObjectId('6a8ae1a34e390eec8852872e')
},{
  material: new ObjectId('6a3e24312f2b2f71f964fd7a'),
  percentage: 0.97,
  _id: new ObjectId('6a8ae1a34e390eec8852872f')
},{
  material: new ObjectId('6a3e24312f2b2f71f964fd82'),
  percentage: 0.97,
  _id: new ObjectId('6a8ae1a34e390eec88528730')
},{
  material: new ObjectId('6a3e24312f2b2f71f964fd73'),
  percentage: 0.92,
  _id: new ObjectId('6a8ae1a34e390eec88528731')
},{
  material: new ObjectId('6a3e24312f2b2f71f964fd7a'),
  percentage: 0.92,
  _id: new ObjectId('6a8ae1a34e390eec88528732')
},{
  material: new ObjectId('6a3e24312f2b2f71f964fd82'),
  percentage: 0.92,
  _id: new ObjectId('6a8ae1a34e390eec88528733')
},{
  material: new ObjectId('6a3e24312f2b2f71f964fd73'),
  percentage: 0.98,
  _id: new ObjectId('6a8ae1a34e390eec88528734')
},{
  material: new ObjectId('6a3e24312f2b2f71f964fd7a'),
  percentage: 0.98,
  _id: new ObjectId('6a8ae1a34e390eec88528735')
},{
  material: new ObjectId('6a3e24312f2b2f71f964fd82'),
  percentage: 0.98,
  _id: new ObjectId('6a8ae1a34e390eec88528736')
},{
  material: new ObjectId('6a3e24312f2b2f71f964fd73'),
  percentage: 1.03,
  _id: new ObjectId('6a8ae1a34e390eec88528737')
},{
  material: new ObjectId('6a3e24312f2b2f71f964fd7a'),
  percentage: 1.03,
  _id: new ObjectId('6a8ae1a34e390eec88528738')
},{
  material: new ObjectId('6a3e24312f2b2f71f964fd82'),
  percentage: 1.03,
  _id: new ObjectId('6a8ae1a34e390eec88528739')
},{
  material: new ObjectId('6a3e24312f2b2f71f964fd73'),
  percentage: 1.09,
  _id: new ObjectId('6a8ae1a34e390eec8852873b')
},{
  material: new ObjectId('6a3e24312f2b2f71f964fd7a'),
  percentage: 1.09,
  _id: new ObjectId('6a8ae1a34e390eec8852873c')
},{
  material: new ObjectId('6a3e24312f2b2f71f964fd82'),
  percentage: 1.09,
  _id: new ObjectId('6a8ae1a34e390eec8852873d')
},{
  material: new ObjectId('6a3e242f2f2b2f71f964fd46'),
  percentage: 37.01,
  _id: new ObjectId('6a8ae1a34e390eec8852873a')
}
Hawas For Him Spray,HFH_SP,spray,100,1650,63.00000000000001,37.01,0,0,true,Strong aquatic spicy fragrance. Evening freshness.,strong,evening,aquatic spicy,,{
  material: new ObjectId('6a3e24302f2b2f71f964fd4e'),
  percentage: 48.03,
  _id: new ObjectId('6a8ae1a34e390eec8852872d')
},{
  material: new ObjectId('6a3e24312f2b2f71f964fd73'),
  percentage: 0.97,
  _id: new ObjectId('6a8ae1a34e390eec8852872e')
},{
  material: new ObjectId('6a3e24312f2b2f71f964fd7a'),
  percentage: 0.97,
  _id: new ObjectId('6a8ae1a34e390eec8852872f')
},{
  material: new ObjectId('6a3e24312f2b2f71f964fd82'),
  percentage: 0.97,
  _id: new ObjectId('6a8ae1a34e390eec88528730')
},{
  material: new ObjectId('6a3e24312f2b2f71f964fd73'),
  percentage: 0.92,
  _id: new ObjectId('6a8ae1a34e390eec88528731')
},{
  material: new ObjectId('6a3e24312f2b2f71f964fd7a'),
  percentage: 0.92,
  _id: new ObjectId('6a8ae1a34e390eec88528732')
},{
  material: new ObjectId('6a3e24312f2b2f71f964fd82'),
  percentage: 0.92,
  _id: new ObjectId('6a8ae1a34e390eec88528733')
},{
  material: new ObjectId('6a3e24312f2b2f71f964fd73'),
  percentage: 0.98,
  _id: new ObjectId('6a8ae1a34e390eec88528734')
},{
  material: new ObjectId('6a3e24312f2b2f71f964fd7a'),
  percentage: 0.98,
  _id: new ObjectId('6a8ae1a34e390eec88528735')
},{
  material: new ObjectId('6a3e24312f2b2f71f964fd82'),
  percentage: 0.98,
  _id: new ObjectId('6a8ae1a34e390eec88528736')
},{
  material: new ObjectId('6a3e24312f2b2f71f964fd73'),
  percentage: 1.03,
  _id: new ObjectId('6a8ae1a34e390eec88528737')
},{
  material: new ObjectId('6a3e24312f2b2f71f964fd7a'),
  percentage: 1.03,
  _id: new ObjectId('6a8ae1a34e390eec88528738')
},{
  material: new ObjectId('6a3e24312f2b2f71f964fd82'),
  percentage: 1.03,
  _id: new ObjectId('6a8ae1a34e390eec88528739')
},{
  material: new ObjectId('6a3e24312f2b2f71f964fd73'),
  percentage: 1.09,
  _id: new ObjectId('6a8ae1a34e390eec8852873b')
},{
  material: new ObjectId('6a3e24312f2b2f71f964fd7a'),
  percentage: 1.09,
  _id: new ObjectId('6a8ae1a34e390eec8852873c')
},{
  material: new ObjectId('6a3e24312f2b2f71f964fd82'),
  percentage: 1.09,
  _id: new ObjectId('6a8ae1a34e390eec8852873d')
},{
  material: new ObjectId('6a3e242f2f2b2f71f964fd46'),
  percentage: 37.01,
  _id: new ObjectId('6a8ae1a34e390eec8852873a')
}
Hawas Ice,HI,roll-on,3.5,150,3.5,0,0,138.17169697333333,true,"Top Notes: Frozen apple, Italian lemon, Sicilian bergamot, and star anise.Heart/
Middle Notes: Plum, orange blossom, and cardamom.
Base Notes: Musk, amber, driftwood, and moss.",medium,Daytime,aromatic,aquatic,6a7773ce21fc6555b5eab13b,
Hawas Ice,HI,roll-on,6,250,6,0,0,182.15315315027027,true,"Top Notes: Frozen apple, Italian lemon, Sicilian bergamot, and star anise.Heart/
Middle Notes: Plum, orange blossom, and cardamom.
Base Notes: Musk, amber, driftwood, and moss.",medium,Daytime,aromatic,aquatic,6a7773ce21fc6555b5eab13b,
Hawas Ice,HI,roll-on,15,600,15,0,0,295,true,"Top Notes: Frozen apple, Italian lemon, Sicilian bergamot, and star anise.Heart/
Middle Notes: Plum, orange blossom, and cardamom.
Base Notes: Musk, amber, driftwood, and moss.",medium,Daytime,aromatic,aquatic,6a7773ce21fc6555b5eab13b,
Hawas Ice,HI,roll-on,30,1000,30,0,0,532.3333333333333,true,"Top Notes: Frozen apple, Italian lemon, Sicilian bergamot, and star anise.Heart/
Middle Notes: Plum, orange blossom, and cardamom.
Base Notes: Musk, amber, driftwood, and moss.",medium,Daytime,aromatic,aquatic,6a7773ce21fc6555b5eab13b,
Hawas Ice Spray,HI_SP,spray,6,270,3.7811999999999997,2.22,0,162.418,true,"Top Notes: Frozen apple, Italian lemon, Sicilian bergamot, and star anise.Heart/
Middle Notes: Plum, orange blossom, and cardamom.
Base Notes: Musk, amber, driftwood, and moss.",medium,Daytime,aromatic,aquatic,,{
  material: new ObjectId('6a7773ce21fc6555b5eab13b'),
  percentage: 45.44,
  _id: new ObjectId('6a8ae1a64e390eec8852893a')
},{
  material: new ObjectId('6a3e24312f2b2f71f964fd82'),
  percentage: 0.87,
  _id: new ObjectId('6a8ae1a64e390eec8852893b')
},{
  material: new ObjectId('6a3e24312f2b2f71f964fd7a'),
  percentage: 0.87,
  _id: new ObjectId('6a8ae1a64e390eec8852893c')
},{
  material: new ObjectId('6a3e24312f2b2f71f964fd73'),
  percentage: 0.87,
  _id: new ObjectId('6a8ae1a64e390eec8852893d')
},{
  material: new ObjectId('6a3e24312f2b2f71f964fd73'),
  percentage: 0.97,
  _id: new ObjectId('6a8ae1a64e390eec8852893e')
},{
  material: new ObjectId('6a3e24312f2b2f71f964fd7a'),
  percentage: 0.97,
  _id: new ObjectId('6a8ae1a64e390eec8852893f')
},{
  material: new ObjectId('6a3e24312f2b2f71f964fd82'),
  percentage: 0.97,
  _id: new ObjectId('6a8ae1a64e390eec88528940')
},{
  material: new ObjectId('6a3e24312f2b2f71f964fd73'),
  percentage: 0.92,
  _id: new ObjectId('6a8ae1a64e390eec88528941')
},{
  material: new ObjectId('6a3e24312f2b2f71f964fd7a'),
  percentage: 0.92,
  _id: new ObjectId('6a8ae1a64e390eec88528942')
},{
  material: new ObjectId('6a3e24312f2b2f71f964fd82'),
  percentage: 0.92,
  _id: new ObjectId('6a8ae1a64e390eec88528943')
},{
  material: new ObjectId('6a3e24312f2b2f71f964fd73'),
  percentage: 0.98,
  _id: new ObjectId('6a8ae1a64e390eec88528944')
},{
  material: new ObjectId('6a3e24312f2b2f71f964fd7a'),
  percentage: 0.98,
  _id: new ObjectId('6a8ae1a64e390eec88528945')
},{
  material: new ObjectId('6a3e24312f2b2f71f964fd82'),
  percentage: 0.98,
  _id: new ObjectId('6a8ae1a64e390eec88528946')
},{
  material: new ObjectId('6a3e24312f2b2f71f964fd73'),
  percentage: 1.03,
  _id: new ObjectId('6a8ae1a64e390eec88528947')
},{
  material: new ObjectId('6a3e24312f2b2f71f964fd7a'),
  percentage: 1.03,
  _id: new ObjectId('6a8ae1a64e390eec88528948')
},{
  material: new ObjectId('6a3e24312f2b2f71f964fd82'),
  percentage: 1.03,
  _id: new ObjectId('6a8ae1a64e390eec88528949')
},{
  material: new ObjectId('6a3e24312f2b2f71f964fd73'),
  percentage: 1.09,
  _id: new ObjectId('6a8ae1a64e390eec8852894b')
},{
  material: new ObjectId('6a3e24312f2b2f71f964fd7a'),
  percentage: 1.09,
  _id: new ObjectId('6a8ae1a64e390eec8852894c')
},{
  material: new ObjectId('6a3e24312f2b2f71f964fd82'),
  percentage: 1.09,
  _id: new ObjectId('6a8ae1a64e390eec8852894d')
},{
  material: new ObjectId('6a3e242f2f2b2f71f964fd46'),
  percentage: 37,
  _id: new ObjectId('6a8ae1a64e390eec8852894a')
}
Hawas Ice Spray,HI_SP,spray,15,600,9.453000000000003,5.55,0,233.54500000000002,true,"Top Notes: Frozen apple, Italian lemon, Sicilian bergamot, and star anise.Heart/
Middle Notes: Plum, orange blossom, and cardamom.
Base Notes: Musk, amber, driftwood, and moss.",medium,Daytime,aromatic,aquatic,,{
  material: new ObjectId('6a7773ce21fc6555b5eab13b'),
  percentage: 45.44,
  _id: new ObjectId('6a8ae1a64e390eec8852893a')
},{
  material: new ObjectId('6a3e24312f2b2f71f964fd82'),
  percentage: 0.87,
  _id: new ObjectId('6a8ae1a64e390eec8852893b')
},{
  material: new ObjectId('6a3e24312f2b2f71f964fd7a'),
  percentage: 0.87,
  _id: new ObjectId('6a8ae1a64e390eec8852893c')
},{
  material: new ObjectId('6a3e24312f2b2f71f964fd73'),
  percentage: 0.87,
  _id: new ObjectId('6a8ae1a64e390eec8852893d')
},{
  material: new ObjectId('6a3e24312f2b2f71f964fd73'),
  percentage: 0.97,
  _id: new ObjectId('6a8ae1a64e390eec8852893e')
},{
  material: new ObjectId('6a3e24312f2b2f71f964fd7a'),
  percentage: 0.97,
  _id: new ObjectId('6a8ae1a64e390eec8852893f')
},{
  material: new ObjectId('6a3e24312f2b2f71f964fd82'),
  percentage: 0.97,
  _id: new ObjectId('6a8ae1a64e390eec88528940')
},{
  material: new ObjectId('6a3e24312f2b2f71f964fd73'),
  percentage: 0.92,
  _id: new ObjectId('6a8ae1a64e390eec88528941')
},{
  material: new ObjectId('6a3e24312f2b2f71f964fd7a'),
  percentage: 0.92,
  _id: new ObjectId('6a8ae1a64e390eec88528942')
},{
  material: new ObjectId('6a3e24312f2b2f71f964fd82'),
  percentage: 0.92,
  _id: new ObjectId('6a8ae1a64e390eec88528943')
},{
  material: new ObjectId('6a3e24312f2b2f71f964fd73'),
  percentage: 0.98,
  _id: new ObjectId('6a8ae1a64e390eec88528944')
},{
  material: new ObjectId('6a3e24312f2b2f71f964fd7a'),
  percentage: 0.98,
  _id: new ObjectId('6a8ae1a64e390eec88528945')
},{
  material: new ObjectId('6a3e24312f2b2f71f964fd82'),
  percentage: 0.98,
  _id: new ObjectId('6a8ae1a64e390eec88528946')
},{
  material: new ObjectId('6a3e24312f2b2f71f964fd73'),
  percentage: 1.03,
  _id: new ObjectId('6a8ae1a64e390eec88528947')
},{
  material: new ObjectId('6a3e24312f2b2f71f964fd7a'),
  percentage: 1.03,
  _id: new ObjectId('6a8ae1a64e390eec88528948')
},{
  material: new ObjectId('6a3e24312f2b2f71f964fd82'),
  percentage: 1.03,
  _id: new ObjectId('6a8ae1a64e390eec88528949')
},{
  material: new ObjectId('6a3e24312f2b2f71f964fd73'),
  percentage: 1.09,
  _id: new ObjectId('6a8ae1a64e390eec8852894b')
},{
  material: new ObjectId('6a3e24312f2b2f71f964fd7a'),
  percentage: 1.09,
  _id: new ObjectId('6a8ae1a64e390eec8852894c')
},{
  material: new ObjectId('6a3e24312f2b2f71f964fd82'),
  percentage: 1.09,
  _id: new ObjectId('6a8ae1a64e390eec8852894d')
},{
  material: new ObjectId('6a3e242f2f2b2f71f964fd46'),
  percentage: 37,
  _id: new ObjectId('6a8ae1a64e390eec8852894a')
}
Hawas Ice Spray,HI_SP,spray,30,900,18.906000000000006,11.1,0,409.42333333333335,true,"Top Notes: Frozen apple, Italian lemon, Sicilian bergamot, and star anise.Heart/
Middle Notes: Plum, orange blossom, and cardamom.
Base Notes: Musk, amber, driftwood, and moss.",medium,Daytime,aromatic,aquatic,,{
  material: new ObjectId('6a7773ce21fc6555b5eab13b'),
  percentage: 45.44,
  _id: new ObjectId('6a8ae1a64e390eec8852893a')
},{
  material: new ObjectId('6a3e24312f2b2f71f964fd82'),
  percentage: 0.87,
  _id: new ObjectId('6a8ae1a64e390eec8852893b')
},{
  material: new ObjectId('6a3e24312f2b2f71f964fd7a'),
  percentage: 0.87,
  _id: new ObjectId('6a8ae1a64e390eec8852893c')
},{
  material: new ObjectId('6a3e24312f2b2f71f964fd73'),
  percentage: 0.87,
  _id: new ObjectId('6a8ae1a64e390eec8852893d')
},{
  material: new ObjectId('6a3e24312f2b2f71f964fd73'),
  percentage: 0.97,
  _id: new ObjectId('6a8ae1a64e390eec8852893e')
},{
  material: new ObjectId('6a3e24312f2b2f71f964fd7a'),
  percentage: 0.97,
  _id: new ObjectId('6a8ae1a64e390eec8852893f')
},{
  material: new ObjectId('6a3e24312f2b2f71f964fd82'),
  percentage: 0.97,
  _id: new ObjectId('6a8ae1a64e390eec88528940')
},{
  material: new ObjectId('6a3e24312f2b2f71f964fd73'),
  percentage: 0.92,
  _id: new ObjectId('6a8ae1a64e390eec88528941')
},{
  material: new ObjectId('6a3e24312f2b2f71f964fd7a'),
  percentage: 0.92,
  _id: new ObjectId('6a8ae1a64e390eec88528942')
},{
  material: new ObjectId('6a3e24312f2b2f71f964fd82'),
  percentage: 0.92,
  _id: new ObjectId('6a8ae1a64e390eec88528943')
},{
  material: new ObjectId('6a3e24312f2b2f71f964fd73'),
  percentage: 0.98,
  _id: new ObjectId('6a8ae1a64e390eec88528944')
},{
  material: new ObjectId('6a3e24312f2b2f71f964fd7a'),
  percentage: 0.98,
  _id: new ObjectId('6a8ae1a64e390eec88528945')
},{
  material: new ObjectId('6a3e24312f2b2f71f964fd82'),
  percentage: 0.98,
  _id: new ObjectId('6a8ae1a64e390eec88528946')
},{
  material: new ObjectId('6a3e24312f2b2f71f964fd73'),
  percentage: 1.03,
  _id: new ObjectId('6a8ae1a64e390eec88528947')
},{
  material: new ObjectId('6a3e24312f2b2f71f964fd7a'),
  percentage: 1.03,
  _id: new ObjectId('6a8ae1a64e390eec88528948')
},{
  material: new ObjectId('6a3e24312f2b2f71f964fd82'),
  percentage: 1.03,
  _id: new ObjectId('6a8ae1a64e390eec88528949')
},{
  material: new ObjectId('6a3e24312f2b2f71f964fd73'),
  percentage: 1.09,
  _id: new ObjectId('6a8ae1a64e390eec8852894b')
},{
  material: new ObjectId('6a3e24312f2b2f71f964fd7a'),
  percentage: 1.09,
  _id: new ObjectId('6a8ae1a64e390eec8852894c')
},{
  material: new ObjectId('6a3e24312f2b2f71f964fd82'),
  percentage: 1.09,
  _id: new ObjectId('6a8ae1a64e390eec8852894d')
},{
  material: new ObjectId('6a3e242f2f2b2f71f964fd46'),
  percentage: 37,
  _id: new ObjectId('6a8ae1a64e390eec8852894a')
}
Hawas Ice Spray,HI_SP,spray,50,1050,31.509999999999998,18.5,0,570.15,true,"Top Notes: Frozen apple, Italian lemon, Sicilian bergamot, and star anise.Heart/
Middle Notes: Plum, orange blossom, and cardamom.
Base Notes: Musk, amber, driftwood, and moss.",medium,Daytime,aromatic,aquatic,,{
  material: new ObjectId('6a7773ce21fc6555b5eab13b'),
  percentage: 45.44,
  _id: new ObjectId('6a8ae1a64e390eec8852893a')
},{
  material: new ObjectId('6a3e24312f2b2f71f964fd82'),
  percentage: 0.87,
  _id: new ObjectId('6a8ae1a64e390eec8852893b')
},{
  material: new ObjectId('6a3e24312f2b2f71f964fd7a'),
  percentage: 0.87,
  _id: new ObjectId('6a8ae1a64e390eec8852893c')
},{
  material: new ObjectId('6a3e24312f2b2f71f964fd73'),
  percentage: 0.87,
  _id: new ObjectId('6a8ae1a64e390eec8852893d')
},{
  material: new ObjectId('6a3e24312f2b2f71f964fd73'),
  percentage: 0.97,
  _id: new ObjectId('6a8ae1a64e390eec8852893e')
},{
  material: new ObjectId('6a3e24312f2b2f71f964fd7a'),
  percentage: 0.97,
  _id: new ObjectId('6a8ae1a64e390eec8852893f')
},{
  material: new ObjectId('6a3e24312f2b2f71f964fd82'),
  percentage: 0.97,
  _id: new ObjectId('6a8ae1a64e390eec88528940')
},{
  material: new ObjectId('6a3e24312f2b2f71f964fd73'),
  percentage: 0.92,
  _id: new ObjectId('6a8ae1a64e390eec88528941')
},{
  material: new ObjectId('6a3e24312f2b2f71f964fd7a'),
  percentage: 0.92,
  _id: new ObjectId('6a8ae1a64e390eec88528942')
},{
  material: new ObjectId('6a3e24312f2b2f71f964fd82'),
  percentage: 0.92,
  _id: new ObjectId('6a8ae1a64e390eec88528943')
},{
  material: new ObjectId('6a3e24312f2b2f71f964fd73'),
  percentage: 0.98,
  _id: new ObjectId('6a8ae1a64e390eec88528944')
},{
  material: new ObjectId('6a3e24312f2b2f71f964fd7a'),
  percentage: 0.98,
  _id: new ObjectId('6a8ae1a64e390eec88528945')
},{
  material: new ObjectId('6a3e24312f2b2f71f964fd82'),
  percentage: 0.98,
  _id: new ObjectId('6a8ae1a64e390eec88528946')
},{
  material: new ObjectId('6a3e24312f2b2f71f964fd73'),
  percentage: 1.03,
  _id: new ObjectId('6a8ae1a64e390eec88528947')
},{
  material: new ObjectId('6a3e24312f2b2f71f964fd7a'),
  percentage: 1.03,
  _id: new ObjectId('6a8ae1a64e390eec88528948')
},{
  material: new ObjectId('6a3e24312f2b2f71f964fd82'),
  percentage: 1.03,
  _id: new ObjectId('6a8ae1a64e390eec88528949')
},{
  material: new ObjectId('6a3e24312f2b2f71f964fd73'),
  percentage: 1.09,
  _id: new ObjectId('6a8ae1a64e390eec8852894b')
},{
  material: new ObjectId('6a3e24312f2b2f71f964fd7a'),
  percentage: 1.09,
  _id: new ObjectId('6a8ae1a64e390eec8852894c')
},{
  material: new ObjectId('6a3e24312f2b2f71f964fd82'),
  percentage: 1.09,
  _id: new ObjectId('6a8ae1a64e390eec8852894d')
},{
  material: new ObjectId('6a3e242f2f2b2f71f964fd46'),
  percentage: 37,
  _id: new ObjectId('6a8ae1a64e390eec8852894a')
}
Hawas Ice Spray,HI_SP,spray,100,1300,63.019999999999996,37,0,955.3,true,"Top Notes: Frozen apple, Italian lemon, Sicilian bergamot, and star anise.Heart/
Middle Notes: Plum, orange blossom, and cardamom.
Base Notes: Musk, amber, driftwood, and moss.",medium,Daytime,aromatic,aquatic,,{
  material: new ObjectId('6a7773ce21fc6555b5eab13b'),
  percentage: 45.44,
  _id: new ObjectId('6a8ae1a64e390eec8852893a')
},{
  material: new ObjectId('6a3e24312f2b2f71f964fd82'),
  percentage: 0.87,
  _id: new ObjectId('6a8ae1a64e390eec8852893b')
},{
  material: new ObjectId('6a3e24312f2b2f71f964fd7a'),
  percentage: 0.87,
  _id: new ObjectId('6a8ae1a64e390eec8852893c')
},{
  material: new ObjectId('6a3e24312f2b2f71f964fd73'),
  percentage: 0.87,
  _id: new ObjectId('6a8ae1a64e390eec8852893d')
},{
  material: new ObjectId('6a3e24312f2b2f71f964fd73'),
  percentage: 0.97,
  _id: new ObjectId('6a8ae1a64e390eec8852893e')
},{
  material: new ObjectId('6a3e24312f2b2f71f964fd7a'),
  percentage: 0.97,
  _id: new ObjectId('6a8ae1a64e390eec8852893f')
},{
  material: new ObjectId('6a3e24312f2b2f71f964fd82'),
  percentage: 0.97,
  _id: new ObjectId('6a8ae1a64e390eec88528940')
},{
  material: new ObjectId('6a3e24312f2b2f71f964fd73'),
  percentage: 0.92,
  _id: new ObjectId('6a8ae1a64e390eec88528941')
},{
  material: new ObjectId('6a3e24312f2b2f71f964fd7a'),
  percentage: 0.92,
  _id: new ObjectId('6a8ae1a64e390eec88528942')
},{
  material: new ObjectId('6a3e24312f2b2f71f964fd82'),
  percentage: 0.92,
  _id: new ObjectId('6a8ae1a64e390eec88528943')
},{
  material: new ObjectId('6a3e24312f2b2f71f964fd73'),
  percentage: 0.98,
  _id: new ObjectId('6a8ae1a64e390eec88528944')
},{
  material: new ObjectId('6a3e24312f2b2f71f964fd7a'),
  percentage: 0.98,
  _id: new ObjectId('6a8ae1a64e390eec88528945')
},{
  material: new ObjectId('6a3e24312f2b2f71f964fd82'),
  percentage: 0.98,
  _id: new ObjectId('6a8ae1a64e390eec88528946')
},{
  material: new ObjectId('6a3e24312f2b2f71f964fd73'),
  percentage: 1.03,
  _id: new ObjectId('6a8ae1a64e390eec88528947')
},{
  material: new ObjectId('6a3e24312f2b2f71f964fd7a'),
  percentage: 1.03,
  _id: new ObjectId('6a8ae1a64e390eec88528948')
},{
  material: new ObjectId('6a3e24312f2b2f71f964fd82'),
  percentage: 1.03,
  _id: new ObjectId('6a8ae1a64e390eec88528949')
},{
  material: new ObjectId('6a3e24312f2b2f71f964fd73'),
  percentage: 1.09,
  _id: new ObjectId('6a8ae1a64e390eec8852894b')
},{
  material: new ObjectId('6a3e24312f2b2f71f964fd7a'),
  percentage: 1.09,
  _id: new ObjectId('6a8ae1a64e390eec8852894c')
},{
  material: new ObjectId('6a3e24312f2b2f71f964fd82'),
  percentage: 1.09,
  _id: new ObjectId('6a8ae1a64e390eec8852894d')
},{
  material: new ObjectId('6a3e242f2f2b2f71f964fd46'),
  percentage: 37,
  _id: new ObjectId('6a8ae1a64e390eec8852894a')
}
LOST Cherry,LostChe,roll-on,3.5,150,3.5,0,0,131.25,true,Sweet cherry with almond and gourmand notes. A luxurious evening fragrance.,medium,evening,fruity gourmand almond,6a3e242d2f2b2f71f964fd0f,
LOST Cherry,LostChe,roll-on,6,250,6,0,0,171,true,Sweet cherry with almond and gourmand notes. A luxurious evening fragrance.,medium,evening,fruity gourmand almond,6a3e242d2f2b2f71f964fd0f,
LOST Cherry,LostChe,roll-on,15,650,15,0,0,220,true,Sweet cherry with almond and gourmand notes. A luxurious evening fragrance.,medium,evening,fruity gourmand almond,6a3e242d2f2b2f71f964fd0f,
LOST Cherry,LostChe,roll-on,30,1250,30,0,0,355,true,Sweet cherry with almond and gourmand notes. A luxurious evening fragrance.,medium,evening,fruity gourmand almond,6a3e242d2f2b2f71f964fd0f,
LOST Cherry Spray,LostChe_SP,spray,6,300,3.78,2.2206,0,152.362,true,Sweet cherry with almond and gourmand notes. A luxurious evening fragrance.,medium,evening,fruity gourmand almond,,{
  material: new ObjectId('6a3e242d2f2b2f71f964fd0f'),
  percentage: 48.03,
  _id: new ObjectId('6a8ae19e4e390eec885284ee')
},{
  material: new ObjectId('6a3e24312f2b2f71f964fd73'),
  percentage: 0.97,
  _id: new ObjectId('6a8ae19e4e390eec885284ef')
},{
  material: new ObjectId('6a3e24312f2b2f71f964fd7a'),
  percentage: 0.97,
  _id: new ObjectId('6a8ae19e4e390eec885284f0')
},{
  material: new ObjectId('6a3e24312f2b2f71f964fd82'),
  percentage: 0.97,
  _id: new ObjectId('6a8ae19e4e390eec885284f1')
},{
  material: new ObjectId('6a3e24312f2b2f71f964fd73'),
  percentage: 0.92,
  _id: new ObjectId('6a8ae19e4e390eec885284f2')
},{
  material: new ObjectId('6a3e24312f2b2f71f964fd7a'),
  percentage: 0.92,
  _id: new ObjectId('6a8ae19e4e390eec885284f3')
},{
  material: new ObjectId('6a3e24312f2b2f71f964fd82'),
  percentage: 0.92,
  _id: new ObjectId('6a8ae19e4e390eec885284f4')
},{
  material: new ObjectId('6a3e24312f2b2f71f964fd73'),
  percentage: 0.98,
  _id: new ObjectId('6a8ae19e4e390eec885284f5')
},{
  material: new ObjectId('6a3e24312f2b2f71f964fd7a'),
  percentage: 0.98,
  _id: new ObjectId('6a8ae19e4e390eec885284f6')
},{
  material: new ObjectId('6a3e24312f2b2f71f964fd82'),
  percentage: 0.98,
  _id: new ObjectId('6a8ae19e4e390eec885284f7')
},{
  material: new ObjectId('6a3e24312f2b2f71f964fd73'),
  percentage: 1.03,
  _id: new ObjectId('6a8ae19e4e390eec885284f8')
},{
  material: new ObjectId('6a3e24312f2b2f71f964fd7a'),
  percentage: 1.03,
  _id: new ObjectId('6a8ae19e4e390eec885284f9')
},{
  material: new ObjectId('6a3e24312f2b2f71f964fd82'),
  percentage: 1.03,
  _id: new ObjectId('6a8ae19e4e390eec885284fa')
},{
  material: new ObjectId('6a3e24312f2b2f71f964fd73'),
  percentage: 1.09,
  _id: new ObjectId('6a8ae19e4e390eec885284fc')
},{
  material: new ObjectId('6a3e24312f2b2f71f964fd7a'),
  percentage: 1.09,
  _id: new ObjectId('6a8ae19e4e390eec885284fd')
},{
  material: new ObjectId('6a3e24312f2b2f71f964fd82'),
  percentage: 1.09,
  _id: new ObjectId('6a8ae19e4e390eec885284fe')
},{
  material: new ObjectId('6a3e242f2f2b2f71f964fd46'),
  percentage: 37.01,
  _id: new ObjectId('6a8ae19e4e390eec885284fb')
}
LOST Cherry Spray,LostChe_SP,spray,15,700,9.450000000000006,5.5515,0,208.405,true,Sweet cherry with almond and gourmand notes. A luxurious evening fragrance.,medium,evening,fruity gourmand almond,,{
  material: new ObjectId('6a3e242d2f2b2f71f964fd0f'),
  percentage: 48.03,
  _id: new ObjectId('6a8ae19e4e390eec885284ee')
},{
  material: new ObjectId('6a3e24312f2b2f71f964fd73'),
  percentage: 0.97,
  _id: new ObjectId('6a8ae19e4e390eec885284ef')
},{
  material: new ObjectId('6a3e24312f2b2f71f964fd7a'),
  percentage: 0.97,
  _id: new ObjectId('6a8ae19e4e390eec885284f0')
},{
  material: new ObjectId('6a3e24312f2b2f71f964fd82'),
  percentage: 0.97,
  _id: new ObjectId('6a8ae19e4e390eec885284f1')
},{
  material: new ObjectId('6a3e24312f2b2f71f964fd73'),
  percentage: 0.92,
  _id: new ObjectId('6a8ae19e4e390eec885284f2')
},{
  material: new ObjectId('6a3e24312f2b2f71f964fd7a'),
  percentage: 0.92,
  _id: new ObjectId('6a8ae19e4e390eec885284f3')
},{
  material: new ObjectId('6a3e24312f2b2f71f964fd82'),
  percentage: 0.92,
  _id: new ObjectId('6a8ae19e4e390eec885284f4')
},{
  material: new ObjectId('6a3e24312f2b2f71f964fd73'),
  percentage: 0.98,
  _id: new ObjectId('6a8ae19e4e390eec885284f5')
},{
  material: new ObjectId('6a3e24312f2b2f71f964fd7a'),
  percentage: 0.98,
  _id: new ObjectId('6a8ae19e4e390eec885284f6')
},{
  material: new ObjectId('6a3e24312f2b2f71f964fd82'),
  percentage: 0.98,
  _id: new ObjectId('6a8ae19e4e390eec885284f7')
},{
  material: new ObjectId('6a3e24312f2b2f71f964fd73'),
  percentage: 1.03,
  _id: new ObjectId('6a8ae19e4e390eec885284f8')
},{
  material: new ObjectId('6a3e24312f2b2f71f964fd7a'),
  percentage: 1.03,
  _id: new ObjectId('6a8ae19e4e390eec885284f9')
},{
  material: new ObjectId('6a3e24312f2b2f71f964fd82'),
  percentage: 1.03,
  _id: new ObjectId('6a8ae19e4e390eec885284fa')
},{
  material: new ObjectId('6a3e24312f2b2f71f964fd73'),
  percentage: 1.09,
  _id: new ObjectId('6a8ae19e4e390eec885284fc')
},{
  material: new ObjectId('6a3e24312f2b2f71f964fd7a'),
  percentage: 1.09,
  _id: new ObjectId('6a8ae19e4e390eec885284fd')
},{
  material: new ObjectId('6a3e24312f2b2f71f964fd82'),
  percentage: 1.09,
  _id: new ObjectId('6a8ae19e4e390eec885284fe')
},{
  material: new ObjectId('6a3e242f2f2b2f71f964fd46'),
  percentage: 37.01,
  _id: new ObjectId('6a8ae19e4e390eec885284fb')
}
LOST Cherry Spray,LostChe_SP,spray,30,1000,18.900000000000013,11.103,0,361.81,true,Sweet cherry with almond and gourmand notes. A luxurious evening fragrance.,medium,evening,fruity gourmand almond,,{
  material: new ObjectId('6a3e242d2f2b2f71f964fd0f'),
  percentage: 48.03,
  _id: new ObjectId('6a8ae19e4e390eec885284ee')
},{
  material: new ObjectId('6a3e24312f2b2f71f964fd73'),
  percentage: 0.97,
  _id: new ObjectId('6a8ae19e4e390eec885284ef')
},{
  material: new ObjectId('6a3e24312f2b2f71f964fd7a'),
  percentage: 0.97,
  _id: new ObjectId('6a8ae19e4e390eec885284f0')
},{
  material: new ObjectId('6a3e24312f2b2f71f964fd82'),
  percentage: 0.97,
  _id: new ObjectId('6a8ae19e4e390eec885284f1')
},{
  material: new ObjectId('6a3e24312f2b2f71f964fd73'),
  percentage: 0.92,
  _id: new ObjectId('6a8ae19e4e390eec885284f2')
},{
  material: new ObjectId('6a3e24312f2b2f71f964fd7a'),
  percentage: 0.92,
  _id: new ObjectId('6a8ae19e4e390eec885284f3')
},{
  material: new ObjectId('6a3e24312f2b2f71f964fd82'),
  percentage: 0.92,
  _id: new ObjectId('6a8ae19e4e390eec885284f4')
},{
  material: new ObjectId('6a3e24312f2b2f71f964fd73'),
  percentage: 0.98,
  _id: new ObjectId('6a8ae19e4e390eec885284f5')
},{
  material: new ObjectId('6a3e24312f2b2f71f964fd7a'),
  percentage: 0.98,
  _id: new ObjectId('6a8ae19e4e390eec885284f6')
},{
  material: new ObjectId('6a3e24312f2b2f71f964fd82'),
  percentage: 0.98,
  _id: new ObjectId('6a8ae19e4e390eec885284f7')
},{
  material: new ObjectId('6a3e24312f2b2f71f964fd73'),
  percentage: 1.03,
  _id: new ObjectId('6a8ae19e4e390eec885284f8')
},{
  material: new ObjectId('6a3e24312f2b2f71f964fd7a'),
  percentage: 1.03,
  _id: new ObjectId('6a8ae19e4e390eec885284f9')
},{
  material: new ObjectId('6a3e24312f2b2f71f964fd82'),
  percentage: 1.03,
  _id: new ObjectId('6a8ae19e4e390eec885284fa')
},{
  material: new ObjectId('6a3e24312f2b2f71f964fd73'),
  percentage: 1.09,
  _id: new ObjectId('6a8ae19e4e390eec885284fc')
},{
  material: new ObjectId('6a3e24312f2b2f71f964fd7a'),
  percentage: 1.09,
  _id: new ObjectId('6a8ae19e4e390eec885284fd')
},{
  material: new ObjectId('6a3e24312f2b2f71f964fd82'),
  percentage: 1.09,
  _id: new ObjectId('6a8ae19e4e390eec885284fe')
},{
  material: new ObjectId('6a3e242f2f2b2f71f964fd46'),
  percentage: 37.01,
  _id: new ObjectId('6a8ae19e4e390eec885284fb')
}
LOST Cherry Spray,LostChe_SP,spray,50,1300,31.500000000000004,18.505,0,486.35,true,Sweet cherry with almond and gourmand notes. A luxurious evening fragrance.,medium,evening,fruity gourmand almond,,{
  material: new ObjectId('6a3e242d2f2b2f71f964fd0f'),
  percentage: 48.03,
  _id: new ObjectId('6a8ae19e4e390eec885284ee')
},{
  material: new ObjectId('6a3e24312f2b2f71f964fd73'),
  percentage: 0.97,
  _id: new ObjectId('6a8ae19e4e390eec885284ef')
},{
  material: new ObjectId('6a3e24312f2b2f71f964fd7a'),
  percentage: 0.97,
  _id: new ObjectId('6a8ae19e4e390eec885284f0')
},{
  material: new ObjectId('6a3e24312f2b2f71f964fd82'),
  percentage: 0.97,
  _id: new ObjectId('6a8ae19e4e390eec885284f1')
},{
  material: new ObjectId('6a3e24312f2b2f71f964fd73'),
  percentage: 0.92,
  _id: new ObjectId('6a8ae19e4e390eec885284f2')
},{
  material: new ObjectId('6a3e24312f2b2f71f964fd7a'),
  percentage: 0.92,
  _id: new ObjectId('6a8ae19e4e390eec885284f3')
},{
  material: new ObjectId('6a3e24312f2b2f71f964fd82'),
  percentage: 0.92,
  _id: new ObjectId('6a8ae19e4e390eec885284f4')
},{
  material: new ObjectId('6a3e24312f2b2f71f964fd73'),
  percentage: 0.98,
  _id: new ObjectId('6a8ae19e4e390eec885284f5')
},{
  material: new ObjectId('6a3e24312f2b2f71f964fd7a'),
  percentage: 0.98,
  _id: new ObjectId('6a8ae19e4e390eec885284f6')
},{
  material: new ObjectId('6a3e24312f2b2f71f964fd82'),
  percentage: 0.98,
  _id: new ObjectId('6a8ae19e4e390eec885284f7')
},{
  material: new ObjectId('6a3e24312f2b2f71f964fd73'),
  percentage: 1.03,
  _id: new ObjectId('6a8ae19e4e390eec885284f8')
},{
  material: new ObjectId('6a3e24312f2b2f71f964fd7a'),
  percentage: 1.03,
  _id: new ObjectId('6a8ae19e4e390eec885284f9')
},{
  material: new ObjectId('6a3e24312f2b2f71f964fd82'),
  percentage: 1.03,
  _id: new ObjectId('6a8ae19e4e390eec885284fa')
},{
  material: new ObjectId('6a3e24312f2b2f71f964fd73'),
  percentage: 1.09,
  _id: new ObjectId('6a8ae19e4e390eec885284fc')
},{
  material: new ObjectId('6a3e24312f2b2f71f964fd7a'),
  percentage: 1.09,
  _id: new ObjectId('6a8ae19e4e390eec885284fd')
},{
  material: new ObjectId('6a3e24312f2b2f71f964fd82'),
  percentage: 1.09,
  _id: new ObjectId('6a8ae19e4e390eec885284fe')
},{
  material: new ObjectId('6a3e242f2f2b2f71f964fd46'),
  percentage: 37.01,
  _id: new ObjectId('6a8ae19e4e390eec885284fb')
}
LOST Cherry Spray,LostChe_SP,spray,100,1700,63.00000000000001,37.01,0,787.7,true,Sweet cherry with almond and gourmand notes. A luxurious evening fragrance.,medium,evening,fruity gourmand almond,,{
  material: new ObjectId('6a3e242d2f2b2f71f964fd0f'),
  percentage: 48.03,
  _id: new ObjectId('6a8ae19e4e390eec885284ee')
},{
  material: new ObjectId('6a3e24312f2b2f71f964fd73'),
  percentage: 0.97,
  _id: new ObjectId('6a8ae19e4e390eec885284ef')
},{
  material: new ObjectId('6a3e24312f2b2f71f964fd7a'),
  percentage: 0.97,
  _id: new ObjectId('6a8ae19e4e390eec885284f0')
},{
  material: new ObjectId('6a3e24312f2b2f71f964fd82'),
  percentage: 0.97,
  _id: new ObjectId('6a8ae19e4e390eec885284f1')
},{
  material: new ObjectId('6a3e24312f2b2f71f964fd73'),
  percentage: 0.92,
  _id: new ObjectId('6a8ae19e4e390eec885284f2')
},{
  material: new ObjectId('6a3e24312f2b2f71f964fd7a'),
  percentage: 0.92,
  _id: new ObjectId('6a8ae19e4e390eec885284f3')
},{
  material: new ObjectId('6a3e24312f2b2f71f964fd82'),
  percentage: 0.92,
  _id: new ObjectId('6a8ae19e4e390eec885284f4')
},{
  material: new ObjectId('6a3e24312f2b2f71f964fd73'),
  percentage: 0.98,
  _id: new ObjectId('6a8ae19e4e390eec885284f5')
},{
  material: new ObjectId('6a3e24312f2b2f71f964fd7a'),
  percentage: 0.98,
  _id: new ObjectId('6a8ae19e4e390eec885284f6')
},{
  material: new ObjectId('6a3e24312f2b2f71f964fd82'),
  percentage: 0.98,
  _id: new ObjectId('6a8ae19e4e390eec885284f7')
},{
  material: new ObjectId('6a3e24312f2b2f71f964fd73'),
  percentage: 1.03,
  _id: new ObjectId('6a8ae19e4e390eec885284f8')
},{
  material: new ObjectId('6a3e24312f2b2f71f964fd7a'),
  percentage: 1.03,
  _id: new ObjectId('6a8ae19e4e390eec885284f9')
},{
  material: new ObjectId('6a3e24312f2b2f71f964fd82'),
  percentage: 1.03,
  _id: new ObjectId('6a8ae19e4e390eec885284fa')
},{
  material: new ObjectId('6a3e24312f2b2f71f964fd73'),
  percentage: 1.09,
  _id: new ObjectId('6a8ae19e4e390eec885284fc')
},{
  material: new ObjectId('6a3e24312f2b2f71f964fd7a'),
  percentage: 1.09,
  _id: new ObjectId('6a8ae19e4e390eec885284fd')
},{
  material: new ObjectId('6a3e24312f2b2f71f964fd82'),
  percentage: 1.09,
  _id: new ObjectId('6a8ae19e4e390eec885284fe')
},{
  material: new ObjectId('6a3e242f2f2b2f71f964fd46'),
  percentage: 37.01,
  _id: new ObjectId('6a8ae19e4e390eec885284fb')
}
Luxe Special,LUXE1,roll-on,3.5,220,3.5,0,0,0,true,Medium luxury blend fragrance. Versatile for any occasion.,medium,all,luxury blend,6a3e24312f2b2f71f964fd6b,
Luxe Special,LUXE1,roll-on,6,350,6,0,0,0,true,Medium luxury blend fragrance. Versatile for any occasion.,medium,all,luxury blend,6a3e24312f2b2f71f964fd6b,
Luxe Special,LUXE1,roll-on,15,800,15,0,0,0,true,Medium luxury blend fragrance. Versatile for any occasion.,medium,all,luxury blend,6a3e24312f2b2f71f964fd6b,
Luxe Special,LUXE1,roll-on,30,1500,30,0,0,0,true,Medium luxury blend fragrance. Versatile for any occasion.,medium,all,luxury blend,6a3e24312f2b2f71f964fd6b,
Luxe Special Spray,LUXE1_SP,spray,6,370,3.7805999999999997,2.2206,0,0,true,Medium luxury blend fragrance. Versatile for any occasion.,medium,all,luxury blend,,{
  material: new ObjectId('6a3e24302f2b2f71f964fd60'),
  percentage: 19.22,
  _id: new ObjectId('6a8ae1a54e390eec88528848')
},{
  material: new ObjectId('6a3e24312f2b2f71f964fd63'),
  percentage: 28.82,
  _id: new ObjectId('6a8ae1a54e390eec88528849')
},{
  material: new ObjectId('6a3e24312f2b2f71f964fd73'),
  percentage: 0.97,
  _id: new ObjectId('6a8ae1a54e390eec8852884a')
},{
  material: new ObjectId('6a3e24312f2b2f71f964fd7a'),
  percentage: 0.97,
  _id: new ObjectId('6a8ae1a54e390eec8852884b')
},{
  material: new ObjectId('6a3e24312f2b2f71f964fd82'),
  percentage: 0.97,
  _id: new ObjectId('6a8ae1a54e390eec8852884c')
},{
  material: new ObjectId('6a3e24312f2b2f71f964fd73'),
  percentage: 0.92,
  _id: new ObjectId('6a8ae1a54e390eec8852884d')
},{
  material: new ObjectId('6a3e24312f2b2f71f964fd7a'),
  percentage: 0.92,
  _id: new ObjectId('6a8ae1a54e390eec8852884e')
},{
  material: new ObjectId('6a3e24312f2b2f71f964fd82'),
  percentage: 0.92,
  _id: new ObjectId('6a8ae1a54e390eec8852884f')
},{
  material: new ObjectId('6a3e24312f2b2f71f964fd73'),
  percentage: 0.98,
  _id: new ObjectId('6a8ae1a54e390eec88528850')
},{
  material: new ObjectId('6a3e24312f2b2f71f964fd7a'),
  percentage: 0.98,
  _id: new ObjectId('6a8ae1a54e390eec88528851')
},{
  material: new ObjectId('6a3e24312f2b2f71f964fd82'),
  percentage: 0.98,
  _id: new ObjectId('6a8ae1a54e390eec88528852')
},{
  material: new ObjectId('6a3e24312f2b2f71f964fd73'),
  percentage: 1.03,
  _id: new ObjectId('6a8ae1a54e390eec88528853')
},{
  material: new ObjectId('6a3e24312f2b2f71f964fd7a'),
  percentage: 1.03,
  _id: new ObjectId('6a8ae1a54e390eec88528854')
},{
  material: new ObjectId('6a3e24312f2b2f71f964fd82'),
  percentage: 1.03,
  _id: new ObjectId('6a8ae1a54e390eec88528855')
},{
  material: new ObjectId('6a3e24312f2b2f71f964fd73'),
  percentage: 1.09,
  _id: new ObjectId('6a8ae1a54e390eec88528857')
},{
  material: new ObjectId('6a3e24312f2b2f71f964fd7a'),
  percentage: 1.09,
  _id: new ObjectId('6a8ae1a54e390eec88528858')
},{
  material: new ObjectId('6a3e24312f2b2f71f964fd82'),
  percentage: 1.09,
  _id: new ObjectId('6a8ae1a54e390eec88528859')
},{
  material: new ObjectId('6a3e242f2f2b2f71f964fd46'),
  percentage: 37.01,
  _id: new ObjectId('6a8ae1a54e390eec88528856')
}
Luxe Special Spray,LUXE1_SP,spray,15,850,9.451500000000005,5.5515,0,0,true,Medium luxury blend fragrance. Versatile for any occasion.,medium,all,luxury blend,,{
  material: new ObjectId('6a3e24302f2b2f71f964fd60'),
  percentage: 19.22,
  _id: new ObjectId('6a8ae1a54e390eec88528848')
},{
  material: new ObjectId('6a3e24312f2b2f71f964fd63'),
  percentage: 28.82,
  _id: new ObjectId('6a8ae1a54e390eec88528849')
},{
  material: new ObjectId('6a3e24312f2b2f71f964fd73'),
  percentage: 0.97,
  _id: new ObjectId('6a8ae1a54e390eec8852884a')
},{
  material: new ObjectId('6a3e24312f2b2f71f964fd7a'),
  percentage: 0.97,
  _id: new ObjectId('6a8ae1a54e390eec8852884b')
},{
  material: new ObjectId('6a3e24312f2b2f71f964fd82'),
  percentage: 0.97,
  _id: new ObjectId('6a8ae1a54e390eec8852884c')
},{
  material: new ObjectId('6a3e24312f2b2f71f964fd73'),
  percentage: 0.92,
  _id: new ObjectId('6a8ae1a54e390eec8852884d')
},{
  material: new ObjectId('6a3e24312f2b2f71f964fd7a'),
  percentage: 0.92,
  _id: new ObjectId('6a8ae1a54e390eec8852884e')
},{
  material: new ObjectId('6a3e24312f2b2f71f964fd82'),
  percentage: 0.92,
  _id: new ObjectId('6a8ae1a54e390eec8852884f')
},{
  material: new ObjectId('6a3e24312f2b2f71f964fd73'),
  percentage: 0.98,
  _id: new ObjectId('6a8ae1a54e390eec88528850')
},{
  material: new ObjectId('6a3e24312f2b2f71f964fd7a'),
  percentage: 0.98,
  _id: new ObjectId('6a8ae1a54e390eec88528851')
},{
  material: new ObjectId('6a3e24312f2b2f71f964fd82'),
  percentage: 0.98,
  _id: new ObjectId('6a8ae1a54e390eec88528852')
},{
  material: new ObjectId('6a3e24312f2b2f71f964fd73'),
  percentage: 1.03,
  _id: new ObjectId('6a8ae1a54e390eec88528853')
},{
  material: new ObjectId('6a3e24312f2b2f71f964fd7a'),
  percentage: 1.03,
  _id: new ObjectId('6a8ae1a54e390eec88528854')
},{
  material: new ObjectId('6a3e24312f2b2f71f964fd82'),
  percentage: 1.03,
  _id: new ObjectId('6a8ae1a54e390eec88528855')
},{
  material: new ObjectId('6a3e24312f2b2f71f964fd73'),
  percentage: 1.09,
  _id: new ObjectId('6a8ae1a54e390eec88528857')
},{
  material: new ObjectId('6a3e24312f2b2f71f964fd7a'),
  percentage: 1.09,
  _id: new ObjectId('6a8ae1a54e390eec88528858')
},{
  material: new ObjectId('6a3e24312f2b2f71f964fd82'),
  percentage: 1.09,
  _id: new ObjectId('6a8ae1a54e390eec88528859')
},{
  material: new ObjectId('6a3e242f2f2b2f71f964fd46'),
  percentage: 37.01,
  _id: new ObjectId('6a8ae1a54e390eec88528856')
}
Luxe Special Spray,LUXE1_SP,spray,30,1600,18.90300000000001,11.103,0,0,true,Medium luxury blend fragrance. Versatile for any occasion.,medium,all,luxury blend,,{
  material: new ObjectId('6a3e24302f2b2f71f964fd60'),
  percentage: 19.22,
  _id: new ObjectId('6a8ae1a54e390eec88528848')
},{
  material: new ObjectId('6a3e24312f2b2f71f964fd63'),
  percentage: 28.82,
  _id: new ObjectId('6a8ae1a54e390eec88528849')
},{
  material: new ObjectId('6a3e24312f2b2f71f964fd73'),
  percentage: 0.97,
  _id: new ObjectId('6a8ae1a54e390eec8852884a')
},{
  material: new ObjectId('6a3e24312f2b2f71f964fd7a'),
  percentage: 0.97,
  _id: new ObjectId('6a8ae1a54e390eec8852884b')
},{
  material: new ObjectId('6a3e24312f2b2f71f964fd82'),
  percentage: 0.97,
  _id: new ObjectId('6a8ae1a54e390eec8852884c')
},{
  material: new ObjectId('6a3e24312f2b2f71f964fd73'),
  percentage: 0.92,
  _id: new ObjectId('6a8ae1a54e390eec8852884d')
},{
  material: new ObjectId('6a3e24312f2b2f71f964fd7a'),
  percentage: 0.92,
  _id: new ObjectId('6a8ae1a54e390eec8852884e')
},{
  material: new ObjectId('6a3e24312f2b2f71f964fd82'),
  percentage: 0.92,
  _id: new ObjectId('6a8ae1a54e390eec8852884f')
},{
  material: new ObjectId('6a3e24312f2b2f71f964fd73'),
  percentage: 0.98,
  _id: new ObjectId('6a8ae1a54e390eec88528850')
},{
  material: new ObjectId('6a3e24312f2b2f71f964fd7a'),
  percentage: 0.98,
  _id: new ObjectId('6a8ae1a54e390eec88528851')
},{
  material: new ObjectId('6a3e24312f2b2f71f964fd82'),
  percentage: 0.98,
  _id: new ObjectId('6a8ae1a54e390eec88528852')
},{
  material: new ObjectId('6a3e24312f2b2f71f964fd73'),
  percentage: 1.03,
  _id: new ObjectId('6a8ae1a54e390eec88528853')
},{
  material: new ObjectId('6a3e24312f2b2f71f964fd7a'),
  percentage: 1.03,
  _id: new ObjectId('6a8ae1a54e390eec88528854')
},{
  material: new ObjectId('6a3e24312f2b2f71f964fd82'),
  percentage: 1.03,
  _id: new ObjectId('6a8ae1a54e390eec88528855')
},{
  material: new ObjectId('6a3e24312f2b2f71f964fd73'),
  percentage: 1.09,
  _id: new ObjectId('6a8ae1a54e390eec88528857')
},{
  material: new ObjectId('6a3e24312f2b2f71f964fd7a'),
  percentage: 1.09,
  _id: new ObjectId('6a8ae1a54e390eec88528858')
},{
  material: new ObjectId('6a3e24312f2b2f71f964fd82'),
  percentage: 1.09,
  _id: new ObjectId('6a8ae1a54e390eec88528859')
},{
  material: new ObjectId('6a3e242f2f2b2f71f964fd46'),
  percentage: 37.01,
  _id: new ObjectId('6a8ae1a54e390eec88528856')
}
Luxe Special Spray,LUXE1_SP,spray,50,3000,31.505000000000003,18.505,0,0,true,Medium luxury blend fragrance. Versatile for any occasion.,medium,all,luxury blend,,{
  material: new ObjectId('6a3e24302f2b2f71f964fd60'),
  percentage: 19.22,
  _id: new ObjectId('6a8ae1a54e390eec88528848')
},{
  material: new ObjectId('6a3e24312f2b2f71f964fd63'),
  percentage: 28.82,
  _id: new ObjectId('6a8ae1a54e390eec88528849')
},{
  material: new ObjectId('6a3e24312f2b2f71f964fd73'),
  percentage: 0.97,
  _id: new ObjectId('6a8ae1a54e390eec8852884a')
},{
  material: new ObjectId('6a3e24312f2b2f71f964fd7a'),
  percentage: 0.97,
  _id: new ObjectId('6a8ae1a54e390eec8852884b')
},{
  material: new ObjectId('6a3e24312f2b2f71f964fd82'),
  percentage: 0.97,
  _id: new ObjectId('6a8ae1a54e390eec8852884c')
},{
  material: new ObjectId('6a3e24312f2b2f71f964fd73'),
  percentage: 0.92,
  _id: new ObjectId('6a8ae1a54e390eec8852884d')
},{
  material: new ObjectId('6a3e24312f2b2f71f964fd7a'),
  percentage: 0.92,
  _id: new ObjectId('6a8ae1a54e390eec8852884e')
},{
  material: new ObjectId('6a3e24312f2b2f71f964fd82'),
  percentage: 0.92,
  _id: new ObjectId('6a8ae1a54e390eec8852884f')
},{
  material: new ObjectId('6a3e24312f2b2f71f964fd73'),
  percentage: 0.98,
  _id: new ObjectId('6a8ae1a54e390eec88528850')
},{
  material: new ObjectId('6a3e24312f2b2f71f964fd7a'),
  percentage: 0.98,
  _id: new ObjectId('6a8ae1a54e390eec88528851')
},{
  material: new ObjectId('6a3e24312f2b2f71f964fd82'),
  percentage: 0.98,
  _id: new ObjectId('6a8ae1a54e390eec88528852')
},{
  material: new ObjectId('6a3e24312f2b2f71f964fd73'),
  percentage: 1.03,
  _id: new ObjectId('6a8ae1a54e390eec88528853')
},{
  material: new ObjectId('6a3e24312f2b2f71f964fd7a'),
  percentage: 1.03,
  _id: new ObjectId('6a8ae1a54e390eec88528854')
},{
  material: new ObjectId('6a3e24312f2b2f71f964fd82'),
  percentage: 1.03,
  _id: new ObjectId('6a8ae1a54e390eec88528855')
},{
  material: new ObjectId('6a3e24312f2b2f71f964fd73'),
  percentage: 1.09,
  _id: new ObjectId('6a8ae1a54e390eec88528857')
},{
  material: new ObjectId('6a3e24312f2b2f71f964fd7a'),
  percentage: 1.09,
  _id: new ObjectId('6a8ae1a54e390eec88528858')
},{
  material: new ObjectId('6a3e24312f2b2f71f964fd82'),
  percentage: 1.09,
  _id: new ObjectId('6a8ae1a54e390eec88528859')
},{
  material: new ObjectId('6a3e242f2f2b2f71f964fd46'),
  percentage: 37.01,
  _id: new ObjectId('6a8ae1a54e390eec88528856')
}
Luxe Special Spray,LUXE1_SP,spray,100,4500,63.010000000000005,37.01,0,0,true,Medium luxury blend fragrance. Versatile for any occasion.,medium,all,luxury blend,,{
  material: new ObjectId('6a3e24302f2b2f71f964fd60'),
  percentage: 19.22,
  _id: new ObjectId('6a8ae1a54e390eec88528848')
},{
  material: new ObjectId('6a3e24312f2b2f71f964fd63'),
  percentage: 28.82,
  _id: new ObjectId('6a8ae1a54e390eec88528849')
},{
  material: new ObjectId('6a3e24312f2b2f71f964fd73'),
  percentage: 0.97,
  _id: new ObjectId('6a8ae1a54e390eec8852884a')
},{
  material: new ObjectId('6a3e24312f2b2f71f964fd7a'),
  percentage: 0.97,
  _id: new ObjectId('6a8ae1a54e390eec8852884b')
},{
  material: new ObjectId('6a3e24312f2b2f71f964fd82'),
  percentage: 0.97,
  _id: new ObjectId('6a8ae1a54e390eec8852884c')
},{
  material: new ObjectId('6a3e24312f2b2f71f964fd73'),
  percentage: 0.92,
  _id: new ObjectId('6a8ae1a54e390eec8852884d')
},{
  material: new ObjectId('6a3e24312f2b2f71f964fd7a'),
  percentage: 0.92,
  _id: new ObjectId('6a8ae1a54e390eec8852884e')
},{
  material: new ObjectId('6a3e24312f2b2f71f964fd82'),
  percentage: 0.92,
  _id: new ObjectId('6a8ae1a54e390eec8852884f')
},{
  material: new ObjectId('6a3e24312f2b2f71f964fd73'),
  percentage: 0.98,
  _id: new ObjectId('6a8ae1a54e390eec88528850')
},{
  material: new ObjectId('6a3e24312f2b2f71f964fd7a'),
  percentage: 0.98,
  _id: new ObjectId('6a8ae1a54e390eec88528851')
},{
  material: new ObjectId('6a3e24312f2b2f71f964fd82'),
  percentage: 0.98,
  _id: new ObjectId('6a8ae1a54e390eec88528852')
},{
  material: new ObjectId('6a3e24312f2b2f71f964fd73'),
  percentage: 1.03,
  _id: new ObjectId('6a8ae1a54e390eec88528853')
},{
  material: new ObjectId('6a3e24312f2b2f71f964fd7a'),
  percentage: 1.03,
  _id: new ObjectId('6a8ae1a54e390eec88528854')
},{
  material: new ObjectId('6a3e24312f2b2f71f964fd82'),
  percentage: 1.03,
  _id: new ObjectId('6a8ae1a54e390eec88528855')
},{
  material: new ObjectId('6a3e24312f2b2f71f964fd73'),
  percentage: 1.09,
  _id: new ObjectId('6a8ae1a54e390eec88528857')
},{
  material: new ObjectId('6a3e24312f2b2f71f964fd7a'),
  percentage: 1.09,
  _id: new ObjectId('6a8ae1a54e390eec88528858')
},{
  material: new ObjectId('6a3e24312f2b2f71f964fd82'),
  percentage: 1.09,
  _id: new ObjectId('6a8ae1a54e390eec88528859')
},{
  material: new ObjectId('6a3e242f2f2b2f71f964fd46'),
  percentage: 37.01,
  _id: new ObjectId('6a8ae1a54e390eec88528856')
}
Miss Dior,MisDio,roll-on,3.5,180,3.5,0,0,0,true,Floral fruity fragrance with medium intensity. Elegant evening scent.,medium,evening,floral fruity,6a3e242f2f2b2f71f964fd3f,
Miss Dior,MisDio,roll-on,6,280,6,0,0,0,true,Floral fruity fragrance with medium intensity. Elegant evening scent.,medium,evening,floral fruity,6a3e242f2f2b2f71f964fd3f,
Miss Dior,MisDio,roll-on,15,750,15,0,0,0,true,Floral fruity fragrance with medium intensity. Elegant evening scent.,medium,evening,floral fruity,6a3e242f2f2b2f71f964fd3f,
Miss Dior,MisDio,roll-on,30,1500,30,0,0,0,true,Floral fruity fragrance with medium intensity. Elegant evening scent.,medium,evening,floral fruity,6a3e242f2f2b2f71f964fd3f,
Miss Dior Spray,MisDio_SP,spray,6,330,3.78,2.2206,0,0,true,Floral fruity fragrance with medium intensity. Elegant evening scent.,medium,evening,floral fruity,,{
  material: new ObjectId('6a3e242f2f2b2f71f964fd3f'),
  percentage: 48.03,
  _id: new ObjectId('6a8ae1a24e390eec885286b2')
},{
  material: new ObjectId('6a3e24312f2b2f71f964fd73'),
  percentage: 0.97,
  _id: new ObjectId('6a8ae1a24e390eec885286b3')
},{
  material: new ObjectId('6a3e24312f2b2f71f964fd7a'),
  percentage: 0.97,
  _id: new ObjectId('6a8ae1a24e390eec885286b4')
},{
  material: new ObjectId('6a3e24312f2b2f71f964fd82'),
  percentage: 0.97,
  _id: new ObjectId('6a8ae1a24e390eec885286b5')
},{
  material: new ObjectId('6a3e24312f2b2f71f964fd73'),
  percentage: 0.92,
  _id: new ObjectId('6a8ae1a24e390eec885286b6')
},{
  material: new ObjectId('6a3e24312f2b2f71f964fd7a'),
  percentage: 0.92,
  _id: new ObjectId('6a8ae1a24e390eec885286b7')
},{
  material: new ObjectId('6a3e24312f2b2f71f964fd82'),
  percentage: 0.92,
  _id: new ObjectId('6a8ae1a24e390eec885286b8')
},{
  material: new ObjectId('6a3e24312f2b2f71f964fd73'),
  percentage: 0.98,
  _id: new ObjectId('6a8ae1a24e390eec885286b9')
},{
  material: new ObjectId('6a3e24312f2b2f71f964fd7a'),
  percentage: 0.98,
  _id: new ObjectId('6a8ae1a24e390eec885286ba')
},{
  material: new ObjectId('6a3e24312f2b2f71f964fd82'),
  percentage: 0.98,
  _id: new ObjectId('6a8ae1a24e390eec885286bb')
},{
  material: new ObjectId('6a3e24312f2b2f71f964fd73'),
  percentage: 1.03,
  _id: new ObjectId('6a8ae1a24e390eec885286bc')
},{
  material: new ObjectId('6a3e24312f2b2f71f964fd7a'),
  percentage: 1.03,
  _id: new ObjectId('6a8ae1a24e390eec885286bd')
},{
  material: new ObjectId('6a3e24312f2b2f71f964fd82'),
  percentage: 1.03,
  _id: new ObjectId('6a8ae1a24e390eec885286be')
},{
  material: new ObjectId('6a3e24312f2b2f71f964fd73'),
  percentage: 1.09,
  _id: new ObjectId('6a8ae1a24e390eec885286c0')
},{
  material: new ObjectId('6a3e24312f2b2f71f964fd7a'),
  percentage: 1.09,
  _id: new ObjectId('6a8ae1a24e390eec885286c1')
},{
  material: new ObjectId('6a3e24312f2b2f71f964fd82'),
  percentage: 1.09,
  _id: new ObjectId('6a8ae1a24e390eec885286c2')
},{
  material: new ObjectId('6a3e242f2f2b2f71f964fd46'),
  percentage: 37.01,
  _id: new ObjectId('6a8ae1a24e390eec885286bf')
}
Miss Dior Spray,MisDio_SP,spray,15,780,9.450000000000006,5.5515,0,0,true,Floral fruity fragrance with medium intensity. Elegant evening scent.,medium,evening,floral fruity,,{
  material: new ObjectId('6a3e242f2f2b2f71f964fd3f'),
  percentage: 48.03,
  _id: new ObjectId('6a8ae1a24e390eec885286b2')
},{
  material: new ObjectId('6a3e24312f2b2f71f964fd73'),
  percentage: 0.97,
  _id: new ObjectId('6a8ae1a24e390eec885286b3')
},{
  material: new ObjectId('6a3e24312f2b2f71f964fd7a'),
  percentage: 0.97,
  _id: new ObjectId('6a8ae1a24e390eec885286b4')
},{
  material: new ObjectId('6a3e24312f2b2f71f964fd82'),
  percentage: 0.97,
  _id: new ObjectId('6a8ae1a24e390eec885286b5')
},{
  material: new ObjectId('6a3e24312f2b2f71f964fd73'),
  percentage: 0.92,
  _id: new ObjectId('6a8ae1a24e390eec885286b6')
},{
  material: new ObjectId('6a3e24312f2b2f71f964fd7a'),
  percentage: 0.92,
  _id: new ObjectId('6a8ae1a24e390eec885286b7')
},{
  material: new ObjectId('6a3e24312f2b2f71f964fd82'),
  percentage: 0.92,
  _id: new ObjectId('6a8ae1a24e390eec885286b8')
},{
  material: new ObjectId('6a3e24312f2b2f71f964fd73'),
  percentage: 0.98,
  _id: new ObjectId('6a8ae1a24e390eec885286b9')
},{
  material: new ObjectId('6a3e24312f2b2f71f964fd7a'),
  percentage: 0.98,
  _id: new ObjectId('6a8ae1a24e390eec885286ba')
},{
  material: new ObjectId('6a3e24312f2b2f71f964fd82'),
  percentage: 0.98,
  _id: new ObjectId('6a8ae1a24e390eec885286bb')
},{
  material: new ObjectId('6a3e24312f2b2f71f964fd73'),
  percentage: 1.03,
  _id: new ObjectId('6a8ae1a24e390eec885286bc')
},{
  material: new ObjectId('6a3e24312f2b2f71f964fd7a'),
  percentage: 1.03,
  _id: new ObjectId('6a8ae1a24e390eec885286bd')
},{
  material: new ObjectId('6a3e24312f2b2f71f964fd82'),
  percentage: 1.03,
  _id: new ObjectId('6a8ae1a24e390eec885286be')
},{
  material: new ObjectId('6a3e24312f2b2f71f964fd73'),
  percentage: 1.09,
  _id: new ObjectId('6a8ae1a24e390eec885286c0')
},{
  material: new ObjectId('6a3e24312f2b2f71f964fd7a'),
  percentage: 1.09,
  _id: new ObjectId('6a8ae1a24e390eec885286c1')
},{
  material: new ObjectId('6a3e24312f2b2f71f964fd82'),
  percentage: 1.09,
  _id: new ObjectId('6a8ae1a24e390eec885286c2')
},{
  material: new ObjectId('6a3e242f2f2b2f71f964fd46'),
  percentage: 37.01,
  _id: new ObjectId('6a8ae1a24e390eec885286bf')
}
Miss Dior Spray,MisDio_SP,spray,30,1050,18.900000000000013,11.103,0,0,true,Floral fruity fragrance with medium intensity. Elegant evening scent.,medium,evening,floral fruity,,{
  material: new ObjectId('6a3e242f2f2b2f71f964fd3f'),
  percentage: 48.03,
  _id: new ObjectId('6a8ae1a24e390eec885286b2')
},{
  material: new ObjectId('6a3e24312f2b2f71f964fd73'),
  percentage: 0.97,
  _id: new ObjectId('6a8ae1a24e390eec885286b3')
},{
  material: new ObjectId('6a3e24312f2b2f71f964fd7a'),
  percentage: 0.97,
  _id: new ObjectId('6a8ae1a24e390eec885286b4')
},{
  material: new ObjectId('6a3e24312f2b2f71f964fd82'),
  percentage: 0.97,
  _id: new ObjectId('6a8ae1a24e390eec885286b5')
},{
  material: new ObjectId('6a3e24312f2b2f71f964fd73'),
  percentage: 0.92,
  _id: new ObjectId('6a8ae1a24e390eec885286b6')
},{
  material: new ObjectId('6a3e24312f2b2f71f964fd7a'),
  percentage: 0.92,
  _id: new ObjectId('6a8ae1a24e390eec885286b7')
},{
  material: new ObjectId('6a3e24312f2b2f71f964fd82'),
  percentage: 0.92,
  _id: new ObjectId('6a8ae1a24e390eec885286b8')
},{
  material: new ObjectId('6a3e24312f2b2f71f964fd73'),
  percentage: 0.98,
  _id: new ObjectId('6a8ae1a24e390eec885286b9')
},{
  material: new ObjectId('6a3e24312f2b2f71f964fd7a'),
  percentage: 0.98,
  _id: new ObjectId('6a8ae1a24e390eec885286ba')
},{
  material: new ObjectId('6a3e24312f2b2f71f964fd82'),
  percentage: 0.98,
  _id: new ObjectId('6a8ae1a24e390eec885286bb')
},{
  material: new ObjectId('6a3e24312f2b2f71f964fd73'),
  percentage: 1.03,
  _id: new ObjectId('6a8ae1a24e390eec885286bc')
},{
  material: new ObjectId('6a3e24312f2b2f71f964fd7a'),
  percentage: 1.03,
  _id: new ObjectId('6a8ae1a24e390eec885286bd')
},{
  material: new ObjectId('6a3e24312f2b2f71f964fd82'),
  percentage: 1.03,
  _id: new ObjectId('6a8ae1a24e390eec885286be')
},{
  material: new ObjectId('6a3e24312f2b2f71f964fd73'),
  percentage: 1.09,
  _id: new ObjectId('6a8ae1a24e390eec885286c0')
},{
  material: new ObjectId('6a3e24312f2b2f71f964fd7a'),
  percentage: 1.09,
  _id: new ObjectId('6a8ae1a24e390eec885286c1')
},{
  material: new ObjectId('6a3e24312f2b2f71f964fd82'),
  percentage: 1.09,
  _id: new ObjectId('6a8ae1a24e390eec885286c2')
},{
  material: new ObjectId('6a3e242f2f2b2f71f964fd46'),
  percentage: 37.01,
  _id: new ObjectId('6a8ae1a24e390eec885286bf')
}
Miss Dior Spray,MisDio_SP,spray,50,1300,31.500000000000004,18.505,0,0,true,Floral fruity fragrance with medium intensity. Elegant evening scent.,medium,evening,floral fruity,,{
  material: new ObjectId('6a3e242f2f2b2f71f964fd3f'),
  percentage: 48.03,
  _id: new ObjectId('6a8ae1a24e390eec885286b2')
},{
  material: new ObjectId('6a3e24312f2b2f71f964fd73'),
  percentage: 0.97,
  _id: new ObjectId('6a8ae1a24e390eec885286b3')
},{
  material: new ObjectId('6a3e24312f2b2f71f964fd7a'),
  percentage: 0.97,
  _id: new ObjectId('6a8ae1a24e390eec885286b4')
},{
  material: new ObjectId('6a3e24312f2b2f71f964fd82'),
  percentage: 0.97,
  _id: new ObjectId('6a8ae1a24e390eec885286b5')
},{
  material: new ObjectId('6a3e24312f2b2f71f964fd73'),
  percentage: 0.92,
  _id: new ObjectId('6a8ae1a24e390eec885286b6')
},{
  material: new ObjectId('6a3e24312f2b2f71f964fd7a'),
  percentage: 0.92,
  _id: new ObjectId('6a8ae1a24e390eec885286b7')
},{
  material: new ObjectId('6a3e24312f2b2f71f964fd82'),
  percentage: 0.92,
  _id: new ObjectId('6a8ae1a24e390eec885286b8')
},{
  material: new ObjectId('6a3e24312f2b2f71f964fd73'),
  percentage: 0.98,
  _id: new ObjectId('6a8ae1a24e390eec885286b9')
},{
  material: new ObjectId('6a3e24312f2b2f71f964fd7a'),
  percentage: 0.98,
  _id: new ObjectId('6a8ae1a24e390eec885286ba')
},{
  material: new ObjectId('6a3e24312f2b2f71f964fd82'),
  percentage: 0.98,
  _id: new ObjectId('6a8ae1a24e390eec885286bb')
},{
  material: new ObjectId('6a3e24312f2b2f71f964fd73'),
  percentage: 1.03,
  _id: new ObjectId('6a8ae1a24e390eec885286bc')
},{
  material: new ObjectId('6a3e24312f2b2f71f964fd7a'),
  percentage: 1.03,
  _id: new ObjectId('6a8ae1a24e390eec885286bd')
},{
  material: new ObjectId('6a3e24312f2b2f71f964fd82'),
  percentage: 1.03,
  _id: new ObjectId('6a8ae1a24e390eec885286be')
},{
  material: new ObjectId('6a3e24312f2b2f71f964fd73'),
  percentage: 1.09,
  _id: new ObjectId('6a8ae1a24e390eec885286c0')
},{
  material: new ObjectId('6a3e24312f2b2f71f964fd7a'),
  percentage: 1.09,
  _id: new ObjectId('6a8ae1a24e390eec885286c1')
},{
  material: new ObjectId('6a3e24312f2b2f71f964fd82'),
  percentage: 1.09,
  _id: new ObjectId('6a8ae1a24e390eec885286c2')
},{
  material: new ObjectId('6a3e242f2f2b2f71f964fd46'),
  percentage: 37.01,
  _id: new ObjectId('6a8ae1a24e390eec885286bf')
}
Miss Dior Spray,MisDio_SP,spray,100,1650,63.00000000000001,37.01,0,0,true,Floral fruity fragrance with medium intensity. Elegant evening scent.,medium,evening,floral fruity,,{
  material: new ObjectId('6a3e242f2f2b2f71f964fd3f'),
  percentage: 48.03,
  _id: new ObjectId('6a8ae1a24e390eec885286b2')
},{
  material: new ObjectId('6a3e24312f2b2f71f964fd73'),
  percentage: 0.97,
  _id: new ObjectId('6a8ae1a24e390eec885286b3')
},{
  material: new ObjectId('6a3e24312f2b2f71f964fd7a'),
  percentage: 0.97,
  _id: new ObjectId('6a8ae1a24e390eec885286b4')
},{
  material: new ObjectId('6a3e24312f2b2f71f964fd82'),
  percentage: 0.97,
  _id: new ObjectId('6a8ae1a24e390eec885286b5')
},{
  material: new ObjectId('6a3e24312f2b2f71f964fd73'),
  percentage: 0.92,
  _id: new ObjectId('6a8ae1a24e390eec885286b6')
},{
  material: new ObjectId('6a3e24312f2b2f71f964fd7a'),
  percentage: 0.92,
  _id: new ObjectId('6a8ae1a24e390eec885286b7')
},{
  material: new ObjectId('6a3e24312f2b2f71f964fd82'),
  percentage: 0.92,
  _id: new ObjectId('6a8ae1a24e390eec885286b8')
},{
  material: new ObjectId('6a3e24312f2b2f71f964fd73'),
  percentage: 0.98,
  _id: new ObjectId('6a8ae1a24e390eec885286b9')
},{
  material: new ObjectId('6a3e24312f2b2f71f964fd7a'),
  percentage: 0.98,
  _id: new ObjectId('6a8ae1a24e390eec885286ba')
},{
  material: new ObjectId('6a3e24312f2b2f71f964fd82'),
  percentage: 0.98,
  _id: new ObjectId('6a8ae1a24e390eec885286bb')
},{
  material: new ObjectId('6a3e24312f2b2f71f964fd73'),
  percentage: 1.03,
  _id: new ObjectId('6a8ae1a24e390eec885286bc')
},{
  material: new ObjectId('6a3e24312f2b2f71f964fd7a'),
  percentage: 1.03,
  _id: new ObjectId('6a8ae1a24e390eec885286bd')
},{
  material: new ObjectId('6a3e24312f2b2f71f964fd82'),
  percentage: 1.03,
  _id: new ObjectId('6a8ae1a24e390eec885286be')
},{
  material: new ObjectId('6a3e24312f2b2f71f964fd73'),
  percentage: 1.09,
  _id: new ObjectId('6a8ae1a24e390eec885286c0')
},{
  material: new ObjectId('6a3e24312f2b2f71f964fd7a'),
  percentage: 1.09,
  _id: new ObjectId('6a8ae1a24e390eec885286c1')
},{
  material: new ObjectId('6a3e24312f2b2f71f964fd82'),
  percentage: 1.09,
  _id: new ObjectId('6a8ae1a24e390eec885286c2')
},{
  material: new ObjectId('6a3e242f2f2b2f71f964fd46'),
  percentage: 37.01,
  _id: new ObjectId('6a8ae1a24e390eec885286bf')
}
Nautica voyage,NV,roll-on,3.5,180,3.5,0,0,148.75,true,Fresh aquatic fruity fragrance. Perfect for summer days.,medium,daytime,aquatic fruity,6a3e24312f2b2f71f964fd89,
Nautica voyage,NV,roll-on,6,270,6,0,0,201,true,Fresh aquatic fruity fragrance. Perfect for summer days.,medium,daytime,aquatic fruity,6a3e24312f2b2f71f964fd89,
Nautica voyage,NV,roll-on,15,670,15,0,0,295,true,Fresh aquatic fruity fragrance. Perfect for summer days.,medium,daytime,aquatic fruity,6a3e24312f2b2f71f964fd89,
Nautica voyage,NV,roll-on,30,1250,30,0,0,505,true,Fresh aquatic fruity fragrance. Perfect for summer days.,medium,daytime,aquatic fruity,6a3e24312f2b2f71f964fd89,
Nautica voyage Spray,NV_SP,spray,6,300,3.78,2.2206,0,165.862,true,Fresh aquatic fruity fragrance. Perfect for summer days.,medium,daytime,aquatic fruity,,{
  material: new ObjectId('6a3e24312f2b2f71f964fd89'),
  percentage: 48.03,
  _id: new ObjectId('6a8ae1a54e390eec885288b8')
},{
  material: new ObjectId('6a3e24312f2b2f71f964fd73'),
  percentage: 0.97,
  _id: new ObjectId('6a8ae1a54e390eec885288b9')
},{
  material: new ObjectId('6a3e24312f2b2f71f964fd7a'),
  percentage: 0.97,
  _id: new ObjectId('6a8ae1a54e390eec885288ba')
},{
  material: new ObjectId('6a3e24312f2b2f71f964fd82'),
  percentage: 0.97,
  _id: new ObjectId('6a8ae1a54e390eec885288bb')
},{
  material: new ObjectId('6a3e24312f2b2f71f964fd73'),
  percentage: 0.92,
  _id: new ObjectId('6a8ae1a54e390eec885288bc')
},{
  material: new ObjectId('6a3e24312f2b2f71f964fd7a'),
  percentage: 0.92,
  _id: new ObjectId('6a8ae1a54e390eec885288bd')
},{
  material: new ObjectId('6a3e24312f2b2f71f964fd82'),
  percentage: 0.92,
  _id: new ObjectId('6a8ae1a54e390eec885288be')
},{
  material: new ObjectId('6a3e24312f2b2f71f964fd73'),
  percentage: 0.98,
  _id: new ObjectId('6a8ae1a54e390eec885288bf')
},{
  material: new ObjectId('6a3e24312f2b2f71f964fd7a'),
  percentage: 0.98,
  _id: new ObjectId('6a8ae1a54e390eec885288c0')
},{
  material: new ObjectId('6a3e24312f2b2f71f964fd82'),
  percentage: 0.98,
  _id: new ObjectId('6a8ae1a54e390eec885288c1')
},{
  material: new ObjectId('6a3e24312f2b2f71f964fd73'),
  percentage: 1.03,
  _id: new ObjectId('6a8ae1a54e390eec885288c2')
},{
  material: new ObjectId('6a3e24312f2b2f71f964fd7a'),
  percentage: 1.03,
  _id: new ObjectId('6a8ae1a54e390eec885288c3')
},{
  material: new ObjectId('6a3e24312f2b2f71f964fd82'),
  percentage: 1.03,
  _id: new ObjectId('6a8ae1a54e390eec885288c4')
},{
  material: new ObjectId('6a3e24312f2b2f71f964fd73'),
  percentage: 1.09,
  _id: new ObjectId('6a8ae1a54e390eec885288c6')
},{
  material: new ObjectId('6a3e24312f2b2f71f964fd7a'),
  percentage: 1.09,
  _id: new ObjectId('6a8ae1a54e390eec885288c7')
},{
  material: new ObjectId('6a3e24312f2b2f71f964fd82'),
  percentage: 1.09,
  _id: new ObjectId('6a8ae1a54e390eec885288c8')
},{
  material: new ObjectId('6a3e242f2f2b2f71f964fd46'),
  percentage: 37.01,
  _id: new ObjectId('6a8ae1a54e390eec885288c5')
}
Nautica voyage Spray,NV_SP,spray,15,720,9.450000000000006,5.5515,0,242.155,true,Fresh aquatic fruity fragrance. Perfect for summer days.,medium,daytime,aquatic fruity,,{
  material: new ObjectId('6a3e24312f2b2f71f964fd89'),
  percentage: 48.03,
  _id: new ObjectId('6a8ae1a54e390eec885288b8')
},{
  material: new ObjectId('6a3e24312f2b2f71f964fd73'),
  percentage: 0.97,
  _id: new ObjectId('6a8ae1a54e390eec885288b9')
},{
  material: new ObjectId('6a3e24312f2b2f71f964fd7a'),
  percentage: 0.97,
  _id: new ObjectId('6a8ae1a54e390eec885288ba')
},{
  material: new ObjectId('6a3e24312f2b2f71f964fd82'),
  percentage: 0.97,
  _id: new ObjectId('6a8ae1a54e390eec885288bb')
},{
  material: new ObjectId('6a3e24312f2b2f71f964fd73'),
  percentage: 0.92,
  _id: new ObjectId('6a8ae1a54e390eec885288bc')
},{
  material: new ObjectId('6a3e24312f2b2f71f964fd7a'),
  percentage: 0.92,
  _id: new ObjectId('6a8ae1a54e390eec885288bd')
},{
  material: new ObjectId('6a3e24312f2b2f71f964fd82'),
  percentage: 0.92,
  _id: new ObjectId('6a8ae1a54e390eec885288be')
},{
  material: new ObjectId('6a3e24312f2b2f71f964fd73'),
  percentage: 0.98,
  _id: new ObjectId('6a8ae1a54e390eec885288bf')
},{
  material: new ObjectId('6a3e24312f2b2f71f964fd7a'),
  percentage: 0.98,
  _id: new ObjectId('6a8ae1a54e390eec885288c0')
},{
  material: new ObjectId('6a3e24312f2b2f71f964fd82'),
  percentage: 0.98,
  _id: new ObjectId('6a8ae1a54e390eec885288c1')
},{
  material: new ObjectId('6a3e24312f2b2f71f964fd73'),
  percentage: 1.03,
  _id: new ObjectId('6a8ae1a54e390eec885288c2')
},{
  material: new ObjectId('6a3e24312f2b2f71f964fd7a'),
  percentage: 1.03,
  _id: new ObjectId('6a8ae1a54e390eec885288c3')
},{
  material: new ObjectId('6a3e24312f2b2f71f964fd82'),
  percentage: 1.03,
  _id: new ObjectId('6a8ae1a54e390eec885288c4')
},{
  material: new ObjectId('6a3e24312f2b2f71f964fd73'),
  percentage: 1.09,
  _id: new ObjectId('6a8ae1a54e390eec885288c6')
},{
  material: new ObjectId('6a3e24312f2b2f71f964fd7a'),
  percentage: 1.09,
  _id: new ObjectId('6a8ae1a54e390eec885288c7')
},{
  material: new ObjectId('6a3e24312f2b2f71f964fd82'),
  percentage: 1.09,
  _id: new ObjectId('6a8ae1a54e390eec885288c8')
},{
  material: new ObjectId('6a3e242f2f2b2f71f964fd46'),
  percentage: 37.01,
  _id: new ObjectId('6a8ae1a54e390eec885288c5')
}
Nautica voyage Spray,NV_SP,spray,30,1350,18.900000000000013,11.103,0,429.31,true,Fresh aquatic fruity fragrance. Perfect for summer days.,medium,daytime,aquatic fruity,,{
  material: new ObjectId('6a3e24312f2b2f71f964fd89'),
  percentage: 48.03,
  _id: new ObjectId('6a8ae1a54e390eec885288b8')
},{
  material: new ObjectId('6a3e24312f2b2f71f964fd73'),
  percentage: 0.97,
  _id: new ObjectId('6a8ae1a54e390eec885288b9')
},{
  material: new ObjectId('6a3e24312f2b2f71f964fd7a'),
  percentage: 0.97,
  _id: new ObjectId('6a8ae1a54e390eec885288ba')
},{
  material: new ObjectId('6a3e24312f2b2f71f964fd82'),
  percentage: 0.97,
  _id: new ObjectId('6a8ae1a54e390eec885288bb')
},{
  material: new ObjectId('6a3e24312f2b2f71f964fd73'),
  percentage: 0.92,
  _id: new ObjectId('6a8ae1a54e390eec885288bc')
},{
  material: new ObjectId('6a3e24312f2b2f71f964fd7a'),
  percentage: 0.92,
  _id: new ObjectId('6a8ae1a54e390eec885288bd')
},{
  material: new ObjectId('6a3e24312f2b2f71f964fd82'),
  percentage: 0.92,
  _id: new ObjectId('6a8ae1a54e390eec885288be')
},{
  material: new ObjectId('6a3e24312f2b2f71f964fd73'),
  percentage: 0.98,
  _id: new ObjectId('6a8ae1a54e390eec885288bf')
},{
  material: new ObjectId('6a3e24312f2b2f71f964fd7a'),
  percentage: 0.98,
  _id: new ObjectId('6a8ae1a54e390eec885288c0')
},{
  material: new ObjectId('6a3e24312f2b2f71f964fd82'),
  percentage: 0.98,
  _id: new ObjectId('6a8ae1a54e390eec885288c1')
},{
  material: new ObjectId('6a3e24312f2b2f71f964fd73'),
  percentage: 1.03,
  _id: new ObjectId('6a8ae1a54e390eec885288c2')
},{
  material: new ObjectId('6a3e24312f2b2f71f964fd7a'),
  percentage: 1.03,
  _id: new ObjectId('6a8ae1a54e390eec885288c3')
},{
  material: new ObjectId('6a3e24312f2b2f71f964fd82'),
  percentage: 1.03,
  _id: new ObjectId('6a8ae1a54e390eec885288c4')
},{
  material: new ObjectId('6a3e24312f2b2f71f964fd73'),
  percentage: 1.09,
  _id: new ObjectId('6a8ae1a54e390eec885288c6')
},{
  material: new ObjectId('6a3e24312f2b2f71f964fd7a'),
  percentage: 1.09,
  _id: new ObjectId('6a8ae1a54e390eec885288c7')
},{
  material: new ObjectId('6a3e24312f2b2f71f964fd82'),
  percentage: 1.09,
  _id: new ObjectId('6a8ae1a54e390eec885288c8')
},{
  material: new ObjectId('6a3e242f2f2b2f71f964fd46'),
  percentage: 37.01,
  _id: new ObjectId('6a8ae1a54e390eec885288c5')
}
Nautica voyage Spray,NV_SP,spray,50,1700,31.500000000000004,18.505,0,598.85,true,Fresh aquatic fruity fragrance. Perfect for summer days.,medium,daytime,aquatic fruity,,{
  material: new ObjectId('6a3e24312f2b2f71f964fd89'),
  percentage: 48.03,
  _id: new ObjectId('6a8ae1a54e390eec885288b8')
},{
  material: new ObjectId('6a3e24312f2b2f71f964fd73'),
  percentage: 0.97,
  _id: new ObjectId('6a8ae1a54e390eec885288b9')
},{
  material: new ObjectId('6a3e24312f2b2f71f964fd7a'),
  percentage: 0.97,
  _id: new ObjectId('6a8ae1a54e390eec885288ba')
},{
  material: new ObjectId('6a3e24312f2b2f71f964fd82'),
  percentage: 0.97,
  _id: new ObjectId('6a8ae1a54e390eec885288bb')
},{
  material: new ObjectId('6a3e24312f2b2f71f964fd73'),
  percentage: 0.92,
  _id: new ObjectId('6a8ae1a54e390eec885288bc')
},{
  material: new ObjectId('6a3e24312f2b2f71f964fd7a'),
  percentage: 0.92,
  _id: new ObjectId('6a8ae1a54e390eec885288bd')
},{
  material: new ObjectId('6a3e24312f2b2f71f964fd82'),
  percentage: 0.92,
  _id: new ObjectId('6a8ae1a54e390eec885288be')
},{
  material: new ObjectId('6a3e24312f2b2f71f964fd73'),
  percentage: 0.98,
  _id: new ObjectId('6a8ae1a54e390eec885288bf')
},{
  material: new ObjectId('6a3e24312f2b2f71f964fd7a'),
  percentage: 0.98,
  _id: new ObjectId('6a8ae1a54e390eec885288c0')
},{
  material: new ObjectId('6a3e24312f2b2f71f964fd82'),
  percentage: 0.98,
  _id: new ObjectId('6a8ae1a54e390eec885288c1')
},{
  material: new ObjectId('6a3e24312f2b2f71f964fd73'),
  percentage: 1.03,
  _id: new ObjectId('6a8ae1a54e390eec885288c2')
},{
  material: new ObjectId('6a3e24312f2b2f71f964fd7a'),
  percentage: 1.03,
  _id: new ObjectId('6a8ae1a54e390eec885288c3')
},{
  material: new ObjectId('6a3e24312f2b2f71f964fd82'),
  percentage: 1.03,
  _id: new ObjectId('6a8ae1a54e390eec885288c4')
},{
  material: new ObjectId('6a3e24312f2b2f71f964fd73'),
  percentage: 1.09,
  _id: new ObjectId('6a8ae1a54e390eec885288c6')
},{
  material: new ObjectId('6a3e24312f2b2f71f964fd7a'),
  percentage: 1.09,
  _id: new ObjectId('6a8ae1a54e390eec885288c7')
},{
  material: new ObjectId('6a3e24312f2b2f71f964fd82'),
  percentage: 1.09,
  _id: new ObjectId('6a8ae1a54e390eec885288c8')
},{
  material: new ObjectId('6a3e242f2f2b2f71f964fd46'),
  percentage: 37.01,
  _id: new ObjectId('6a8ae1a54e390eec885288c5')
}
Nautica voyage Spray,NV_SP,spray,100,2500,63.00000000000001,37.01,0,1012.7,true,Fresh aquatic fruity fragrance. Perfect for summer days.,medium,daytime,aquatic fruity,,{
  material: new ObjectId('6a3e24312f2b2f71f964fd89'),
  percentage: 48.03,
  _id: new ObjectId('6a8ae1a54e390eec885288b8')
},{
  material: new ObjectId('6a3e24312f2b2f71f964fd73'),
  percentage: 0.97,
  _id: new ObjectId('6a8ae1a54e390eec885288b9')
},{
  material: new ObjectId('6a3e24312f2b2f71f964fd7a'),
  percentage: 0.97,
  _id: new ObjectId('6a8ae1a54e390eec885288ba')
},{
  material: new ObjectId('6a3e24312f2b2f71f964fd82'),
  percentage: 0.97,
  _id: new ObjectId('6a8ae1a54e390eec885288bb')
},{
  material: new ObjectId('6a3e24312f2b2f71f964fd73'),
  percentage: 0.92,
  _id: new ObjectId('6a8ae1a54e390eec885288bc')
},{
  material: new ObjectId('6a3e24312f2b2f71f964fd7a'),
  percentage: 0.92,
  _id: new ObjectId('6a8ae1a54e390eec885288bd')
},{
  material: new ObjectId('6a3e24312f2b2f71f964fd82'),
  percentage: 0.92,
  _id: new ObjectId('6a8ae1a54e390eec885288be')
},{
  material: new ObjectId('6a3e24312f2b2f71f964fd73'),
  percentage: 0.98,
  _id: new ObjectId('6a8ae1a54e390eec885288bf')
},{
  material: new ObjectId('6a3e24312f2b2f71f964fd7a'),
  percentage: 0.98,
  _id: new ObjectId('6a8ae1a54e390eec885288c0')
},{
  material: new ObjectId('6a3e24312f2b2f71f964fd82'),
  percentage: 0.98,
  _id: new ObjectId('6a8ae1a54e390eec885288c1')
},{
  material: new ObjectId('6a3e24312f2b2f71f964fd73'),
  percentage: 1.03,
  _id: new ObjectId('6a8ae1a54e390eec885288c2')
},{
  material: new ObjectId('6a3e24312f2b2f71f964fd7a'),
  percentage: 1.03,
  _id: new ObjectId('6a8ae1a54e390eec885288c3')
},{
  material: new ObjectId('6a3e24312f2b2f71f964fd82'),
  percentage: 1.03,
  _id: new ObjectId('6a8ae1a54e390eec885288c4')
},{
  material: new ObjectId('6a3e24312f2b2f71f964fd73'),
  percentage: 1.09,
  _id: new ObjectId('6a8ae1a54e390eec885288c6')
},{
  material: new ObjectId('6a3e24312f2b2f71f964fd7a'),
  percentage: 1.09,
  _id: new ObjectId('6a8ae1a54e390eec885288c7')
},{
  material: new ObjectId('6a3e24312f2b2f71f964fd82'),
  percentage: 1.09,
  _id: new ObjectId('6a8ae1a54e390eec885288c8')
},{
  material: new ObjectId('6a3e242f2f2b2f71f964fd46'),
  percentage: 37.01,
  _id: new ObjectId('6a8ae1a54e390eec885288c5')
}
Paris Hilton,ParHil,roll-on,3.5,150,3.5,0,0,0,true,Light floral fruity sweet fragrance. Perfect for daytime fun.,light,daytime,floral fruity sweet,6a3e242f2f2b2f71f964fd41,
Paris Hilton,ParHil,roll-on,6,250,6,0,0,0,true,Light floral fruity sweet fragrance. Perfect for daytime fun.,light,daytime,floral fruity sweet,6a3e242f2f2b2f71f964fd41,
Paris Hilton,ParHil,roll-on,15,650,15,0,0,0,true,Light floral fruity sweet fragrance. Perfect for daytime fun.,light,daytime,floral fruity sweet,6a3e242f2f2b2f71f964fd41,
Paris Hilton,ParHil,roll-on,30,1250,30,0,0,0,true,Light floral fruity sweet fragrance. Perfect for daytime fun.,light,daytime,floral fruity sweet,6a3e242f2f2b2f71f964fd41,
Paris Hilton Spray,ParHil_SP,spray,6,300,3.78,2.2206,0,0,true,Light floral fruity sweet fragrance. Perfect for daytime fun.,light,daytime,floral fruity sweet,,{
  material: new ObjectId('6a3e242f2f2b2f71f964fd41'),
  percentage: 48.03,
  _id: new ObjectId('6a8ae1a24e390eec885286ca')
},{
  material: new ObjectId('6a3e24312f2b2f71f964fd73'),
  percentage: 0.97,
  _id: new ObjectId('6a8ae1a24e390eec885286cb')
},{
  material: new ObjectId('6a3e24312f2b2f71f964fd7a'),
  percentage: 0.97,
  _id: new ObjectId('6a8ae1a24e390eec885286cc')
},{
  material: new ObjectId('6a3e24312f2b2f71f964fd82'),
  percentage: 0.97,
  _id: new ObjectId('6a8ae1a24e390eec885286cd')
},{
  material: new ObjectId('6a3e24312f2b2f71f964fd73'),
  percentage: 0.92,
  _id: new ObjectId('6a8ae1a24e390eec885286ce')
},{
  material: new ObjectId('6a3e24312f2b2f71f964fd7a'),
  percentage: 0.92,
  _id: new ObjectId('6a8ae1a24e390eec885286cf')
},{
  material: new ObjectId('6a3e24312f2b2f71f964fd82'),
  percentage: 0.92,
  _id: new ObjectId('6a8ae1a24e390eec885286d0')
},{
  material: new ObjectId('6a3e24312f2b2f71f964fd73'),
  percentage: 0.98,
  _id: new ObjectId('6a8ae1a24e390eec885286d1')
},{
  material: new ObjectId('6a3e24312f2b2f71f964fd7a'),
  percentage: 0.98,
  _id: new ObjectId('6a8ae1a24e390eec885286d2')
},{
  material: new ObjectId('6a3e24312f2b2f71f964fd82'),
  percentage: 0.98,
  _id: new ObjectId('6a8ae1a24e390eec885286d3')
},{
  material: new ObjectId('6a3e24312f2b2f71f964fd73'),
  percentage: 1.03,
  _id: new ObjectId('6a8ae1a24e390eec885286d4')
},{
  material: new ObjectId('6a3e24312f2b2f71f964fd7a'),
  percentage: 1.03,
  _id: new ObjectId('6a8ae1a24e390eec885286d5')
},{
  material: new ObjectId('6a3e24312f2b2f71f964fd82'),
  percentage: 1.03,
  _id: new ObjectId('6a8ae1a24e390eec885286d6')
},{
  material: new ObjectId('6a3e24312f2b2f71f964fd73'),
  percentage: 1.09,
  _id: new ObjectId('6a8ae1a24e390eec885286d8')
},{
  material: new ObjectId('6a3e24312f2b2f71f964fd7a'),
  percentage: 1.09,
  _id: new ObjectId('6a8ae1a24e390eec885286d9')
},{
  material: new ObjectId('6a3e24312f2b2f71f964fd82'),
  percentage: 1.09,
  _id: new ObjectId('6a8ae1a24e390eec885286da')
},{
  material: new ObjectId('6a3e242f2f2b2f71f964fd46'),
  percentage: 37.01,
  _id: new ObjectId('6a8ae1a24e390eec885286d7')
}
Paris Hilton Spray,ParHil_SP,spray,15,700,9.450000000000006,5.5515,0,0,true,Light floral fruity sweet fragrance. Perfect for daytime fun.,light,daytime,floral fruity sweet,,{
  material: new ObjectId('6a3e242f2f2b2f71f964fd41'),
  percentage: 48.03,
  _id: new ObjectId('6a8ae1a24e390eec885286ca')
},{
  material: new ObjectId('6a3e24312f2b2f71f964fd73'),
  percentage: 0.97,
  _id: new ObjectId('6a8ae1a24e390eec885286cb')
},{
  material: new ObjectId('6a3e24312f2b2f71f964fd7a'),
  percentage: 0.97,
  _id: new ObjectId('6a8ae1a24e390eec885286cc')
},{
  material: new ObjectId('6a3e24312f2b2f71f964fd82'),
  percentage: 0.97,
  _id: new ObjectId('6a8ae1a24e390eec885286cd')
},{
  material: new ObjectId('6a3e24312f2b2f71f964fd73'),
  percentage: 0.92,
  _id: new ObjectId('6a8ae1a24e390eec885286ce')
},{
  material: new ObjectId('6a3e24312f2b2f71f964fd7a'),
  percentage: 0.92,
  _id: new ObjectId('6a8ae1a24e390eec885286cf')
},{
  material: new ObjectId('6a3e24312f2b2f71f964fd82'),
  percentage: 0.92,
  _id: new ObjectId('6a8ae1a24e390eec885286d0')
},{
  material: new ObjectId('6a3e24312f2b2f71f964fd73'),
  percentage: 0.98,
  _id: new ObjectId('6a8ae1a24e390eec885286d1')
},{
  material: new ObjectId('6a3e24312f2b2f71f964fd7a'),
  percentage: 0.98,
  _id: new ObjectId('6a8ae1a24e390eec885286d2')
},{
  material: new ObjectId('6a3e24312f2b2f71f964fd82'),
  percentage: 0.98,
  _id: new ObjectId('6a8ae1a24e390eec885286d3')
},{
  material: new ObjectId('6a3e24312f2b2f71f964fd73'),
  percentage: 1.03,
  _id: new ObjectId('6a8ae1a24e390eec885286d4')
},{
  material: new ObjectId('6a3e24312f2b2f71f964fd7a'),
  percentage: 1.03,
  _id: new ObjectId('6a8ae1a24e390eec885286d5')
},{
  material: new ObjectId('6a3e24312f2b2f71f964fd82'),
  percentage: 1.03,
  _id: new ObjectId('6a8ae1a24e390eec885286d6')
},{
  material: new ObjectId('6a3e24312f2b2f71f964fd73'),
  percentage: 1.09,
  _id: new ObjectId('6a8ae1a24e390eec885286d8')
},{
  material: new ObjectId('6a3e24312f2b2f71f964fd7a'),
  percentage: 1.09,
  _id: new ObjectId('6a8ae1a24e390eec885286d9')
},{
  material: new ObjectId('6a3e24312f2b2f71f964fd82'),
  percentage: 1.09,
  _id: new ObjectId('6a8ae1a24e390eec885286da')
},{
  material: new ObjectId('6a3e242f2f2b2f71f964fd46'),
  percentage: 37.01,
  _id: new ObjectId('6a8ae1a24e390eec885286d7')
}
Paris Hilton Spray,ParHil_SP,spray,30,1000,18.900000000000013,11.103,0,0,true,Light floral fruity sweet fragrance. Perfect for daytime fun.,light,daytime,floral fruity sweet,,{
  material: new ObjectId('6a3e242f2f2b2f71f964fd41'),
  percentage: 48.03,
  _id: new ObjectId('6a8ae1a24e390eec885286ca')
},{
  material: new ObjectId('6a3e24312f2b2f71f964fd73'),
  percentage: 0.97,
  _id: new ObjectId('6a8ae1a24e390eec885286cb')
},{
  material: new ObjectId('6a3e24312f2b2f71f964fd7a'),
  percentage: 0.97,
  _id: new ObjectId('6a8ae1a24e390eec885286cc')
},{
  material: new ObjectId('6a3e24312f2b2f71f964fd82'),
  percentage: 0.97,
  _id: new ObjectId('6a8ae1a24e390eec885286cd')
},{
  material: new ObjectId('6a3e24312f2b2f71f964fd73'),
  percentage: 0.92,
  _id: new ObjectId('6a8ae1a24e390eec885286ce')
},{
  material: new ObjectId('6a3e24312f2b2f71f964fd7a'),
  percentage: 0.92,
  _id: new ObjectId('6a8ae1a24e390eec885286cf')
},{
  material: new ObjectId('6a3e24312f2b2f71f964fd82'),
  percentage: 0.92,
  _id: new ObjectId('6a8ae1a24e390eec885286d0')
},{
  material: new ObjectId('6a3e24312f2b2f71f964fd73'),
  percentage: 0.98,
  _id: new ObjectId('6a8ae1a24e390eec885286d1')
},{
  material: new ObjectId('6a3e24312f2b2f71f964fd7a'),
  percentage: 0.98,
  _id: new ObjectId('6a8ae1a24e390eec885286d2')
},{
  material: new ObjectId('6a3e24312f2b2f71f964fd82'),
  percentage: 0.98,
  _id: new ObjectId('6a8ae1a24e390eec885286d3')
},{
  material: new ObjectId('6a3e24312f2b2f71f964fd73'),
  percentage: 1.03,
  _id: new ObjectId('6a8ae1a24e390eec885286d4')
},{
  material: new ObjectId('6a3e24312f2b2f71f964fd7a'),
  percentage: 1.03,
  _id: new ObjectId('6a8ae1a24e390eec885286d5')
},{
  material: new ObjectId('6a3e24312f2b2f71f964fd82'),
  percentage: 1.03,
  _id: new ObjectId('6a8ae1a24e390eec885286d6')
},{
  material: new ObjectId('6a3e24312f2b2f71f964fd73'),
  percentage: 1.09,
  _id: new ObjectId('6a8ae1a24e390eec885286d8')
},{
  material: new ObjectId('6a3e24312f2b2f71f964fd7a'),
  percentage: 1.09,
  _id: new ObjectId('6a8ae1a24e390eec885286d9')
},{
  material: new ObjectId('6a3e24312f2b2f71f964fd82'),
  percentage: 1.09,
  _id: new ObjectId('6a8ae1a24e390eec885286da')
},{
  material: new ObjectId('6a3e242f2f2b2f71f964fd46'),
  percentage: 37.01,
  _id: new ObjectId('6a8ae1a24e390eec885286d7')
}
Paris Hilton Spray,ParHil_SP,spray,50,1300,31.500000000000004,18.505,0,0,true,Light floral fruity sweet fragrance. Perfect for daytime fun.,light,daytime,floral fruity sweet,,{
  material: new ObjectId('6a3e242f2f2b2f71f964fd41'),
  percentage: 48.03,
  _id: new ObjectId('6a8ae1a24e390eec885286ca')
},{
  material: new ObjectId('6a3e24312f2b2f71f964fd73'),
  percentage: 0.97,
  _id: new ObjectId('6a8ae1a24e390eec885286cb')
},{
  material: new ObjectId('6a3e24312f2b2f71f964fd7a'),
  percentage: 0.97,
  _id: new ObjectId('6a8ae1a24e390eec885286cc')
},{
  material: new ObjectId('6a3e24312f2b2f71f964fd82'),
  percentage: 0.97,
  _id: new ObjectId('6a8ae1a24e390eec885286cd')
},{
  material: new ObjectId('6a3e24312f2b2f71f964fd73'),
  percentage: 0.92,
  _id: new ObjectId('6a8ae1a24e390eec885286ce')
},{
  material: new ObjectId('6a3e24312f2b2f71f964fd7a'),
  percentage: 0.92,
  _id: new ObjectId('6a8ae1a24e390eec885286cf')
},{
  material: new ObjectId('6a3e24312f2b2f71f964fd82'),
  percentage: 0.92,
  _id: new ObjectId('6a8ae1a24e390eec885286d0')
},{
  material: new ObjectId('6a3e24312f2b2f71f964fd73'),
  percentage: 0.98,
  _id: new ObjectId('6a8ae1a24e390eec885286d1')
},{
  material: new ObjectId('6a3e24312f2b2f71f964fd7a'),
  percentage: 0.98,
  _id: new ObjectId('6a8ae1a24e390eec885286d2')
},{
  material: new ObjectId('6a3e24312f2b2f71f964fd82'),
  percentage: 0.98,
  _id: new ObjectId('6a8ae1a24e390eec885286d3')
},{
  material: new ObjectId('6a3e24312f2b2f71f964fd73'),
  percentage: 1.03,
  _id: new ObjectId('6a8ae1a24e390eec885286d4')
},{
  material: new ObjectId('6a3e24312f2b2f71f964fd7a'),
  percentage: 1.03,
  _id: new ObjectId('6a8ae1a24e390eec885286d5')
},{
  material: new ObjectId('6a3e24312f2b2f71f964fd82'),
  percentage: 1.03,
  _id: new ObjectId('6a8ae1a24e390eec885286d6')
},{
  material: new ObjectId('6a3e24312f2b2f71f964fd73'),
  percentage: 1.09,
  _id: new ObjectId('6a8ae1a24e390eec885286d8')
},{
  material: new ObjectId('6a3e24312f2b2f71f964fd7a'),
  percentage: 1.09,
  _id: new ObjectId('6a8ae1a24e390eec885286d9')
},{
  material: new ObjectId('6a3e24312f2b2f71f964fd82'),
  percentage: 1.09,
  _id: new ObjectId('6a8ae1a24e390eec885286da')
},{
  material: new ObjectId('6a3e242f2f2b2f71f964fd46'),
  percentage: 37.01,
  _id: new ObjectId('6a8ae1a24e390eec885286d7')
}
Paris Hilton Spray,ParHil_SP,spray,100,1700,63.00000000000001,37.01,0,0,true,Light floral fruity sweet fragrance. Perfect for daytime fun.,light,daytime,floral fruity sweet,,{
  material: new ObjectId('6a3e242f2f2b2f71f964fd41'),
  percentage: 48.03,
  _id: new ObjectId('6a8ae1a24e390eec885286ca')
},{
  material: new ObjectId('6a3e24312f2b2f71f964fd73'),
  percentage: 0.97,
  _id: new ObjectId('6a8ae1a24e390eec885286cb')
},{
  material: new ObjectId('6a3e24312f2b2f71f964fd7a'),
  percentage: 0.97,
  _id: new ObjectId('6a8ae1a24e390eec885286cc')
},{
  material: new ObjectId('6a3e24312f2b2f71f964fd82'),
  percentage: 0.97,
  _id: new ObjectId('6a8ae1a24e390eec885286cd')
},{
  material: new ObjectId('6a3e24312f2b2f71f964fd73'),
  percentage: 0.92,
  _id: new ObjectId('6a8ae1a24e390eec885286ce')
},{
  material: new ObjectId('6a3e24312f2b2f71f964fd7a'),
  percentage: 0.92,
  _id: new ObjectId('6a8ae1a24e390eec885286cf')
},{
  material: new ObjectId('6a3e24312f2b2f71f964fd82'),
  percentage: 0.92,
  _id: new ObjectId('6a8ae1a24e390eec885286d0')
},{
  material: new ObjectId('6a3e24312f2b2f71f964fd73'),
  percentage: 0.98,
  _id: new ObjectId('6a8ae1a24e390eec885286d1')
},{
  material: new ObjectId('6a3e24312f2b2f71f964fd7a'),
  percentage: 0.98,
  _id: new ObjectId('6a8ae1a24e390eec885286d2')
},{
  material: new ObjectId('6a3e24312f2b2f71f964fd82'),
  percentage: 0.98,
  _id: new ObjectId('6a8ae1a24e390eec885286d3')
},{
  material: new ObjectId('6a3e24312f2b2f71f964fd73'),
  percentage: 1.03,
  _id: new ObjectId('6a8ae1a24e390eec885286d4')
},{
  material: new ObjectId('6a3e24312f2b2f71f964fd7a'),
  percentage: 1.03,
  _id: new ObjectId('6a8ae1a24e390eec885286d5')
},{
  material: new ObjectId('6a3e24312f2b2f71f964fd82'),
  percentage: 1.03,
  _id: new ObjectId('6a8ae1a24e390eec885286d6')
},{
  material: new ObjectId('6a3e24312f2b2f71f964fd73'),
  percentage: 1.09,
  _id: new ObjectId('6a8ae1a24e390eec885286d8')
},{
  material: new ObjectId('6a3e24312f2b2f71f964fd7a'),
  percentage: 1.09,
  _id: new ObjectId('6a8ae1a24e390eec885286d9')
},{
  material: new ObjectId('6a3e24312f2b2f71f964fd82'),
  percentage: 1.09,
  _id: new ObjectId('6a8ae1a24e390eec885286da')
},{
  material: new ObjectId('6a3e242f2f2b2f71f964fd46'),
  percentage: 37.01,
  _id: new ObjectId('6a8ae1a24e390eec885286d7')
}
Prada Candy,PRCn,roll-on,3.5,180,3.5,0,0,0,true,Medium gourmand sweet fragrance. Sweet evening indulgence.,medium,evening,gourmand sweet,6a3e24302f2b2f71f964fd54,
Prada Candy,PRCn,roll-on,6,280,6,0,0,0,true,Medium gourmand sweet fragrance. Sweet evening indulgence.,medium,evening,gourmand sweet,6a3e24302f2b2f71f964fd54,
Prada Candy,PRCn,roll-on,15,750,15,0,0,0,true,Medium gourmand sweet fragrance. Sweet evening indulgence.,medium,evening,gourmand sweet,6a3e24302f2b2f71f964fd54,
Prada Candy,PRCn,roll-on,30,1500,30,0,0,0,true,Medium gourmand sweet fragrance. Sweet evening indulgence.,medium,evening,gourmand sweet,6a3e24302f2b2f71f964fd54,
Prada Candy Spray,PRCn_SP,spray,6,330,3.78,2.2206,0,0,true,Medium gourmand sweet fragrance. Sweet evening indulgence.,medium,evening,gourmand sweet,,{
  material: new ObjectId('6a3e24302f2b2f71f964fd54'),
  percentage: 48.03,
  _id: new ObjectId('6a8ae1a34e390eec88528777')
},{
  material: new ObjectId('6a3e24312f2b2f71f964fd73'),
  percentage: 0.97,
  _id: new ObjectId('6a8ae1a34e390eec88528778')
},{
  material: new ObjectId('6a3e24312f2b2f71f964fd7a'),
  percentage: 0.97,
  _id: new ObjectId('6a8ae1a34e390eec88528779')
},{
  material: new ObjectId('6a3e24312f2b2f71f964fd82'),
  percentage: 0.97,
  _id: new ObjectId('6a8ae1a34e390eec8852877a')
},{
  material: new ObjectId('6a3e24312f2b2f71f964fd73'),
  percentage: 0.92,
  _id: new ObjectId('6a8ae1a34e390eec8852877b')
},{
  material: new ObjectId('6a3e24312f2b2f71f964fd7a'),
  percentage: 0.92,
  _id: new ObjectId('6a8ae1a34e390eec8852877c')
},{
  material: new ObjectId('6a3e24312f2b2f71f964fd82'),
  percentage: 0.92,
  _id: new ObjectId('6a8ae1a34e390eec8852877d')
},{
  material: new ObjectId('6a3e24312f2b2f71f964fd73'),
  percentage: 0.98,
  _id: new ObjectId('6a8ae1a34e390eec8852877e')
},{
  material: new ObjectId('6a3e24312f2b2f71f964fd7a'),
  percentage: 0.98,
  _id: new ObjectId('6a8ae1a34e390eec8852877f')
},{
  material: new ObjectId('6a3e24312f2b2f71f964fd82'),
  percentage: 0.98,
  _id: new ObjectId('6a8ae1a34e390eec88528780')
},{
  material: new ObjectId('6a3e24312f2b2f71f964fd73'),
  percentage: 1.03,
  _id: new ObjectId('6a8ae1a34e390eec88528781')
},{
  material: new ObjectId('6a3e24312f2b2f71f964fd7a'),
  percentage: 1.03,
  _id: new ObjectId('6a8ae1a34e390eec88528782')
},{
  material: new ObjectId('6a3e24312f2b2f71f964fd82'),
  percentage: 1.03,
  _id: new ObjectId('6a8ae1a34e390eec88528783')
},{
  material: new ObjectId('6a3e24312f2b2f71f964fd73'),
  percentage: 1.09,
  _id: new ObjectId('6a8ae1a34e390eec88528785')
},{
  material: new ObjectId('6a3e24312f2b2f71f964fd7a'),
  percentage: 1.09,
  _id: new ObjectId('6a8ae1a34e390eec88528786')
},{
  material: new ObjectId('6a3e24312f2b2f71f964fd82'),
  percentage: 1.09,
  _id: new ObjectId('6a8ae1a34e390eec88528787')
},{
  material: new ObjectId('6a3e242f2f2b2f71f964fd46'),
  percentage: 37.01,
  _id: new ObjectId('6a8ae1a34e390eec88528784')
}
Prada Candy Spray,PRCn_SP,spray,15,780,9.450000000000006,5.5515,0,0,true,Medium gourmand sweet fragrance. Sweet evening indulgence.,medium,evening,gourmand sweet,,{
  material: new ObjectId('6a3e24302f2b2f71f964fd54'),
  percentage: 48.03,
  _id: new ObjectId('6a8ae1a34e390eec88528777')
},{
  material: new ObjectId('6a3e24312f2b2f71f964fd73'),
  percentage: 0.97,
  _id: new ObjectId('6a8ae1a34e390eec88528778')
},{
  material: new ObjectId('6a3e24312f2b2f71f964fd7a'),
  percentage: 0.97,
  _id: new ObjectId('6a8ae1a34e390eec88528779')
},{
  material: new ObjectId('6a3e24312f2b2f71f964fd82'),
  percentage: 0.97,
  _id: new ObjectId('6a8ae1a34e390eec8852877a')
},{
  material: new ObjectId('6a3e24312f2b2f71f964fd73'),
  percentage: 0.92,
  _id: new ObjectId('6a8ae1a34e390eec8852877b')
},{
  material: new ObjectId('6a3e24312f2b2f71f964fd7a'),
  percentage: 0.92,
  _id: new ObjectId('6a8ae1a34e390eec8852877c')
},{
  material: new ObjectId('6a3e24312f2b2f71f964fd82'),
  percentage: 0.92,
  _id: new ObjectId('6a8ae1a34e390eec8852877d')
},{
  material: new ObjectId('6a3e24312f2b2f71f964fd73'),
  percentage: 0.98,
  _id: new ObjectId('6a8ae1a34e390eec8852877e')
},{
  material: new ObjectId('6a3e24312f2b2f71f964fd7a'),
  percentage: 0.98,
  _id: new ObjectId('6a8ae1a34e390eec8852877f')
},{
  material: new ObjectId('6a3e24312f2b2f71f964fd82'),
  percentage: 0.98,
  _id: new ObjectId('6a8ae1a34e390eec88528780')
},{
  material: new ObjectId('6a3e24312f2b2f71f964fd73'),
  percentage: 1.03,
  _id: new ObjectId('6a8ae1a34e390eec88528781')
},{
  material: new ObjectId('6a3e24312f2b2f71f964fd7a'),
  percentage: 1.03,
  _id: new ObjectId('6a8ae1a34e390eec88528782')
},{
  material: new ObjectId('6a3e24312f2b2f71f964fd82'),
  percentage: 1.03,
  _id: new ObjectId('6a8ae1a34e390eec88528783')
},{
  material: new ObjectId('6a3e24312f2b2f71f964fd73'),
  percentage: 1.09,
  _id: new ObjectId('6a8ae1a34e390eec88528785')
},{
  material: new ObjectId('6a3e24312f2b2f71f964fd7a'),
  percentage: 1.09,
  _id: new ObjectId('6a8ae1a34e390eec88528786')
},{
  material: new ObjectId('6a3e24312f2b2f71f964fd82'),
  percentage: 1.09,
  _id: new ObjectId('6a8ae1a34e390eec88528787')
},{
  material: new ObjectId('6a3e242f2f2b2f71f964fd46'),
  percentage: 37.01,
  _id: new ObjectId('6a8ae1a34e390eec88528784')
}
Prada Candy Spray,PRCn_SP,spray,30,1050,18.900000000000013,11.103,0,0,true,Medium gourmand sweet fragrance. Sweet evening indulgence.,medium,evening,gourmand sweet,,{
  material: new ObjectId('6a3e24302f2b2f71f964fd54'),
  percentage: 48.03,
  _id: new ObjectId('6a8ae1a34e390eec88528777')
},{
  material: new ObjectId('6a3e24312f2b2f71f964fd73'),
  percentage: 0.97,
  _id: new ObjectId('6a8ae1a34e390eec88528778')
},{
  material: new ObjectId('6a3e24312f2b2f71f964fd7a'),
  percentage: 0.97,
  _id: new ObjectId('6a8ae1a34e390eec88528779')
},{
  material: new ObjectId('6a3e24312f2b2f71f964fd82'),
  percentage: 0.97,
  _id: new ObjectId('6a8ae1a34e390eec8852877a')
},{
  material: new ObjectId('6a3e24312f2b2f71f964fd73'),
  percentage: 0.92,
  _id: new ObjectId('6a8ae1a34e390eec8852877b')
},{
  material: new ObjectId('6a3e24312f2b2f71f964fd7a'),
  percentage: 0.92,
  _id: new ObjectId('6a8ae1a34e390eec8852877c')
},{
  material: new ObjectId('6a3e24312f2b2f71f964fd82'),
  percentage: 0.92,
  _id: new ObjectId('6a8ae1a34e390eec8852877d')
},{
  material: new ObjectId('6a3e24312f2b2f71f964fd73'),
  percentage: 0.98,
  _id: new ObjectId('6a8ae1a34e390eec8852877e')
},{
  material: new ObjectId('6a3e24312f2b2f71f964fd7a'),
  percentage: 0.98,
  _id: new ObjectId('6a8ae1a34e390eec8852877f')
},{
  material: new ObjectId('6a3e24312f2b2f71f964fd82'),
  percentage: 0.98,
  _id: new ObjectId('6a8ae1a34e390eec88528780')
},{
  material: new ObjectId('6a3e24312f2b2f71f964fd73'),
  percentage: 1.03,
  _id: new ObjectId('6a8ae1a34e390eec88528781')
},{
  material: new ObjectId('6a3e24312f2b2f71f964fd7a'),
  percentage: 1.03,
  _id: new ObjectId('6a8ae1a34e390eec88528782')
},{
  material: new ObjectId('6a3e24312f2b2f71f964fd82'),
  percentage: 1.03,
  _id: new ObjectId('6a8ae1a34e390eec88528783')
},{
  material: new ObjectId('6a3e24312f2b2f71f964fd73'),
  percentage: 1.09,
  _id: new ObjectId('6a8ae1a34e390eec88528785')
},{
  material: new ObjectId('6a3e24312f2b2f71f964fd7a'),
  percentage: 1.09,
  _id: new ObjectId('6a8ae1a34e390eec88528786')
},{
  material: new ObjectId('6a3e24312f2b2f71f964fd82'),
  percentage: 1.09,
  _id: new ObjectId('6a8ae1a34e390eec88528787')
},{
  material: new ObjectId('6a3e242f2f2b2f71f964fd46'),
  percentage: 37.01,
  _id: new ObjectId('6a8ae1a34e390eec88528784')
}
Prada Candy Spray,PRCn_SP,spray,50,1300,31.500000000000004,18.505,0,0,true,Medium gourmand sweet fragrance. Sweet evening indulgence.,medium,evening,gourmand sweet,,{
  material: new ObjectId('6a3e24302f2b2f71f964fd54'),
  percentage: 48.03,
  _id: new ObjectId('6a8ae1a34e390eec88528777')
},{
  material: new ObjectId('6a3e24312f2b2f71f964fd73'),
  percentage: 0.97,
  _id: new ObjectId('6a8ae1a34e390eec88528778')
},{
  material: new ObjectId('6a3e24312f2b2f71f964fd7a'),
  percentage: 0.97,
  _id: new ObjectId('6a8ae1a34e390eec88528779')
},{
  material: new ObjectId('6a3e24312f2b2f71f964fd82'),
  percentage: 0.97,
  _id: new ObjectId('6a8ae1a34e390eec8852877a')
},{
  material: new ObjectId('6a3e24312f2b2f71f964fd73'),
  percentage: 0.92,
  _id: new ObjectId('6a8ae1a34e390eec8852877b')
},{
  material: new ObjectId('6a3e24312f2b2f71f964fd7a'),
  percentage: 0.92,
  _id: new ObjectId('6a8ae1a34e390eec8852877c')
},{
  material: new ObjectId('6a3e24312f2b2f71f964fd82'),
  percentage: 0.92,
  _id: new ObjectId('6a8ae1a34e390eec8852877d')
},{
  material: new ObjectId('6a3e24312f2b2f71f964fd73'),
  percentage: 0.98,
  _id: new ObjectId('6a8ae1a34e390eec8852877e')
},{
  material: new ObjectId('6a3e24312f2b2f71f964fd7a'),
  percentage: 0.98,
  _id: new ObjectId('6a8ae1a34e390eec8852877f')
},{
  material: new ObjectId('6a3e24312f2b2f71f964fd82'),
  percentage: 0.98,
  _id: new ObjectId('6a8ae1a34e390eec88528780')
},{
  material: new ObjectId('6a3e24312f2b2f71f964fd73'),
  percentage: 1.03,
  _id: new ObjectId('6a8ae1a34e390eec88528781')
},{
  material: new ObjectId('6a3e24312f2b2f71f964fd7a'),
  percentage: 1.03,
  _id: new ObjectId('6a8ae1a34e390eec88528782')
},{
  material: new ObjectId('6a3e24312f2b2f71f964fd82'),
  percentage: 1.03,
  _id: new ObjectId('6a8ae1a34e390eec88528783')
},{
  material: new ObjectId('6a3e24312f2b2f71f964fd73'),
  percentage: 1.09,
  _id: new ObjectId('6a8ae1a34e390eec88528785')
},{
  material: new ObjectId('6a3e24312f2b2f71f964fd7a'),
  percentage: 1.09,
  _id: new ObjectId('6a8ae1a34e390eec88528786')
},{
  material: new ObjectId('6a3e24312f2b2f71f964fd82'),
  percentage: 1.09,
  _id: new ObjectId('6a8ae1a34e390eec88528787')
},{
  material: new ObjectId('6a3e242f2f2b2f71f964fd46'),
  percentage: 37.01,
  _id: new ObjectId('6a8ae1a34e390eec88528784')
}
Prada Candy Spray,PRCn_SP,spray,100,1650,63.00000000000001,37.01,0,0,true,Medium gourmand sweet fragrance. Sweet evening indulgence.,medium,evening,gourmand sweet,,{
  material: new ObjectId('6a3e24302f2b2f71f964fd54'),
  percentage: 48.03,
  _id: new ObjectId('6a8ae1a34e390eec88528777')
},{
  material: new ObjectId('6a3e24312f2b2f71f964fd73'),
  percentage: 0.97,
  _id: new ObjectId('6a8ae1a34e390eec88528778')
},{
  material: new ObjectId('6a3e24312f2b2f71f964fd7a'),
  percentage: 0.97,
  _id: new ObjectId('6a8ae1a34e390eec88528779')
},{
  material: new ObjectId('6a3e24312f2b2f71f964fd82'),
  percentage: 0.97,
  _id: new ObjectId('6a8ae1a34e390eec8852877a')
},{
  material: new ObjectId('6a3e24312f2b2f71f964fd73'),
  percentage: 0.92,
  _id: new ObjectId('6a8ae1a34e390eec8852877b')
},{
  material: new ObjectId('6a3e24312f2b2f71f964fd7a'),
  percentage: 0.92,
  _id: new ObjectId('6a8ae1a34e390eec8852877c')
},{
  material: new ObjectId('6a3e24312f2b2f71f964fd82'),
  percentage: 0.92,
  _id: new ObjectId('6a8ae1a34e390eec8852877d')
},{
  material: new ObjectId('6a3e24312f2b2f71f964fd73'),
  percentage: 0.98,
  _id: new ObjectId('6a8ae1a34e390eec8852877e')
},{
  material: new ObjectId('6a3e24312f2b2f71f964fd7a'),
  percentage: 0.98,
  _id: new ObjectId('6a8ae1a34e390eec8852877f')
},{
  material: new ObjectId('6a3e24312f2b2f71f964fd82'),
  percentage: 0.98,
  _id: new ObjectId('6a8ae1a34e390eec88528780')
},{
  material: new ObjectId('6a3e24312f2b2f71f964fd73'),
  percentage: 1.03,
  _id: new ObjectId('6a8ae1a34e390eec88528781')
},{
  material: new ObjectId('6a3e24312f2b2f71f964fd7a'),
  percentage: 1.03,
  _id: new ObjectId('6a8ae1a34e390eec88528782')
},{
  material: new ObjectId('6a3e24312f2b2f71f964fd82'),
  percentage: 1.03,
  _id: new ObjectId('6a8ae1a34e390eec88528783')
},{
  material: new ObjectId('6a3e24312f2b2f71f964fd73'),
  percentage: 1.09,
  _id: new ObjectId('6a8ae1a34e390eec88528785')
},{
  material: new ObjectId('6a3e24312f2b2f71f964fd7a'),
  percentage: 1.09,
  _id: new ObjectId('6a8ae1a34e390eec88528786')
},{
  material: new ObjectId('6a3e24312f2b2f71f964fd82'),
  percentage: 1.09,
  _id: new ObjectId('6a8ae1a34e390eec88528787')
},{
  material: new ObjectId('6a3e242f2f2b2f71f964fd46'),
  percentage: 37.01,
  _id: new ObjectId('6a8ae1a34e390eec88528784')
}
Pure Seduction,PuSD,roll-on,3.5,180,3.5,0,0,0,true,Light floral fruity fragrance. Perfect for romantic evenings.,light,evening,floral fruity,6a3e24302f2b2f71f964fd52,
Pure Seduction,PuSD,roll-on,6,280,6,0,0,0,true,Light floral fruity fragrance. Perfect for romantic evenings.,light,evening,floral fruity,6a3e24302f2b2f71f964fd52,
Pure Seduction,PuSD,roll-on,15,750,15,0,0,0,true,Light floral fruity fragrance. Perfect for romantic evenings.,light,evening,floral fruity,6a3e24302f2b2f71f964fd52,
Pure Seduction,PuSD,roll-on,30,1500,30,0,0,0,true,Light floral fruity fragrance. Perfect for romantic evenings.,light,evening,floral fruity,6a3e24302f2b2f71f964fd52,
Pure Seduction Spray,PuSD_SP,spray,6,330,3.78,2.2206,0,0,true,Light floral fruity fragrance. Perfect for romantic evenings.,light,evening,floral fruity,,{
  material: new ObjectId('6a3e24302f2b2f71f964fd52'),
  percentage: 48.03,
  _id: new ObjectId('6a8ae1a34e390eec8852875f')
},{
  material: new ObjectId('6a3e24312f2b2f71f964fd73'),
  percentage: 0.97,
  _id: new ObjectId('6a8ae1a34e390eec88528760')
},{
  material: new ObjectId('6a3e24312f2b2f71f964fd7a'),
  percentage: 0.97,
  _id: new ObjectId('6a8ae1a34e390eec88528761')
},{
  material: new ObjectId('6a3e24312f2b2f71f964fd82'),
  percentage: 0.97,
  _id: new ObjectId('6a8ae1a34e390eec88528762')
},{
  material: new ObjectId('6a3e24312f2b2f71f964fd73'),
  percentage: 0.92,
  _id: new ObjectId('6a8ae1a34e390eec88528763')
},{
  material: new ObjectId('6a3e24312f2b2f71f964fd7a'),
  percentage: 0.92,
  _id: new ObjectId('6a8ae1a34e390eec88528764')
},{
  material: new ObjectId('6a3e24312f2b2f71f964fd82'),
  percentage: 0.92,
  _id: new ObjectId('6a8ae1a34e390eec88528765')
},{
  material: new ObjectId('6a3e24312f2b2f71f964fd73'),
  percentage: 0.98,
  _id: new ObjectId('6a8ae1a34e390eec88528766')
},{
  material: new ObjectId('6a3e24312f2b2f71f964fd7a'),
  percentage: 0.98,
  _id: new ObjectId('6a8ae1a34e390eec88528767')
},{
  material: new ObjectId('6a3e24312f2b2f71f964fd82'),
  percentage: 0.98,
  _id: new ObjectId('6a8ae1a34e390eec88528768')
},{
  material: new ObjectId('6a3e24312f2b2f71f964fd73'),
  percentage: 1.03,
  _id: new ObjectId('6a8ae1a34e390eec88528769')
},{
  material: new ObjectId('6a3e24312f2b2f71f964fd7a'),
  percentage: 1.03,
  _id: new ObjectId('6a8ae1a34e390eec8852876a')
},{
  material: new ObjectId('6a3e24312f2b2f71f964fd82'),
  percentage: 1.03,
  _id: new ObjectId('6a8ae1a34e390eec8852876b')
},{
  material: new ObjectId('6a3e24312f2b2f71f964fd73'),
  percentage: 1.09,
  _id: new ObjectId('6a8ae1a34e390eec8852876d')
},{
  material: new ObjectId('6a3e24312f2b2f71f964fd7a'),
  percentage: 1.09,
  _id: new ObjectId('6a8ae1a34e390eec8852876e')
},{
  material: new ObjectId('6a3e24312f2b2f71f964fd82'),
  percentage: 1.09,
  _id: new ObjectId('6a8ae1a34e390eec8852876f')
},{
  material: new ObjectId('6a3e242f2f2b2f71f964fd46'),
  percentage: 37.01,
  _id: new ObjectId('6a8ae1a34e390eec8852876c')
}
Pure Seduction Spray,PuSD_SP,spray,15,780,9.450000000000006,5.5515,0,0,true,Light floral fruity fragrance. Perfect for romantic evenings.,light,evening,floral fruity,,{
  material: new ObjectId('6a3e24302f2b2f71f964fd52'),
  percentage: 48.03,
  _id: new ObjectId('6a8ae1a34e390eec8852875f')
},{
  material: new ObjectId('6a3e24312f2b2f71f964fd73'),
  percentage: 0.97,
  _id: new ObjectId('6a8ae1a34e390eec88528760')
},{
  material: new ObjectId('6a3e24312f2b2f71f964fd7a'),
  percentage: 0.97,
  _id: new ObjectId('6a8ae1a34e390eec88528761')
},{
  material: new ObjectId('6a3e24312f2b2f71f964fd82'),
  percentage: 0.97,
  _id: new ObjectId('6a8ae1a34e390eec88528762')
},{
  material: new ObjectId('6a3e24312f2b2f71f964fd73'),
  percentage: 0.92,
  _id: new ObjectId('6a8ae1a34e390eec88528763')
},{
  material: new ObjectId('6a3e24312f2b2f71f964fd7a'),
  percentage: 0.92,
  _id: new ObjectId('6a8ae1a34e390eec88528764')
},{
  material: new ObjectId('6a3e24312f2b2f71f964fd82'),
  percentage: 0.92,
  _id: new ObjectId('6a8ae1a34e390eec88528765')
},{
  material: new ObjectId('6a3e24312f2b2f71f964fd73'),
  percentage: 0.98,
  _id: new ObjectId('6a8ae1a34e390eec88528766')
},{
  material: new ObjectId('6a3e24312f2b2f71f964fd7a'),
  percentage: 0.98,
  _id: new ObjectId('6a8ae1a34e390eec88528767')
},{
  material: new ObjectId('6a3e24312f2b2f71f964fd82'),
  percentage: 0.98,
  _id: new ObjectId('6a8ae1a34e390eec88528768')
},{
  material: new ObjectId('6a3e24312f2b2f71f964fd73'),
  percentage: 1.03,
  _id: new ObjectId('6a8ae1a34e390eec88528769')
},{
  material: new ObjectId('6a3e24312f2b2f71f964fd7a'),
  percentage: 1.03,
  _id: new ObjectId('6a8ae1a34e390eec8852876a')
},{
  material: new ObjectId('6a3e24312f2b2f71f964fd82'),
  percentage: 1.03,
  _id: new ObjectId('6a8ae1a34e390eec8852876b')
},{
  material: new ObjectId('6a3e24312f2b2f71f964fd73'),
  percentage: 1.09,
  _id: new ObjectId('6a8ae1a34e390eec8852876d')
},{
  material: new ObjectId('6a3e24312f2b2f71f964fd7a'),
  percentage: 1.09,
  _id: new ObjectId('6a8ae1a34e390eec8852876e')
},{
  material: new ObjectId('6a3e24312f2b2f71f964fd82'),
  percentage: 1.09,
  _id: new ObjectId('6a8ae1a34e390eec8852876f')
},{
  material: new ObjectId('6a3e242f2f2b2f71f964fd46'),
  percentage: 37.01,
  _id: new ObjectId('6a8ae1a34e390eec8852876c')
}
Pure Seduction Spray,PuSD_SP,spray,30,1050,18.900000000000013,11.103,0,0,true,Light floral fruity fragrance. Perfect for romantic evenings.,light,evening,floral fruity,,{
  material: new ObjectId('6a3e24302f2b2f71f964fd52'),
  percentage: 48.03,
  _id: new ObjectId('6a8ae1a34e390eec8852875f')
},{
  material: new ObjectId('6a3e24312f2b2f71f964fd73'),
  percentage: 0.97,
  _id: new ObjectId('6a8ae1a34e390eec88528760')
},{
  material: new ObjectId('6a3e24312f2b2f71f964fd7a'),
  percentage: 0.97,
  _id: new ObjectId('6a8ae1a34e390eec88528761')
},{
  material: new ObjectId('6a3e24312f2b2f71f964fd82'),
  percentage: 0.97,
  _id: new ObjectId('6a8ae1a34e390eec88528762')
},{
  material: new ObjectId('6a3e24312f2b2f71f964fd73'),
  percentage: 0.92,
  _id: new ObjectId('6a8ae1a34e390eec88528763')
},{
  material: new ObjectId('6a3e24312f2b2f71f964fd7a'),
  percentage: 0.92,
  _id: new ObjectId('6a8ae1a34e390eec88528764')
},{
  material: new ObjectId('6a3e24312f2b2f71f964fd82'),
  percentage: 0.92,
  _id: new ObjectId('6a8ae1a34e390eec88528765')
},{
  material: new ObjectId('6a3e24312f2b2f71f964fd73'),
  percentage: 0.98,
  _id: new ObjectId('6a8ae1a34e390eec88528766')
},{
  material: new ObjectId('6a3e24312f2b2f71f964fd7a'),
  percentage: 0.98,
  _id: new ObjectId('6a8ae1a34e390eec88528767')
},{
  material: new ObjectId('6a3e24312f2b2f71f964fd82'),
  percentage: 0.98,
  _id: new ObjectId('6a8ae1a34e390eec88528768')
},{
  material: new ObjectId('6a3e24312f2b2f71f964fd73'),
  percentage: 1.03,
  _id: new ObjectId('6a8ae1a34e390eec88528769')
},{
  material: new ObjectId('6a3e24312f2b2f71f964fd7a'),
  percentage: 1.03,
  _id: new ObjectId('6a8ae1a34e390eec8852876a')
},{
  material: new ObjectId('6a3e24312f2b2f71f964fd82'),
  percentage: 1.03,
  _id: new ObjectId('6a8ae1a34e390eec8852876b')
},{
  material: new ObjectId('6a3e24312f2b2f71f964fd73'),
  percentage: 1.09,
  _id: new ObjectId('6a8ae1a34e390eec8852876d')
},{
  material: new ObjectId('6a3e24312f2b2f71f964fd7a'),
  percentage: 1.09,
  _id: new ObjectId('6a8ae1a34e390eec8852876e')
},{
  material: new ObjectId('6a3e24312f2b2f71f964fd82'),
  percentage: 1.09,
  _id: new ObjectId('6a8ae1a34e390eec8852876f')
},{
  material: new ObjectId('6a3e242f2f2b2f71f964fd46'),
  percentage: 37.01,
  _id: new ObjectId('6a8ae1a34e390eec8852876c')
}
Pure Seduction Spray,PuSD_SP,spray,50,1300,31.500000000000004,18.505,0,0,true,Light floral fruity fragrance. Perfect for romantic evenings.,light,evening,floral fruity,,{
  material: new ObjectId('6a3e24302f2b2f71f964fd52'),
  percentage: 48.03,
  _id: new ObjectId('6a8ae1a34e390eec8852875f')
},{
  material: new ObjectId('6a3e24312f2b2f71f964fd73'),
  percentage: 0.97,
  _id: new ObjectId('6a8ae1a34e390eec88528760')
},{
  material: new ObjectId('6a3e24312f2b2f71f964fd7a'),
  percentage: 0.97,
  _id: new ObjectId('6a8ae1a34e390eec88528761')
},{
  material: new ObjectId('6a3e24312f2b2f71f964fd82'),
  percentage: 0.97,
  _id: new ObjectId('6a8ae1a34e390eec88528762')
},{
  material: new ObjectId('6a3e24312f2b2f71f964fd73'),
  percentage: 0.92,
  _id: new ObjectId('6a8ae1a34e390eec88528763')
},{
  material: new ObjectId('6a3e24312f2b2f71f964fd7a'),
  percentage: 0.92,
  _id: new ObjectId('6a8ae1a34e390eec88528764')
},{
  material: new ObjectId('6a3e24312f2b2f71f964fd82'),
  percentage: 0.92,
  _id: new ObjectId('6a8ae1a34e390eec88528765')
},{
  material: new ObjectId('6a3e24312f2b2f71f964fd73'),
  percentage: 0.98,
  _id: new ObjectId('6a8ae1a34e390eec88528766')
},{
  material: new ObjectId('6a3e24312f2b2f71f964fd7a'),
  percentage: 0.98,
  _id: new ObjectId('6a8ae1a34e390eec88528767')
},{
  material: new ObjectId('6a3e24312f2b2f71f964fd82'),
  percentage: 0.98,
  _id: new ObjectId('6a8ae1a34e390eec88528768')
},{
  material: new ObjectId('6a3e24312f2b2f71f964fd73'),
  percentage: 1.03,
  _id: new ObjectId('6a8ae1a34e390eec88528769')
},{
  material: new ObjectId('6a3e24312f2b2f71f964fd7a'),
  percentage: 1.03,
  _id: new ObjectId('6a8ae1a34e390eec8852876a')
},{
  material: new ObjectId('6a3e24312f2b2f71f964fd82'),
  percentage: 1.03,
  _id: new ObjectId('6a8ae1a34e390eec8852876b')
},{
  material: new ObjectId('6a3e24312f2b2f71f964fd73'),
  percentage: 1.09,
  _id: new ObjectId('6a8ae1a34e390eec8852876d')
},{
  material: new ObjectId('6a3e24312f2b2f71f964fd7a'),
  percentage: 1.09,
  _id: new ObjectId('6a8ae1a34e390eec8852876e')
},{
  material: new ObjectId('6a3e24312f2b2f71f964fd82'),
  percentage: 1.09,
  _id: new ObjectId('6a8ae1a34e390eec8852876f')
},{
  material: new ObjectId('6a3e242f2f2b2f71f964fd46'),
  percentage: 37.01,
  _id: new ObjectId('6a8ae1a34e390eec8852876c')
}
Pure Seduction Spray,PuSD_SP,spray,100,1650,63.00000000000001,37.01,0,0,true,Light floral fruity fragrance. Perfect for romantic evenings.,light,evening,floral fruity,,{
  material: new ObjectId('6a3e24302f2b2f71f964fd52'),
  percentage: 48.03,
  _id: new ObjectId('6a8ae1a34e390eec8852875f')
},{
  material: new ObjectId('6a3e24312f2b2f71f964fd73'),
  percentage: 0.97,
  _id: new ObjectId('6a8ae1a34e390eec88528760')
},{
  material: new ObjectId('6a3e24312f2b2f71f964fd7a'),
  percentage: 0.97,
  _id: new ObjectId('6a8ae1a34e390eec88528761')
},{
  material: new ObjectId('6a3e24312f2b2f71f964fd82'),
  percentage: 0.97,
  _id: new ObjectId('6a8ae1a34e390eec88528762')
},{
  material: new ObjectId('6a3e24312f2b2f71f964fd73'),
  percentage: 0.92,
  _id: new ObjectId('6a8ae1a34e390eec88528763')
},{
  material: new ObjectId('6a3e24312f2b2f71f964fd7a'),
  percentage: 0.92,
  _id: new ObjectId('6a8ae1a34e390eec88528764')
},{
  material: new ObjectId('6a3e24312f2b2f71f964fd82'),
  percentage: 0.92,
  _id: new ObjectId('6a8ae1a34e390eec88528765')
},{
  material: new ObjectId('6a3e24312f2b2f71f964fd73'),
  percentage: 0.98,
  _id: new ObjectId('6a8ae1a34e390eec88528766')
},{
  material: new ObjectId('6a3e24312f2b2f71f964fd7a'),
  percentage: 0.98,
  _id: new ObjectId('6a8ae1a34e390eec88528767')
},{
  material: new ObjectId('6a3e24312f2b2f71f964fd82'),
  percentage: 0.98,
  _id: new ObjectId('6a8ae1a34e390eec88528768')
},{
  material: new ObjectId('6a3e24312f2b2f71f964fd73'),
  percentage: 1.03,
  _id: new ObjectId('6a8ae1a34e390eec88528769')
},{
  material: new ObjectId('6a3e24312f2b2f71f964fd7a'),
  percentage: 1.03,
  _id: new ObjectId('6a8ae1a34e390eec8852876a')
},{
  material: new ObjectId('6a3e24312f2b2f71f964fd82'),
  percentage: 1.03,
  _id: new ObjectId('6a8ae1a34e390eec8852876b')
},{
  material: new ObjectId('6a3e24312f2b2f71f964fd73'),
  percentage: 1.09,
  _id: new ObjectId('6a8ae1a34e390eec8852876d')
},{
  material: new ObjectId('6a3e24312f2b2f71f964fd7a'),
  percentage: 1.09,
  _id: new ObjectId('6a8ae1a34e390eec8852876e')
},{
  material: new ObjectId('6a3e24312f2b2f71f964fd82'),
  percentage: 1.09,
  _id: new ObjectId('6a8ae1a34e390eec8852876f')
},{
  material: new ObjectId('6a3e242f2f2b2f71f964fd46'),
  percentage: 37.01,
  _id: new ObjectId('6a8ae1a34e390eec8852876c')
}
Red Tobaco,RedTob,roll-on,3.5,150,3.5,0,0,0,true,Strong tobacco spicy sweet fragrance. Bold evening statement.,strong,evening,tobacco spicy sweet,6a3e242f2f2b2f71f964fd3b,
Red Tobaco,RedTob,roll-on,6,250,6,0,0,0,true,Strong tobacco spicy sweet fragrance. Bold evening statement.,strong,evening,tobacco spicy sweet,6a3e242f2f2b2f71f964fd3b,
Red Tobaco,RedTob,roll-on,15,650,15,0,0,0,true,Strong tobacco spicy sweet fragrance. Bold evening statement.,strong,evening,tobacco spicy sweet,6a3e242f2f2b2f71f964fd3b,
Red Tobaco,RedTob,roll-on,30,1250,30,0,0,0,true,Strong tobacco spicy sweet fragrance. Bold evening statement.,strong,evening,tobacco spicy sweet,6a3e242f2f2b2f71f964fd3b,
Red Tobaco Spray,RedTob_SP,spray,6,300,3.78,2.2206,0,0,true,Strong tobacco spicy sweet fragrance. Bold evening statement.,strong,evening,tobacco spicy sweet,,{
  material: new ObjectId('6a3e242f2f2b2f71f964fd3b'),
  percentage: 48.03,
  _id: new ObjectId('6a8ae1a14e390eec88528682')
},{
  material: new ObjectId('6a3e24312f2b2f71f964fd73'),
  percentage: 0.97,
  _id: new ObjectId('6a8ae1a14e390eec88528683')
},{
  material: new ObjectId('6a3e24312f2b2f71f964fd7a'),
  percentage: 0.97,
  _id: new ObjectId('6a8ae1a14e390eec88528684')
},{
  material: new ObjectId('6a3e24312f2b2f71f964fd82'),
  percentage: 0.97,
  _id: new ObjectId('6a8ae1a14e390eec88528685')
},{
  material: new ObjectId('6a3e24312f2b2f71f964fd73'),
  percentage: 0.92,
  _id: new ObjectId('6a8ae1a14e390eec88528686')
},{
  material: new ObjectId('6a3e24312f2b2f71f964fd7a'),
  percentage: 0.92,
  _id: new ObjectId('6a8ae1a14e390eec88528687')
},{
  material: new ObjectId('6a3e24312f2b2f71f964fd82'),
  percentage: 0.92,
  _id: new ObjectId('6a8ae1a14e390eec88528688')
},{
  material: new ObjectId('6a3e24312f2b2f71f964fd73'),
  percentage: 0.98,
  _id: new ObjectId('6a8ae1a14e390eec88528689')
},{
  material: new ObjectId('6a3e24312f2b2f71f964fd7a'),
  percentage: 0.98,
  _id: new ObjectId('6a8ae1a14e390eec8852868a')
},{
  material: new ObjectId('6a3e24312f2b2f71f964fd82'),
  percentage: 0.98,
  _id: new ObjectId('6a8ae1a14e390eec8852868b')
},{
  material: new ObjectId('6a3e24312f2b2f71f964fd73'),
  percentage: 1.03,
  _id: new ObjectId('6a8ae1a14e390eec8852868c')
},{
  material: new ObjectId('6a3e24312f2b2f71f964fd7a'),
  percentage: 1.03,
  _id: new ObjectId('6a8ae1a14e390eec8852868d')
},{
  material: new ObjectId('6a3e24312f2b2f71f964fd82'),
  percentage: 1.03,
  _id: new ObjectId('6a8ae1a14e390eec8852868e')
},{
  material: new ObjectId('6a3e24312f2b2f71f964fd73'),
  percentage: 1.09,
  _id: new ObjectId('6a8ae1a14e390eec88528690')
},{
  material: new ObjectId('6a3e24312f2b2f71f964fd7a'),
  percentage: 1.09,
  _id: new ObjectId('6a8ae1a14e390eec88528691')
},{
  material: new ObjectId('6a3e24312f2b2f71f964fd82'),
  percentage: 1.09,
  _id: new ObjectId('6a8ae1a14e390eec88528692')
},{
  material: new ObjectId('6a3e242f2f2b2f71f964fd46'),
  percentage: 37.01,
  _id: new ObjectId('6a8ae1a14e390eec8852868f')
}
Red Tobaco Spray,RedTob_SP,spray,15,700,9.450000000000006,5.5515,0,0,true,Strong tobacco spicy sweet fragrance. Bold evening statement.,strong,evening,tobacco spicy sweet,,{
  material: new ObjectId('6a3e242f2f2b2f71f964fd3b'),
  percentage: 48.03,
  _id: new ObjectId('6a8ae1a14e390eec88528682')
},{
  material: new ObjectId('6a3e24312f2b2f71f964fd73'),
  percentage: 0.97,
  _id: new ObjectId('6a8ae1a14e390eec88528683')
},{
  material: new ObjectId('6a3e24312f2b2f71f964fd7a'),
  percentage: 0.97,
  _id: new ObjectId('6a8ae1a14e390eec88528684')
},{
  material: new ObjectId('6a3e24312f2b2f71f964fd82'),
  percentage: 0.97,
  _id: new ObjectId('6a8ae1a14e390eec88528685')
},{
  material: new ObjectId('6a3e24312f2b2f71f964fd73'),
  percentage: 0.92,
  _id: new ObjectId('6a8ae1a14e390eec88528686')
},{
  material: new ObjectId('6a3e24312f2b2f71f964fd7a'),
  percentage: 0.92,
  _id: new ObjectId('6a8ae1a14e390eec88528687')
},{
  material: new ObjectId('6a3e24312f2b2f71f964fd82'),
  percentage: 0.92,
  _id: new ObjectId('6a8ae1a14e390eec88528688')
},{
  material: new ObjectId('6a3e24312f2b2f71f964fd73'),
  percentage: 0.98,
  _id: new ObjectId('6a8ae1a14e390eec88528689')
},{
  material: new ObjectId('6a3e24312f2b2f71f964fd7a'),
  percentage: 0.98,
  _id: new ObjectId('6a8ae1a14e390eec8852868a')
},{
  material: new ObjectId('6a3e24312f2b2f71f964fd82'),
  percentage: 0.98,
  _id: new ObjectId('6a8ae1a14e390eec8852868b')
},{
  material: new ObjectId('6a3e24312f2b2f71f964fd73'),
  percentage: 1.03,
  _id: new ObjectId('6a8ae1a14e390eec8852868c')
},{
  material: new ObjectId('6a3e24312f2b2f71f964fd7a'),
  percentage: 1.03,
  _id: new ObjectId('6a8ae1a14e390eec8852868d')
},{
  material: new ObjectId('6a3e24312f2b2f71f964fd82'),
  percentage: 1.03,
  _id: new ObjectId('6a8ae1a14e390eec8852868e')
},{
  material: new ObjectId('6a3e24312f2b2f71f964fd73'),
  percentage: 1.09,
  _id: new ObjectId('6a8ae1a14e390eec88528690')
},{
  material: new ObjectId('6a3e24312f2b2f71f964fd7a'),
  percentage: 1.09,
  _id: new ObjectId('6a8ae1a14e390eec88528691')
},{
  material: new ObjectId('6a3e24312f2b2f71f964fd82'),
  percentage: 1.09,
  _id: new ObjectId('6a8ae1a14e390eec88528692')
},{
  material: new ObjectId('6a3e242f2f2b2f71f964fd46'),
  percentage: 37.01,
  _id: new ObjectId('6a8ae1a14e390eec8852868f')
}
Red Tobaco Spray,RedTob_SP,spray,30,1000,18.900000000000013,11.103,0,0,true,Strong tobacco spicy sweet fragrance. Bold evening statement.,strong,evening,tobacco spicy sweet,,{
  material: new ObjectId('6a3e242f2f2b2f71f964fd3b'),
  percentage: 48.03,
  _id: new ObjectId('6a8ae1a14e390eec88528682')
},{
  material: new ObjectId('6a3e24312f2b2f71f964fd73'),
  percentage: 0.97,
  _id: new ObjectId('6a8ae1a14e390eec88528683')
},{
  material: new ObjectId('6a3e24312f2b2f71f964fd7a'),
  percentage: 0.97,
  _id: new ObjectId('6a8ae1a14e390eec88528684')
},{
  material: new ObjectId('6a3e24312f2b2f71f964fd82'),
  percentage: 0.97,
  _id: new ObjectId('6a8ae1a14e390eec88528685')
},{
  material: new ObjectId('6a3e24312f2b2f71f964fd73'),
  percentage: 0.92,
  _id: new ObjectId('6a8ae1a14e390eec88528686')
},{
  material: new ObjectId('6a3e24312f2b2f71f964fd7a'),
  percentage: 0.92,
  _id: new ObjectId('6a8ae1a14e390eec88528687')
},{
  material: new ObjectId('6a3e24312f2b2f71f964fd82'),
  percentage: 0.92,
  _id: new ObjectId('6a8ae1a14e390eec88528688')
},{
  material: new ObjectId('6a3e24312f2b2f71f964fd73'),
  percentage: 0.98,
  _id: new ObjectId('6a8ae1a14e390eec88528689')
},{
  material: new ObjectId('6a3e24312f2b2f71f964fd7a'),
  percentage: 0.98,
  _id: new ObjectId('6a8ae1a14e390eec8852868a')
},{
  material: new ObjectId('6a3e24312f2b2f71f964fd82'),
  percentage: 0.98,
  _id: new ObjectId('6a8ae1a14e390eec8852868b')
},{
  material: new ObjectId('6a3e24312f2b2f71f964fd73'),
  percentage: 1.03,
  _id: new ObjectId('6a8ae1a14e390eec8852868c')
},{
  material: new ObjectId('6a3e24312f2b2f71f964fd7a'),
  percentage: 1.03,
  _id: new ObjectId('6a8ae1a14e390eec8852868d')
},{
  material: new ObjectId('6a3e24312f2b2f71f964fd82'),
  percentage: 1.03,
  _id: new ObjectId('6a8ae1a14e390eec8852868e')
},{
  material: new ObjectId('6a3e24312f2b2f71f964fd73'),
  percentage: 1.09,
  _id: new ObjectId('6a8ae1a14e390eec88528690')
},{
  material: new ObjectId('6a3e24312f2b2f71f964fd7a'),
  percentage: 1.09,
  _id: new ObjectId('6a8ae1a14e390eec88528691')
},{
  material: new ObjectId('6a3e24312f2b2f71f964fd82'),
  percentage: 1.09,
  _id: new ObjectId('6a8ae1a14e390eec88528692')
},{
  material: new ObjectId('6a3e242f2f2b2f71f964fd46'),
  percentage: 37.01,
  _id: new ObjectId('6a8ae1a14e390eec8852868f')
}
Red Tobaco Spray,RedTob_SP,spray,50,1300,31.500000000000004,18.505,0,0,true,Strong tobacco spicy sweet fragrance. Bold evening statement.,strong,evening,tobacco spicy sweet,,{
  material: new ObjectId('6a3e242f2f2b2f71f964fd3b'),
  percentage: 48.03,
  _id: new ObjectId('6a8ae1a14e390eec88528682')
},{
  material: new ObjectId('6a3e24312f2b2f71f964fd73'),
  percentage: 0.97,
  _id: new ObjectId('6a8ae1a14e390eec88528683')
},{
  material: new ObjectId('6a3e24312f2b2f71f964fd7a'),
  percentage: 0.97,
  _id: new ObjectId('6a8ae1a14e390eec88528684')
},{
  material: new ObjectId('6a3e24312f2b2f71f964fd82'),
  percentage: 0.97,
  _id: new ObjectId('6a8ae1a14e390eec88528685')
},{
  material: new ObjectId('6a3e24312f2b2f71f964fd73'),
  percentage: 0.92,
  _id: new ObjectId('6a8ae1a14e390eec88528686')
},{
  material: new ObjectId('6a3e24312f2b2f71f964fd7a'),
  percentage: 0.92,
  _id: new ObjectId('6a8ae1a14e390eec88528687')
},{
  material: new ObjectId('6a3e24312f2b2f71f964fd82'),
  percentage: 0.92,
  _id: new ObjectId('6a8ae1a14e390eec88528688')
},{
  material: new ObjectId('6a3e24312f2b2f71f964fd73'),
  percentage: 0.98,
  _id: new ObjectId('6a8ae1a14e390eec88528689')
},{
  material: new ObjectId('6a3e24312f2b2f71f964fd7a'),
  percentage: 0.98,
  _id: new ObjectId('6a8ae1a14e390eec8852868a')
},{
  material: new ObjectId('6a3e24312f2b2f71f964fd82'),
  percentage: 0.98,
  _id: new ObjectId('6a8ae1a14e390eec8852868b')
},{
  material: new ObjectId('6a3e24312f2b2f71f964fd73'),
  percentage: 1.03,
  _id: new ObjectId('6a8ae1a14e390eec8852868c')
},{
  material: new ObjectId('6a3e24312f2b2f71f964fd7a'),
  percentage: 1.03,
  _id: new ObjectId('6a8ae1a14e390eec8852868d')
},{
  material: new ObjectId('6a3e24312f2b2f71f964fd82'),
  percentage: 1.03,
  _id: new ObjectId('6a8ae1a14e390eec8852868e')
},{
  material: new ObjectId('6a3e24312f2b2f71f964fd73'),
  percentage: 1.09,
  _id: new ObjectId('6a8ae1a14e390eec88528690')
},{
  material: new ObjectId('6a3e24312f2b2f71f964fd7a'),
  percentage: 1.09,
  _id: new ObjectId('6a8ae1a14e390eec88528691')
},{
  material: new ObjectId('6a3e24312f2b2f71f964fd82'),
  percentage: 1.09,
  _id: new ObjectId('6a8ae1a14e390eec88528692')
},{
  material: new ObjectId('6a3e242f2f2b2f71f964fd46'),
  percentage: 37.01,
  _id: new ObjectId('6a8ae1a14e390eec8852868f')
}
Red Tobaco Spray,RedTob_SP,spray,100,1700,63.00000000000001,37.01,0,0,true,Strong tobacco spicy sweet fragrance. Bold evening statement.,strong,evening,tobacco spicy sweet,,{
  material: new ObjectId('6a3e242f2f2b2f71f964fd3b'),
  percentage: 48.03,
  _id: new ObjectId('6a8ae1a14e390eec88528682')
},{
  material: new ObjectId('6a3e24312f2b2f71f964fd73'),
  percentage: 0.97,
  _id: new ObjectId('6a8ae1a14e390eec88528683')
},{
  material: new ObjectId('6a3e24312f2b2f71f964fd7a'),
  percentage: 0.97,
  _id: new ObjectId('6a8ae1a14e390eec88528684')
},{
  material: new ObjectId('6a3e24312f2b2f71f964fd82'),
  percentage: 0.97,
  _id: new ObjectId('6a8ae1a14e390eec88528685')
},{
  material: new ObjectId('6a3e24312f2b2f71f964fd73'),
  percentage: 0.92,
  _id: new ObjectId('6a8ae1a14e390eec88528686')
},{
  material: new ObjectId('6a3e24312f2b2f71f964fd7a'),
  percentage: 0.92,
  _id: new ObjectId('6a8ae1a14e390eec88528687')
},{
  material: new ObjectId('6a3e24312f2b2f71f964fd82'),
  percentage: 0.92,
  _id: new ObjectId('6a8ae1a14e390eec88528688')
},{
  material: new ObjectId('6a3e24312f2b2f71f964fd73'),
  percentage: 0.98,
  _id: new ObjectId('6a8ae1a14e390eec88528689')
},{
  material: new ObjectId('6a3e24312f2b2f71f964fd7a'),
  percentage: 0.98,
  _id: new ObjectId('6a8ae1a14e390eec8852868a')
},{
  material: new ObjectId('6a3e24312f2b2f71f964fd82'),
  percentage: 0.98,
  _id: new ObjectId('6a8ae1a14e390eec8852868b')
},{
  material: new ObjectId('6a3e24312f2b2f71f964fd73'),
  percentage: 1.03,
  _id: new ObjectId('6a8ae1a14e390eec8852868c')
},{
  material: new ObjectId('6a3e24312f2b2f71f964fd7a'),
  percentage: 1.03,
  _id: new ObjectId('6a8ae1a14e390eec8852868d')
},{
  material: new ObjectId('6a3e24312f2b2f71f964fd82'),
  percentage: 1.03,
  _id: new ObjectId('6a8ae1a14e390eec8852868e')
},{
  material: new ObjectId('6a3e24312f2b2f71f964fd73'),
  percentage: 1.09,
  _id: new ObjectId('6a8ae1a14e390eec88528690')
},{
  material: new ObjectId('6a3e24312f2b2f71f964fd7a'),
  percentage: 1.09,
  _id: new ObjectId('6a8ae1a14e390eec88528691')
},{
  material: new ObjectId('6a3e24312f2b2f71f964fd82'),
  percentage: 1.09,
  _id: new ObjectId('6a8ae1a14e390eec88528692')
},{
  material: new ObjectId('6a3e242f2f2b2f71f964fd46'),
  percentage: 37.01,
  _id: new ObjectId('6a8ae1a14e390eec8852868f')
}
Rose,Rose,roll-on,3.5,150,3.5,0,0,0,true,Classic floral sweet rose fragrance. Timeless for any occasion.,medium,all,floral sweet,6a3e242e2f2b2f71f964fd27,
Rose,Rose,roll-on,6,250,6,0,0,0,true,Classic floral sweet rose fragrance. Timeless for any occasion.,medium,all,floral sweet,6a3e242e2f2b2f71f964fd27,
Rose,Rose,roll-on,15,650,15,0,0,0,true,Classic floral sweet rose fragrance. Timeless for any occasion.,medium,all,floral sweet,6a3e242e2f2b2f71f964fd27,
Rose,Rose,roll-on,30,1250,30,0,0,0,true,Classic floral sweet rose fragrance. Timeless for any occasion.,medium,all,floral sweet,6a3e242e2f2b2f71f964fd27,
Rose Spray,Rose_SP,spray,6,300,3.78,2.2206,0,0,true,Classic floral sweet rose fragrance. Timeless for any occasion.,medium,all,floral sweet,,{
  material: new ObjectId('6a3e242e2f2b2f71f964fd27'),
  percentage: 48.03,
  _id: new ObjectId('6a8ae1a04e390eec885285bc')
},{
  material: new ObjectId('6a3e24312f2b2f71f964fd73'),
  percentage: 0.97,
  _id: new ObjectId('6a8ae1a04e390eec885285bd')
},{
  material: new ObjectId('6a3e24312f2b2f71f964fd7a'),
  percentage: 0.97,
  _id: new ObjectId('6a8ae1a04e390eec885285be')
},{
  material: new ObjectId('6a3e24312f2b2f71f964fd82'),
  percentage: 0.97,
  _id: new ObjectId('6a8ae1a04e390eec885285bf')
},{
  material: new ObjectId('6a3e24312f2b2f71f964fd73'),
  percentage: 0.92,
  _id: new ObjectId('6a8ae1a04e390eec885285c0')
},{
  material: new ObjectId('6a3e24312f2b2f71f964fd7a'),
  percentage: 0.92,
  _id: new ObjectId('6a8ae1a04e390eec885285c1')
},{
  material: new ObjectId('6a3e24312f2b2f71f964fd82'),
  percentage: 0.92,
  _id: new ObjectId('6a8ae1a04e390eec885285c2')
},{
  material: new ObjectId('6a3e24312f2b2f71f964fd73'),
  percentage: 0.98,
  _id: new ObjectId('6a8ae1a04e390eec885285c3')
},{
  material: new ObjectId('6a3e24312f2b2f71f964fd7a'),
  percentage: 0.98,
  _id: new ObjectId('6a8ae1a04e390eec885285c4')
},{
  material: new ObjectId('6a3e24312f2b2f71f964fd82'),
  percentage: 0.98,
  _id: new ObjectId('6a8ae1a04e390eec885285c5')
},{
  material: new ObjectId('6a3e24312f2b2f71f964fd73'),
  percentage: 1.03,
  _id: new ObjectId('6a8ae1a04e390eec885285c6')
},{
  material: new ObjectId('6a3e24312f2b2f71f964fd7a'),
  percentage: 1.03,
  _id: new ObjectId('6a8ae1a04e390eec885285c7')
},{
  material: new ObjectId('6a3e24312f2b2f71f964fd82'),
  percentage: 1.03,
  _id: new ObjectId('6a8ae1a04e390eec885285c8')
},{
  material: new ObjectId('6a3e24312f2b2f71f964fd73'),
  percentage: 1.09,
  _id: new ObjectId('6a8ae1a04e390eec885285ca')
},{
  material: new ObjectId('6a3e24312f2b2f71f964fd7a'),
  percentage: 1.09,
  _id: new ObjectId('6a8ae1a04e390eec885285cb')
},{
  material: new ObjectId('6a3e24312f2b2f71f964fd82'),
  percentage: 1.09,
  _id: new ObjectId('6a8ae1a04e390eec885285cc')
},{
  material: new ObjectId('6a3e242f2f2b2f71f964fd46'),
  percentage: 37.01,
  _id: new ObjectId('6a8ae1a04e390eec885285c9')
}
Rose Spray,Rose_SP,spray,15,700,9.450000000000006,5.5515,0,0,true,Classic floral sweet rose fragrance. Timeless for any occasion.,medium,all,floral sweet,,{
  material: new ObjectId('6a3e242e2f2b2f71f964fd27'),
  percentage: 48.03,
  _id: new ObjectId('6a8ae1a04e390eec885285bc')
},{
  material: new ObjectId('6a3e24312f2b2f71f964fd73'),
  percentage: 0.97,
  _id: new ObjectId('6a8ae1a04e390eec885285bd')
},{
  material: new ObjectId('6a3e24312f2b2f71f964fd7a'),
  percentage: 0.97,
  _id: new ObjectId('6a8ae1a04e390eec885285be')
},{
  material: new ObjectId('6a3e24312f2b2f71f964fd82'),
  percentage: 0.97,
  _id: new ObjectId('6a8ae1a04e390eec885285bf')
},{
  material: new ObjectId('6a3e24312f2b2f71f964fd73'),
  percentage: 0.92,
  _id: new ObjectId('6a8ae1a04e390eec885285c0')
},{
  material: new ObjectId('6a3e24312f2b2f71f964fd7a'),
  percentage: 0.92,
  _id: new ObjectId('6a8ae1a04e390eec885285c1')
},{
  material: new ObjectId('6a3e24312f2b2f71f964fd82'),
  percentage: 0.92,
  _id: new ObjectId('6a8ae1a04e390eec885285c2')
},{
  material: new ObjectId('6a3e24312f2b2f71f964fd73'),
  percentage: 0.98,
  _id: new ObjectId('6a8ae1a04e390eec885285c3')
},{
  material: new ObjectId('6a3e24312f2b2f71f964fd7a'),
  percentage: 0.98,
  _id: new ObjectId('6a8ae1a04e390eec885285c4')
},{
  material: new ObjectId('6a3e24312f2b2f71f964fd82'),
  percentage: 0.98,
  _id: new ObjectId('6a8ae1a04e390eec885285c5')
},{
  material: new ObjectId('6a3e24312f2b2f71f964fd73'),
  percentage: 1.03,
  _id: new ObjectId('6a8ae1a04e390eec885285c6')
},{
  material: new ObjectId('6a3e24312f2b2f71f964fd7a'),
  percentage: 1.03,
  _id: new ObjectId('6a8ae1a04e390eec885285c7')
},{
  material: new ObjectId('6a3e24312f2b2f71f964fd82'),
  percentage: 1.03,
  _id: new ObjectId('6a8ae1a04e390eec885285c8')
},{
  material: new ObjectId('6a3e24312f2b2f71f964fd73'),
  percentage: 1.09,
  _id: new ObjectId('6a8ae1a04e390eec885285ca')
},{
  material: new ObjectId('6a3e24312f2b2f71f964fd7a'),
  percentage: 1.09,
  _id: new ObjectId('6a8ae1a04e390eec885285cb')
},{
  material: new ObjectId('6a3e24312f2b2f71f964fd82'),
  percentage: 1.09,
  _id: new ObjectId('6a8ae1a04e390eec885285cc')
},{
  material: new ObjectId('6a3e242f2f2b2f71f964fd46'),
  percentage: 37.01,
  _id: new ObjectId('6a8ae1a04e390eec885285c9')
}
Rose Spray,Rose_SP,spray,30,1000,18.900000000000013,11.103,0,0,true,Classic floral sweet rose fragrance. Timeless for any occasion.,medium,all,floral sweet,,{
  material: new ObjectId('6a3e242e2f2b2f71f964fd27'),
  percentage: 48.03,
  _id: new ObjectId('6a8ae1a04e390eec885285bc')
},{
  material: new ObjectId('6a3e24312f2b2f71f964fd73'),
  percentage: 0.97,
  _id: new ObjectId('6a8ae1a04e390eec885285bd')
},{
  material: new ObjectId('6a3e24312f2b2f71f964fd7a'),
  percentage: 0.97,
  _id: new ObjectId('6a8ae1a04e390eec885285be')
},{
  material: new ObjectId('6a3e24312f2b2f71f964fd82'),
  percentage: 0.97,
  _id: new ObjectId('6a8ae1a04e390eec885285bf')
},{
  material: new ObjectId('6a3e24312f2b2f71f964fd73'),
  percentage: 0.92,
  _id: new ObjectId('6a8ae1a04e390eec885285c0')
},{
  material: new ObjectId('6a3e24312f2b2f71f964fd7a'),
  percentage: 0.92,
  _id: new ObjectId('6a8ae1a04e390eec885285c1')
},{
  material: new ObjectId('6a3e24312f2b2f71f964fd82'),
  percentage: 0.92,
  _id: new ObjectId('6a8ae1a04e390eec885285c2')
},{
  material: new ObjectId('6a3e24312f2b2f71f964fd73'),
  percentage: 0.98,
  _id: new ObjectId('6a8ae1a04e390eec885285c3')
},{
  material: new ObjectId('6a3e24312f2b2f71f964fd7a'),
  percentage: 0.98,
  _id: new ObjectId('6a8ae1a04e390eec885285c4')
},{
  material: new ObjectId('6a3e24312f2b2f71f964fd82'),
  percentage: 0.98,
  _id: new ObjectId('6a8ae1a04e390eec885285c5')
},{
  material: new ObjectId('6a3e24312f2b2f71f964fd73'),
  percentage: 1.03,
  _id: new ObjectId('6a8ae1a04e390eec885285c6')
},{
  material: new ObjectId('6a3e24312f2b2f71f964fd7a'),
  percentage: 1.03,
  _id: new ObjectId('6a8ae1a04e390eec885285c7')
},{
  material: new ObjectId('6a3e24312f2b2f71f964fd82'),
  percentage: 1.03,
  _id: new ObjectId('6a8ae1a04e390eec885285c8')
},{
  material: new ObjectId('6a3e24312f2b2f71f964fd73'),
  percentage: 1.09,
  _id: new ObjectId('6a8ae1a04e390eec885285ca')
},{
  material: new ObjectId('6a3e24312f2b2f71f964fd7a'),
  percentage: 1.09,
  _id: new ObjectId('6a8ae1a04e390eec885285cb')
},{
  material: new ObjectId('6a3e24312f2b2f71f964fd82'),
  percentage: 1.09,
  _id: new ObjectId('6a8ae1a04e390eec885285cc')
},{
  material: new ObjectId('6a3e242f2f2b2f71f964fd46'),
  percentage: 37.01,
  _id: new ObjectId('6a8ae1a04e390eec885285c9')
}
Rose Spray,Rose_SP,spray,50,1300,31.500000000000004,18.505,0,0,true,Classic floral sweet rose fragrance. Timeless for any occasion.,medium,all,floral sweet,,{
  material: new ObjectId('6a3e242e2f2b2f71f964fd27'),
  percentage: 48.03,
  _id: new ObjectId('6a8ae1a04e390eec885285bc')
},{
  material: new ObjectId('6a3e24312f2b2f71f964fd73'),
  percentage: 0.97,
  _id: new ObjectId('6a8ae1a04e390eec885285bd')
},{
  material: new ObjectId('6a3e24312f2b2f71f964fd7a'),
  percentage: 0.97,
  _id: new ObjectId('6a8ae1a04e390eec885285be')
},{
  material: new ObjectId('6a3e24312f2b2f71f964fd82'),
  percentage: 0.97,
  _id: new ObjectId('6a8ae1a04e390eec885285bf')
},{
  material: new ObjectId('6a3e24312f2b2f71f964fd73'),
  percentage: 0.92,
  _id: new ObjectId('6a8ae1a04e390eec885285c0')
},{
  material: new ObjectId('6a3e24312f2b2f71f964fd7a'),
  percentage: 0.92,
  _id: new ObjectId('6a8ae1a04e390eec885285c1')
},{
  material: new ObjectId('6a3e24312f2b2f71f964fd82'),
  percentage: 0.92,
  _id: new ObjectId('6a8ae1a04e390eec885285c2')
},{
  material: new ObjectId('6a3e24312f2b2f71f964fd73'),
  percentage: 0.98,
  _id: new ObjectId('6a8ae1a04e390eec885285c3')
},{
  material: new ObjectId('6a3e24312f2b2f71f964fd7a'),
  percentage: 0.98,
  _id: new ObjectId('6a8ae1a04e390eec885285c4')
},{
  material: new ObjectId('6a3e24312f2b2f71f964fd82'),
  percentage: 0.98,
  _id: new ObjectId('6a8ae1a04e390eec885285c5')
},{
  material: new ObjectId('6a3e24312f2b2f71f964fd73'),
  percentage: 1.03,
  _id: new ObjectId('6a8ae1a04e390eec885285c6')
},{
  material: new ObjectId('6a3e24312f2b2f71f964fd7a'),
  percentage: 1.03,
  _id: new ObjectId('6a8ae1a04e390eec885285c7')
},{
  material: new ObjectId('6a3e24312f2b2f71f964fd82'),
  percentage: 1.03,
  _id: new ObjectId('6a8ae1a04e390eec885285c8')
},{
  material: new ObjectId('6a3e24312f2b2f71f964fd73'),
  percentage: 1.09,
  _id: new ObjectId('6a8ae1a04e390eec885285ca')
},{
  material: new ObjectId('6a3e24312f2b2f71f964fd7a'),
  percentage: 1.09,
  _id: new ObjectId('6a8ae1a04e390eec885285cb')
},{
  material: new ObjectId('6a3e24312f2b2f71f964fd82'),
  percentage: 1.09,
  _id: new ObjectId('6a8ae1a04e390eec885285cc')
},{
  material: new ObjectId('6a3e242f2f2b2f71f964fd46'),
  percentage: 37.01,
  _id: new ObjectId('6a8ae1a04e390eec885285c9')
}
Rose Spray,Rose_SP,spray,100,1700,63.00000000000001,37.01,0,0,true,Classic floral sweet rose fragrance. Timeless for any occasion.,medium,all,floral sweet,,{
  material: new ObjectId('6a3e242e2f2b2f71f964fd27'),
  percentage: 48.03,
  _id: new ObjectId('6a8ae1a04e390eec885285bc')
},{
  material: new ObjectId('6a3e24312f2b2f71f964fd73'),
  percentage: 0.97,
  _id: new ObjectId('6a8ae1a04e390eec885285bd')
},{
  material: new ObjectId('6a3e24312f2b2f71f964fd7a'),
  percentage: 0.97,
  _id: new ObjectId('6a8ae1a04e390eec885285be')
},{
  material: new ObjectId('6a3e24312f2b2f71f964fd82'),
  percentage: 0.97,
  _id: new ObjectId('6a8ae1a04e390eec885285bf')
},{
  material: new ObjectId('6a3e24312f2b2f71f964fd73'),
  percentage: 0.92,
  _id: new ObjectId('6a8ae1a04e390eec885285c0')
},{
  material: new ObjectId('6a3e24312f2b2f71f964fd7a'),
  percentage: 0.92,
  _id: new ObjectId('6a8ae1a04e390eec885285c1')
},{
  material: new ObjectId('6a3e24312f2b2f71f964fd82'),
  percentage: 0.92,
  _id: new ObjectId('6a8ae1a04e390eec885285c2')
},{
  material: new ObjectId('6a3e24312f2b2f71f964fd73'),
  percentage: 0.98,
  _id: new ObjectId('6a8ae1a04e390eec885285c3')
},{
  material: new ObjectId('6a3e24312f2b2f71f964fd7a'),
  percentage: 0.98,
  _id: new ObjectId('6a8ae1a04e390eec885285c4')
},{
  material: new ObjectId('6a3e24312f2b2f71f964fd82'),
  percentage: 0.98,
  _id: new ObjectId('6a8ae1a04e390eec885285c5')
},{
  material: new ObjectId('6a3e24312f2b2f71f964fd73'),
  percentage: 1.03,
  _id: new ObjectId('6a8ae1a04e390eec885285c6')
},{
  material: new ObjectId('6a3e24312f2b2f71f964fd7a'),
  percentage: 1.03,
  _id: new ObjectId('6a8ae1a04e390eec885285c7')
},{
  material: new ObjectId('6a3e24312f2b2f71f964fd82'),
  percentage: 1.03,
  _id: new ObjectId('6a8ae1a04e390eec885285c8')
},{
  material: new ObjectId('6a3e24312f2b2f71f964fd73'),
  percentage: 1.09,
  _id: new ObjectId('6a8ae1a04e390eec885285ca')
},{
  material: new ObjectId('6a3e24312f2b2f71f964fd7a'),
  percentage: 1.09,
  _id: new ObjectId('6a8ae1a04e390eec885285cb')
},{
  material: new ObjectId('6a3e24312f2b2f71f964fd82'),
  percentage: 1.09,
  _id: new ObjectId('6a8ae1a04e390eec885285cc')
},{
  material: new ObjectId('6a3e242f2f2b2f71f964fd46'),
  percentage: 37.01,
  _id: new ObjectId('6a8ae1a04e390eec885285c9')
}
SRK,SR2,roll-on,3.5,112,3.5,0,0,0,true,SRK – a roll‑on fragrance with distinctive notes.,medium,all,premium,aromatic,6a3e24312f2b2f71f964fd71,
SRK,SR2,roll-on,6,192,6,0,0,0,true,SRK – a roll‑on fragrance with distinctive notes.,medium,all,premium,aromatic,6a3e24312f2b2f71f964fd71,
SRK,SR2,roll-on,15,480,15,0,0,0,true,SRK – a roll‑on fragrance with distinctive notes.,medium,all,premium,aromatic,6a3e24312f2b2f71f964fd71,
SRK,SR2,roll-on,30,960,30,0,0,0,true,SRK – a roll‑on fragrance with distinctive notes.,medium,all,premium,aromatic,6a3e24312f2b2f71f964fd71,
SRK,SR,roll-on,3.5,220,3.5,0,0,0,true,Medium oriental woody fragrance. Elegant evening scent.,medium,evening,oriental woody,6a3e24312f2b2f71f964fd69,
SRK,SR,roll-on,6,400,6,0,0,0,true,Medium oriental woody fragrance. Elegant evening scent.,medium,evening,oriental woody,6a3e24312f2b2f71f964fd69,
SRK,SR,roll-on,15,780,15,0,0,0,true,Medium oriental woody fragrance. Elegant evening scent.,medium,evening,oriental woody,6a3e24312f2b2f71f964fd69,
SRK,SR,roll-on,30,1550,30,0,0,0,true,Medium oriental woody fragrance. Elegant evening scent.,medium,evening,oriental woody,6a3e24312f2b2f71f964fd69,
SRK Spray,SR2_SP,spray,6,240,3.7799999999999994,2.2206,0,0,true,SRK Spray – a spray fragrance with distinctive notes.,medium,all,premium,aromatic,,{
  material: new ObjectId('6a3e24302f2b2f71f964fd58'),
  percentage: 32.43,
  _id: new ObjectId('6a8ae1a54e390eec88528899')
},{
  material: new ObjectId('6a3e24302f2b2f71f964fd5c'),
  percentage: 15.6,
  _id: new ObjectId('6a8ae1a54e390eec8852889a')
},{
  material: new ObjectId('6a3e24312f2b2f71f964fd73'),
  percentage: 0.97,
  _id: new ObjectId('6a8ae1a54e390eec8852889b')
},{
  material: new ObjectId('6a3e24312f2b2f71f964fd7a'),
  percentage: 0.97,
  _id: new ObjectId('6a8ae1a54e390eec8852889c')
},{
  material: new ObjectId('6a3e24312f2b2f71f964fd82'),
  percentage: 0.97,
  _id: new ObjectId('6a8ae1a54e390eec8852889d')
},{
  material: new ObjectId('6a3e24312f2b2f71f964fd73'),
  percentage: 0.92,
  _id: new ObjectId('6a8ae1a54e390eec8852889e')
},{
  material: new ObjectId('6a3e24312f2b2f71f964fd7a'),
  percentage: 0.92,
  _id: new ObjectId('6a8ae1a54e390eec8852889f')
},{
  material: new ObjectId('6a3e24312f2b2f71f964fd82'),
  percentage: 0.92,
  _id: new ObjectId('6a8ae1a54e390eec885288a0')
},{
  material: new ObjectId('6a3e24312f2b2f71f964fd73'),
  percentage: 0.98,
  _id: new ObjectId('6a8ae1a54e390eec885288a1')
},{
  material: new ObjectId('6a3e24312f2b2f71f964fd7a'),
  percentage: 0.98,
  _id: new ObjectId('6a8ae1a54e390eec885288a2')
},{
  material: new ObjectId('6a3e24312f2b2f71f964fd82'),
  percentage: 0.98,
  _id: new ObjectId('6a8ae1a54e390eec885288a3')
},{
  material: new ObjectId('6a3e24312f2b2f71f964fd73'),
  percentage: 1.03,
  _id: new ObjectId('6a8ae1a54e390eec885288a4')
},{
  material: new ObjectId('6a3e24312f2b2f71f964fd7a'),
  percentage: 1.03,
  _id: new ObjectId('6a8ae1a54e390eec885288a5')
},{
  material: new ObjectId('6a3e24312f2b2f71f964fd82'),
  percentage: 1.03,
  _id: new ObjectId('6a8ae1a54e390eec885288a6')
},{
  material: new ObjectId('6a3e24312f2b2f71f964fd73'),
  percentage: 1.09,
  _id: new ObjectId('6a8ae1a54e390eec885288a8')
},{
  material: new ObjectId('6a3e24312f2b2f71f964fd7a'),
  percentage: 1.09,
  _id: new ObjectId('6a8ae1a54e390eec885288a9')
},{
  material: new ObjectId('6a3e24312f2b2f71f964fd82'),
  percentage: 1.09,
  _id: new ObjectId('6a8ae1a54e390eec885288aa')
},{
  material: new ObjectId('6a3e242f2f2b2f71f964fd46'),
  percentage: 37.01,
  _id: new ObjectId('6a8ae1a54e390eec885288a7')
}
SRK Spray,SR2_SP,spray,15,600,9.450000000000005,5.5515,0,0,true,SRK Spray – a spray fragrance with distinctive notes.,medium,all,premium,aromatic,,{
  material: new ObjectId('6a3e24302f2b2f71f964fd58'),
  percentage: 32.43,
  _id: new ObjectId('6a8ae1a54e390eec88528899')
},{
  material: new ObjectId('6a3e24302f2b2f71f964fd5c'),
  percentage: 15.6,
  _id: new ObjectId('6a8ae1a54e390eec8852889a')
},{
  material: new ObjectId('6a3e24312f2b2f71f964fd73'),
  percentage: 0.97,
  _id: new ObjectId('6a8ae1a54e390eec8852889b')
},{
  material: new ObjectId('6a3e24312f2b2f71f964fd7a'),
  percentage: 0.97,
  _id: new ObjectId('6a8ae1a54e390eec8852889c')
},{
  material: new ObjectId('6a3e24312f2b2f71f964fd82'),
  percentage: 0.97,
  _id: new ObjectId('6a8ae1a54e390eec8852889d')
},{
  material: new ObjectId('6a3e24312f2b2f71f964fd73'),
  percentage: 0.92,
  _id: new ObjectId('6a8ae1a54e390eec8852889e')
},{
  material: new ObjectId('6a3e24312f2b2f71f964fd7a'),
  percentage: 0.92,
  _id: new ObjectId('6a8ae1a54e390eec8852889f')
},{
  material: new ObjectId('6a3e24312f2b2f71f964fd82'),
  percentage: 0.92,
  _id: new ObjectId('6a8ae1a54e390eec885288a0')
},{
  material: new ObjectId('6a3e24312f2b2f71f964fd73'),
  percentage: 0.98,
  _id: new ObjectId('6a8ae1a54e390eec885288a1')
},{
  material: new ObjectId('6a3e24312f2b2f71f964fd7a'),
  percentage: 0.98,
  _id: new ObjectId('6a8ae1a54e390eec885288a2')
},{
  material: new ObjectId('6a3e24312f2b2f71f964fd82'),
  percentage: 0.98,
  _id: new ObjectId('6a8ae1a54e390eec885288a3')
},{
  material: new ObjectId('6a3e24312f2b2f71f964fd73'),
  percentage: 1.03,
  _id: new ObjectId('6a8ae1a54e390eec885288a4')
},{
  material: new ObjectId('6a3e24312f2b2f71f964fd7a'),
  percentage: 1.03,
  _id: new ObjectId('6a8ae1a54e390eec885288a5')
},{
  material: new ObjectId('6a3e24312f2b2f71f964fd82'),
  percentage: 1.03,
  _id: new ObjectId('6a8ae1a54e390eec885288a6')
},{
  material: new ObjectId('6a3e24312f2b2f71f964fd73'),
  percentage: 1.09,
  _id: new ObjectId('6a8ae1a54e390eec885288a8')
},{
  material: new ObjectId('6a3e24312f2b2f71f964fd7a'),
  percentage: 1.09,
  _id: new ObjectId('6a8ae1a54e390eec885288a9')
},{
  material: new ObjectId('6a3e24312f2b2f71f964fd82'),
  percentage: 1.09,
  _id: new ObjectId('6a8ae1a54e390eec885288aa')
},{
  material: new ObjectId('6a3e242f2f2b2f71f964fd46'),
  percentage: 37.01,
  _id: new ObjectId('6a8ae1a54e390eec885288a7')
}
SRK Spray,SR2_SP,spray,30,1200,18.90000000000001,11.103,0,0,true,SRK Spray – a spray fragrance with distinctive notes.,medium,all,premium,aromatic,,{
  material: new ObjectId('6a3e24302f2b2f71f964fd58'),
  percentage: 32.43,
  _id: new ObjectId('6a8ae1a54e390eec88528899')
},{
  material: new ObjectId('6a3e24302f2b2f71f964fd5c'),
  percentage: 15.6,
  _id: new ObjectId('6a8ae1a54e390eec8852889a')
},{
  material: new ObjectId('6a3e24312f2b2f71f964fd73'),
  percentage: 0.97,
  _id: new ObjectId('6a8ae1a54e390eec8852889b')
},{
  material: new ObjectId('6a3e24312f2b2f71f964fd7a'),
  percentage: 0.97,
  _id: new ObjectId('6a8ae1a54e390eec8852889c')
},{
  material: new ObjectId('6a3e24312f2b2f71f964fd82'),
  percentage: 0.97,
  _id: new ObjectId('6a8ae1a54e390eec8852889d')
},{
  material: new ObjectId('6a3e24312f2b2f71f964fd73'),
  percentage: 0.92,
  _id: new ObjectId('6a8ae1a54e390eec8852889e')
},{
  material: new ObjectId('6a3e24312f2b2f71f964fd7a'),
  percentage: 0.92,
  _id: new ObjectId('6a8ae1a54e390eec8852889f')
},{
  material: new ObjectId('6a3e24312f2b2f71f964fd82'),
  percentage: 0.92,
  _id: new ObjectId('6a8ae1a54e390eec885288a0')
},{
  material: new ObjectId('6a3e24312f2b2f71f964fd73'),
  percentage: 0.98,
  _id: new ObjectId('6a8ae1a54e390eec885288a1')
},{
  material: new ObjectId('6a3e24312f2b2f71f964fd7a'),
  percentage: 0.98,
  _id: new ObjectId('6a8ae1a54e390eec885288a2')
},{
  material: new ObjectId('6a3e24312f2b2f71f964fd82'),
  percentage: 0.98,
  _id: new ObjectId('6a8ae1a54e390eec885288a3')
},{
  material: new ObjectId('6a3e24312f2b2f71f964fd73'),
  percentage: 1.03,
  _id: new ObjectId('6a8ae1a54e390eec885288a4')
},{
  material: new ObjectId('6a3e24312f2b2f71f964fd7a'),
  percentage: 1.03,
  _id: new ObjectId('6a8ae1a54e390eec885288a5')
},{
  material: new ObjectId('6a3e24312f2b2f71f964fd82'),
  percentage: 1.03,
  _id: new ObjectId('6a8ae1a54e390eec885288a6')
},{
  material: new ObjectId('6a3e24312f2b2f71f964fd73'),
  percentage: 1.09,
  _id: new ObjectId('6a8ae1a54e390eec885288a8')
},{
  material: new ObjectId('6a3e24312f2b2f71f964fd7a'),
  percentage: 1.09,
  _id: new ObjectId('6a8ae1a54e390eec885288a9')
},{
  material: new ObjectId('6a3e24312f2b2f71f964fd82'),
  percentage: 1.09,
  _id: new ObjectId('6a8ae1a54e390eec885288aa')
},{
  material: new ObjectId('6a3e242f2f2b2f71f964fd46'),
  percentage: 37.01,
  _id: new ObjectId('6a8ae1a54e390eec885288a7')
}
SRK Spray,SR2_SP,spray,50,2000,31.500000000000004,18.505,0,0,true,SRK Spray – a spray fragrance with distinctive notes.,medium,all,premium,aromatic,,{
  material: new ObjectId('6a3e24302f2b2f71f964fd58'),
  percentage: 32.43,
  _id: new ObjectId('6a8ae1a54e390eec88528899')
},{
  material: new ObjectId('6a3e24302f2b2f71f964fd5c'),
  percentage: 15.6,
  _id: new ObjectId('6a8ae1a54e390eec8852889a')
},{
  material: new ObjectId('6a3e24312f2b2f71f964fd73'),
  percentage: 0.97,
  _id: new ObjectId('6a8ae1a54e390eec8852889b')
},{
  material: new ObjectId('6a3e24312f2b2f71f964fd7a'),
  percentage: 0.97,
  _id: new ObjectId('6a8ae1a54e390eec8852889c')
},{
  material: new ObjectId('6a3e24312f2b2f71f964fd82'),
  percentage: 0.97,
  _id: new ObjectId('6a8ae1a54e390eec8852889d')
},{
  material: new ObjectId('6a3e24312f2b2f71f964fd73'),
  percentage: 0.92,
  _id: new ObjectId('6a8ae1a54e390eec8852889e')
},{
  material: new ObjectId('6a3e24312f2b2f71f964fd7a'),
  percentage: 0.92,
  _id: new ObjectId('6a8ae1a54e390eec8852889f')
},{
  material: new ObjectId('6a3e24312f2b2f71f964fd82'),
  percentage: 0.92,
  _id: new ObjectId('6a8ae1a54e390eec885288a0')
},{
  material: new ObjectId('6a3e24312f2b2f71f964fd73'),
  percentage: 0.98,
  _id: new ObjectId('6a8ae1a54e390eec885288a1')
},{
  material: new ObjectId('6a3e24312f2b2f71f964fd7a'),
  percentage: 0.98,
  _id: new ObjectId('6a8ae1a54e390eec885288a2')
},{
  material: new ObjectId('6a3e24312f2b2f71f964fd82'),
  percentage: 0.98,
  _id: new ObjectId('6a8ae1a54e390eec885288a3')
},{
  material: new ObjectId('6a3e24312f2b2f71f964fd73'),
  percentage: 1.03,
  _id: new ObjectId('6a8ae1a54e390eec885288a4')
},{
  material: new ObjectId('6a3e24312f2b2f71f964fd7a'),
  percentage: 1.03,
  _id: new ObjectId('6a8ae1a54e390eec885288a5')
},{
  material: new ObjectId('6a3e24312f2b2f71f964fd82'),
  percentage: 1.03,
  _id: new ObjectId('6a8ae1a54e390eec885288a6')
},{
  material: new ObjectId('6a3e24312f2b2f71f964fd73'),
  percentage: 1.09,
  _id: new ObjectId('6a8ae1a54e390eec885288a8')
},{
  material: new ObjectId('6a3e24312f2b2f71f964fd7a'),
  percentage: 1.09,
  _id: new ObjectId('6a8ae1a54e390eec885288a9')
},{
  material: new ObjectId('6a3e24312f2b2f71f964fd82'),
  percentage: 1.09,
  _id: new ObjectId('6a8ae1a54e390eec885288aa')
},{
  material: new ObjectId('6a3e242f2f2b2f71f964fd46'),
  percentage: 37.01,
  _id: new ObjectId('6a8ae1a54e390eec885288a7')
}
SRK Spray,SR2_SP,spray,100,4000,63.00000000000001,37.01,0,0,true,SRK Spray – a spray fragrance with distinctive notes.,medium,all,premium,aromatic,,{
  material: new ObjectId('6a3e24302f2b2f71f964fd58'),
  percentage: 32.43,
  _id: new ObjectId('6a8ae1a54e390eec88528899')
},{
  material: new ObjectId('6a3e24302f2b2f71f964fd5c'),
  percentage: 15.6,
  _id: new ObjectId('6a8ae1a54e390eec8852889a')
},{
  material: new ObjectId('6a3e24312f2b2f71f964fd73'),
  percentage: 0.97,
  _id: new ObjectId('6a8ae1a54e390eec8852889b')
},{
  material: new ObjectId('6a3e24312f2b2f71f964fd7a'),
  percentage: 0.97,
  _id: new ObjectId('6a8ae1a54e390eec8852889c')
},{
  material: new ObjectId('6a3e24312f2b2f71f964fd82'),
  percentage: 0.97,
  _id: new ObjectId('6a8ae1a54e390eec8852889d')
},{
  material: new ObjectId('6a3e24312f2b2f71f964fd73'),
  percentage: 0.92,
  _id: new ObjectId('6a8ae1a54e390eec8852889e')
},{
  material: new ObjectId('6a3e24312f2b2f71f964fd7a'),
  percentage: 0.92,
  _id: new ObjectId('6a8ae1a54e390eec8852889f')
},{
  material: new ObjectId('6a3e24312f2b2f71f964fd82'),
  percentage: 0.92,
  _id: new ObjectId('6a8ae1a54e390eec885288a0')
},{
  material: new ObjectId('6a3e24312f2b2f71f964fd73'),
  percentage: 0.98,
  _id: new ObjectId('6a8ae1a54e390eec885288a1')
},{
  material: new ObjectId('6a3e24312f2b2f71f964fd7a'),
  percentage: 0.98,
  _id: new ObjectId('6a8ae1a54e390eec885288a2')
},{
  material: new ObjectId('6a3e24312f2b2f71f964fd82'),
  percentage: 0.98,
  _id: new ObjectId('6a8ae1a54e390eec885288a3')
},{
  material: new ObjectId('6a3e24312f2b2f71f964fd73'),
  percentage: 1.03,
  _id: new ObjectId('6a8ae1a54e390eec885288a4')
},{
  material: new ObjectId('6a3e24312f2b2f71f964fd7a'),
  percentage: 1.03,
  _id: new ObjectId('6a8ae1a54e390eec885288a5')
},{
  material: new ObjectId('6a3e24312f2b2f71f964fd82'),
  percentage: 1.03,
  _id: new ObjectId('6a8ae1a54e390eec885288a6')
},{
  material: new ObjectId('6a3e24312f2b2f71f964fd73'),
  percentage: 1.09,
  _id: new ObjectId('6a8ae1a54e390eec885288a8')
},{
  material: new ObjectId('6a3e24312f2b2f71f964fd7a'),
  percentage: 1.09,
  _id: new ObjectId('6a8ae1a54e390eec885288a9')
},{
  material: new ObjectId('6a3e24312f2b2f71f964fd82'),
  percentage: 1.09,
  _id: new ObjectId('6a8ae1a54e390eec885288aa')
},{
  material: new ObjectId('6a3e242f2f2b2f71f964fd46'),
  percentage: 37.01,
  _id: new ObjectId('6a8ae1a54e390eec885288a7')
}
SRK Spray,SR_SP,spray,6,380,3.7805999999999997,2.2206,0,0,true,Medium oriental woody fragrance. Elegant evening scent.,medium,evening,oriental woody,,{
  material: new ObjectId('6a3e24302f2b2f71f964fd58'),
  percentage: 24.02,
  _id: new ObjectId('6a8ae1a44e390eec88528829')
},{
  material: new ObjectId('6a3e24302f2b2f71f964fd5c'),
  percentage: 24.02,
  _id: new ObjectId('6a8ae1a44e390eec8852882a')
},{
  material: new ObjectId('6a3e24312f2b2f71f964fd73'),
  percentage: 0.97,
  _id: new ObjectId('6a8ae1a44e390eec8852882b')
},{
  material: new ObjectId('6a3e24312f2b2f71f964fd7a'),
  percentage: 0.97,
  _id: new ObjectId('6a8ae1a44e390eec8852882c')
},{
  material: new ObjectId('6a3e24312f2b2f71f964fd82'),
  percentage: 0.97,
  _id: new ObjectId('6a8ae1a44e390eec8852882d')
},{
  material: new ObjectId('6a3e24312f2b2f71f964fd73'),
  percentage: 0.92,
  _id: new ObjectId('6a8ae1a44e390eec8852882e')
},{
  material: new ObjectId('6a3e24312f2b2f71f964fd7a'),
  percentage: 0.92,
  _id: new ObjectId('6a8ae1a44e390eec8852882f')
},{
  material: new ObjectId('6a3e24312f2b2f71f964fd82'),
  percentage: 0.92,
  _id: new ObjectId('6a8ae1a44e390eec88528830')
},{
  material: new ObjectId('6a3e24312f2b2f71f964fd73'),
  percentage: 0.98,
  _id: new ObjectId('6a8ae1a44e390eec88528831')
},{
  material: new ObjectId('6a3e24312f2b2f71f964fd7a'),
  percentage: 0.98,
  _id: new ObjectId('6a8ae1a44e390eec88528832')
},{
  material: new ObjectId('6a3e24312f2b2f71f964fd82'),
  percentage: 0.98,
  _id: new ObjectId('6a8ae1a44e390eec88528833')
},{
  material: new ObjectId('6a3e24312f2b2f71f964fd73'),
  percentage: 1.03,
  _id: new ObjectId('6a8ae1a44e390eec88528834')
},{
  material: new ObjectId('6a3e24312f2b2f71f964fd7a'),
  percentage: 1.03,
  _id: new ObjectId('6a8ae1a44e390eec88528835')
},{
  material: new ObjectId('6a3e24312f2b2f71f964fd82'),
  percentage: 1.03,
  _id: new ObjectId('6a8ae1a44e390eec88528836')
},{
  material: new ObjectId('6a3e24312f2b2f71f964fd73'),
  percentage: 1.09,
  _id: new ObjectId('6a8ae1a44e390eec88528838')
},{
  material: new ObjectId('6a3e24312f2b2f71f964fd7a'),
  percentage: 1.09,
  _id: new ObjectId('6a8ae1a44e390eec88528839')
},{
  material: new ObjectId('6a3e24312f2b2f71f964fd82'),
  percentage: 1.09,
  _id: new ObjectId('6a8ae1a44e390eec8852883a')
},{
  material: new ObjectId('6a3e242f2f2b2f71f964fd46'),
  percentage: 37.01,
  _id: new ObjectId('6a8ae1a44e390eec88528837')
}
SRK Spray,SR_SP,spray,15,900,9.451500000000006,5.5515,0,0,true,Medium oriental woody fragrance. Elegant evening scent.,medium,evening,oriental woody,,{
  material: new ObjectId('6a3e24302f2b2f71f964fd58'),
  percentage: 24.02,
  _id: new ObjectId('6a8ae1a44e390eec88528829')
},{
  material: new ObjectId('6a3e24302f2b2f71f964fd5c'),
  percentage: 24.02,
  _id: new ObjectId('6a8ae1a44e390eec8852882a')
},{
  material: new ObjectId('6a3e24312f2b2f71f964fd73'),
  percentage: 0.97,
  _id: new ObjectId('6a8ae1a44e390eec8852882b')
},{
  material: new ObjectId('6a3e24312f2b2f71f964fd7a'),
  percentage: 0.97,
  _id: new ObjectId('6a8ae1a44e390eec8852882c')
},{
  material: new ObjectId('6a3e24312f2b2f71f964fd82'),
  percentage: 0.97,
  _id: new ObjectId('6a8ae1a44e390eec8852882d')
},{
  material: new ObjectId('6a3e24312f2b2f71f964fd73'),
  percentage: 0.92,
  _id: new ObjectId('6a8ae1a44e390eec8852882e')
},{
  material: new ObjectId('6a3e24312f2b2f71f964fd7a'),
  percentage: 0.92,
  _id: new ObjectId('6a8ae1a44e390eec8852882f')
},{
  material: new ObjectId('6a3e24312f2b2f71f964fd82'),
  percentage: 0.92,
  _id: new ObjectId('6a8ae1a44e390eec88528830')
},{
  material: new ObjectId('6a3e24312f2b2f71f964fd73'),
  percentage: 0.98,
  _id: new ObjectId('6a8ae1a44e390eec88528831')
},{
  material: new ObjectId('6a3e24312f2b2f71f964fd7a'),
  percentage: 0.98,
  _id: new ObjectId('6a8ae1a44e390eec88528832')
},{
  material: new ObjectId('6a3e24312f2b2f71f964fd82'),
  percentage: 0.98,
  _id: new ObjectId('6a8ae1a44e390eec88528833')
},{
  material: new ObjectId('6a3e24312f2b2f71f964fd73'),
  percentage: 1.03,
  _id: new ObjectId('6a8ae1a44e390eec88528834')
},{
  material: new ObjectId('6a3e24312f2b2f71f964fd7a'),
  percentage: 1.03,
  _id: new ObjectId('6a8ae1a44e390eec88528835')
},{
  material: new ObjectId('6a3e24312f2b2f71f964fd82'),
  percentage: 1.03,
  _id: new ObjectId('6a8ae1a44e390eec88528836')
},{
  material: new ObjectId('6a3e24312f2b2f71f964fd73'),
  percentage: 1.09,
  _id: new ObjectId('6a8ae1a44e390eec88528838')
},{
  material: new ObjectId('6a3e24312f2b2f71f964fd7a'),
  percentage: 1.09,
  _id: new ObjectId('6a8ae1a44e390eec88528839')
},{
  material: new ObjectId('6a3e24312f2b2f71f964fd82'),
  percentage: 1.09,
  _id: new ObjectId('6a8ae1a44e390eec8852883a')
},{
  material: new ObjectId('6a3e242f2f2b2f71f964fd46'),
  percentage: 37.01,
  _id: new ObjectId('6a8ae1a44e390eec88528837')
}
SRK Spray,SR_SP,spray,30,1600,18.903000000000013,11.103,0,0,true,Medium oriental woody fragrance. Elegant evening scent.,medium,evening,oriental woody,,{
  material: new ObjectId('6a3e24302f2b2f71f964fd58'),
  percentage: 24.02,
  _id: new ObjectId('6a8ae1a44e390eec88528829')
},{
  material: new ObjectId('6a3e24302f2b2f71f964fd5c'),
  percentage: 24.02,
  _id: new ObjectId('6a8ae1a44e390eec8852882a')
},{
  material: new ObjectId('6a3e24312f2b2f71f964fd73'),
  percentage: 0.97,
  _id: new ObjectId('6a8ae1a44e390eec8852882b')
},{
  material: new ObjectId('6a3e24312f2b2f71f964fd7a'),
  percentage: 0.97,
  _id: new ObjectId('6a8ae1a44e390eec8852882c')
},{
  material: new ObjectId('6a3e24312f2b2f71f964fd82'),
  percentage: 0.97,
  _id: new ObjectId('6a8ae1a44e390eec8852882d')
},{
  material: new ObjectId('6a3e24312f2b2f71f964fd73'),
  percentage: 0.92,
  _id: new ObjectId('6a8ae1a44e390eec8852882e')
},{
  material: new ObjectId('6a3e24312f2b2f71f964fd7a'),
  percentage: 0.92,
  _id: new ObjectId('6a8ae1a44e390eec8852882f')
},{
  material: new ObjectId('6a3e24312f2b2f71f964fd82'),
  percentage: 0.92,
  _id: new ObjectId('6a8ae1a44e390eec88528830')
},{
  material: new ObjectId('6a3e24312f2b2f71f964fd73'),
  percentage: 0.98,
  _id: new ObjectId('6a8ae1a44e390eec88528831')
},{
  material: new ObjectId('6a3e24312f2b2f71f964fd7a'),
  percentage: 0.98,
  _id: new ObjectId('6a8ae1a44e390eec88528832')
},{
  material: new ObjectId('6a3e24312f2b2f71f964fd82'),
  percentage: 0.98,
  _id: new ObjectId('6a8ae1a44e390eec88528833')
},{
  material: new ObjectId('6a3e24312f2b2f71f964fd73'),
  percentage: 1.03,
  _id: new ObjectId('6a8ae1a44e390eec88528834')
},{
  material: new ObjectId('6a3e24312f2b2f71f964fd7a'),
  percentage: 1.03,
  _id: new ObjectId('6a8ae1a44e390eec88528835')
},{
  material: new ObjectId('6a3e24312f2b2f71f964fd82'),
  percentage: 1.03,
  _id: new ObjectId('6a8ae1a44e390eec88528836')
},{
  material: new ObjectId('6a3e24312f2b2f71f964fd73'),
  percentage: 1.09,
  _id: new ObjectId('6a8ae1a44e390eec88528838')
},{
  material: new ObjectId('6a3e24312f2b2f71f964fd7a'),
  percentage: 1.09,
  _id: new ObjectId('6a8ae1a44e390eec88528839')
},{
  material: new ObjectId('6a3e24312f2b2f71f964fd82'),
  percentage: 1.09,
  _id: new ObjectId('6a8ae1a44e390eec8852883a')
},{
  material: new ObjectId('6a3e242f2f2b2f71f964fd46'),
  percentage: 37.01,
  _id: new ObjectId('6a8ae1a44e390eec88528837')
}
SRK Spray,SR_SP,spray,50,1900,31.505000000000003,18.505,0,0,true,Medium oriental woody fragrance. Elegant evening scent.,medium,evening,oriental woody,,{
  material: new ObjectId('6a3e24302f2b2f71f964fd58'),
  percentage: 24.02,
  _id: new ObjectId('6a8ae1a44e390eec88528829')
},{
  material: new ObjectId('6a3e24302f2b2f71f964fd5c'),
  percentage: 24.02,
  _id: new ObjectId('6a8ae1a44e390eec8852882a')
},{
  material: new ObjectId('6a3e24312f2b2f71f964fd73'),
  percentage: 0.97,
  _id: new ObjectId('6a8ae1a44e390eec8852882b')
},{
  material: new ObjectId('6a3e24312f2b2f71f964fd7a'),
  percentage: 0.97,
  _id: new ObjectId('6a8ae1a44e390eec8852882c')
},{
  material: new ObjectId('6a3e24312f2b2f71f964fd82'),
  percentage: 0.97,
  _id: new ObjectId('6a8ae1a44e390eec8852882d')
},{
  material: new ObjectId('6a3e24312f2b2f71f964fd73'),
  percentage: 0.92,
  _id: new ObjectId('6a8ae1a44e390eec8852882e')
},{
  material: new ObjectId('6a3e24312f2b2f71f964fd7a'),
  percentage: 0.92,
  _id: new ObjectId('6a8ae1a44e390eec8852882f')
},{
  material: new ObjectId('6a3e24312f2b2f71f964fd82'),
  percentage: 0.92,
  _id: new ObjectId('6a8ae1a44e390eec88528830')
},{
  material: new ObjectId('6a3e24312f2b2f71f964fd73'),
  percentage: 0.98,
  _id: new ObjectId('6a8ae1a44e390eec88528831')
},{
  material: new ObjectId('6a3e24312f2b2f71f964fd7a'),
  percentage: 0.98,
  _id: new ObjectId('6a8ae1a44e390eec88528832')
},{
  material: new ObjectId('6a3e24312f2b2f71f964fd82'),
  percentage: 0.98,
  _id: new ObjectId('6a8ae1a44e390eec88528833')
},{
  material: new ObjectId('6a3e24312f2b2f71f964fd73'),
  percentage: 1.03,
  _id: new ObjectId('6a8ae1a44e390eec88528834')
},{
  material: new ObjectId('6a3e24312f2b2f71f964fd7a'),
  percentage: 1.03,
  _id: new ObjectId('6a8ae1a44e390eec88528835')
},{
  material: new ObjectId('6a3e24312f2b2f71f964fd82'),
  percentage: 1.03,
  _id: new ObjectId('6a8ae1a44e390eec88528836')
},{
  material: new ObjectId('6a3e24312f2b2f71f964fd73'),
  percentage: 1.09,
  _id: new ObjectId('6a8ae1a44e390eec88528838')
},{
  material: new ObjectId('6a3e24312f2b2f71f964fd7a'),
  percentage: 1.09,
  _id: new ObjectId('6a8ae1a44e390eec88528839')
},{
  material: new ObjectId('6a3e24312f2b2f71f964fd82'),
  percentage: 1.09,
  _id: new ObjectId('6a8ae1a44e390eec8852883a')
},{
  material: new ObjectId('6a3e242f2f2b2f71f964fd46'),
  percentage: 37.01,
  _id: new ObjectId('6a8ae1a44e390eec88528837')
}
SRK Spray,SR_SP,spray,100,2800,63.010000000000005,37.01,0,0,true,Medium oriental woody fragrance. Elegant evening scent.,medium,evening,oriental woody,,{
  material: new ObjectId('6a3e24302f2b2f71f964fd58'),
  percentage: 24.02,
  _id: new ObjectId('6a8ae1a44e390eec88528829')
},{
  material: new ObjectId('6a3e24302f2b2f71f964fd5c'),
  percentage: 24.02,
  _id: new ObjectId('6a8ae1a44e390eec8852882a')
},{
  material: new ObjectId('6a3e24312f2b2f71f964fd73'),
  percentage: 0.97,
  _id: new ObjectId('6a8ae1a44e390eec8852882b')
},{
  material: new ObjectId('6a3e24312f2b2f71f964fd7a'),
  percentage: 0.97,
  _id: new ObjectId('6a8ae1a44e390eec8852882c')
},{
  material: new ObjectId('6a3e24312f2b2f71f964fd82'),
  percentage: 0.97,
  _id: new ObjectId('6a8ae1a44e390eec8852882d')
},{
  material: new ObjectId('6a3e24312f2b2f71f964fd73'),
  percentage: 0.92,
  _id: new ObjectId('6a8ae1a44e390eec8852882e')
},{
  material: new ObjectId('6a3e24312f2b2f71f964fd7a'),
  percentage: 0.92,
  _id: new ObjectId('6a8ae1a44e390eec8852882f')
},{
  material: new ObjectId('6a3e24312f2b2f71f964fd82'),
  percentage: 0.92,
  _id: new ObjectId('6a8ae1a44e390eec88528830')
},{
  material: new ObjectId('6a3e24312f2b2f71f964fd73'),
  percentage: 0.98,
  _id: new ObjectId('6a8ae1a44e390eec88528831')
},{
  material: new ObjectId('6a3e24312f2b2f71f964fd7a'),
  percentage: 0.98,
  _id: new ObjectId('6a8ae1a44e390eec88528832')
},{
  material: new ObjectId('6a3e24312f2b2f71f964fd82'),
  percentage: 0.98,
  _id: new ObjectId('6a8ae1a44e390eec88528833')
},{
  material: new ObjectId('6a3e24312f2b2f71f964fd73'),
  percentage: 1.03,
  _id: new ObjectId('6a8ae1a44e390eec88528834')
},{
  material: new ObjectId('6a3e24312f2b2f71f964fd7a'),
  percentage: 1.03,
  _id: new ObjectId('6a8ae1a44e390eec88528835')
},{
  material: new ObjectId('6a3e24312f2b2f71f964fd82'),
  percentage: 1.03,
  _id: new ObjectId('6a8ae1a44e390eec88528836')
},{
  material: new ObjectId('6a3e24312f2b2f71f964fd73'),
  percentage: 1.09,
  _id: new ObjectId('6a8ae1a44e390eec88528838')
},{
  material: new ObjectId('6a3e24312f2b2f71f964fd7a'),
  percentage: 1.09,
  _id: new ObjectId('6a8ae1a44e390eec88528839')
},{
  material: new ObjectId('6a3e24312f2b2f71f964fd82'),
  percentage: 1.09,
  _id: new ObjectId('6a8ae1a44e390eec8852883a')
},{
  material: new ObjectId('6a3e242f2f2b2f71f964fd46'),
  percentage: 37.01,
  _id: new ObjectId('6a8ae1a44e390eec88528837')
}
Sultan (al-haramain),SUL,roll-on,3.5,220,3.5,0,0,155.67169697333333,true,"Top Notes: Strawberry and pineapple.
Heart/Middle Notes: Peach, raspberry, ylang-ylang, fresh floral notes, and musk.
Base Notes: Vanilla, amber, sandalwood, patchouli, cinnamon, rose, jasmine, and lavender.",medium,daytime,vanilla,sweet,oud,6a77744021fc6555b5eab13d,
Sultan (al-haramain),SUL,roll-on,15,800,15,0,0,360,true,"Top Notes: Strawberry and pineapple.
Heart/Middle Notes: Peach, raspberry, ylang-ylang, fresh floral notes, and musk.
Base Notes: Vanilla, amber, sandalwood, patchouli, cinnamon, rose, jasmine, and lavender.",medium,daytime,vanilla,sweet,oud,6a77744021fc6555b5eab13d,
Sultan (al-haramain),SUL,roll-on,6,380,6,0,0,212.15315315027027,true,"Top Notes: Strawberry and pineapple.
Heart/Middle Notes: Peach, raspberry, ylang-ylang, fresh floral notes, and musk.
Base Notes: Vanilla, amber, sandalwood, patchouli, cinnamon, rose, jasmine, and lavender.",medium,daytime,vanilla,sweet,oud,6a77744021fc6555b5eab13d,
Sultan (al-haramain),SUL,roll-on,30,1500,30,0,0,565,true,"Top Notes: Strawberry and pineapple.
Heart/Middle Notes: Peach, raspberry, ylang-ylang, fresh floral notes, and musk.
Base Notes: Vanilla, amber, sandalwood, patchouli, cinnamon, rose, jasmine, and lavender.",medium,daytime,vanilla,sweet,oud,6a77744021fc6555b5eab13d,
TubeRose,TubRos,roll-on,3.5,150,3.5,0,0,0,true,Floral creamy sweet fragrance. Perfect for romantic evenings.,medium,evening,floral creamy sweet,6a3e242e2f2b2f71f964fd25,
TubeRose,TubRos,roll-on,6,250,6,0,0,0,true,Floral creamy sweet fragrance. Perfect for romantic evenings.,medium,evening,floral creamy sweet,6a3e242e2f2b2f71f964fd25,
TubeRose,TubRos,roll-on,15,650,15,0,0,0,true,Floral creamy sweet fragrance. Perfect for romantic evenings.,medium,evening,floral creamy sweet,6a3e242e2f2b2f71f964fd25,
TubeRose,TubRos,roll-on,30,1250,30,0,0,0,true,Floral creamy sweet fragrance. Perfect for romantic evenings.,medium,evening,floral creamy sweet,6a3e242e2f2b2f71f964fd25,
TubeRose Spray,TubRos_SP,spray,6,300,3.78,2.2206,0,0,true,Floral creamy sweet fragrance. Perfect for romantic evenings.,medium,evening,floral creamy sweet,,{
  material: new ObjectId('6a3e242e2f2b2f71f964fd25'),
  percentage: 48.03,
  _id: new ObjectId('6a8ae1a04e390eec885285a5')
},{
  material: new ObjectId('6a3e24312f2b2f71f964fd73'),
  percentage: 0.97,
  _id: new ObjectId('6a8ae1a04e390eec885285a6')
},{
  material: new ObjectId('6a3e24312f2b2f71f964fd7a'),
  percentage: 0.97,
  _id: new ObjectId('6a8ae1a04e390eec885285a7')
},{
  material: new ObjectId('6a3e24312f2b2f71f964fd82'),
  percentage: 0.97,
  _id: new ObjectId('6a8ae1a04e390eec885285a8')
},{
  material: new ObjectId('6a3e24312f2b2f71f964fd73'),
  percentage: 0.92,
  _id: new ObjectId('6a8ae1a04e390eec885285a9')
},{
  material: new ObjectId('6a3e24312f2b2f71f964fd7a'),
  percentage: 0.92,
  _id: new ObjectId('6a8ae1a04e390eec885285aa')
},{
  material: new ObjectId('6a3e24312f2b2f71f964fd82'),
  percentage: 0.92,
  _id: new ObjectId('6a8ae1a04e390eec885285ab')
},{
  material: new ObjectId('6a3e24312f2b2f71f964fd73'),
  percentage: 0.98,
  _id: new ObjectId('6a8ae1a04e390eec885285ac')
},{
  material: new ObjectId('6a3e24312f2b2f71f964fd7a'),
  percentage: 0.98,
  _id: new ObjectId('6a8ae1a04e390eec885285ad')
},{
  material: new ObjectId('6a3e24312f2b2f71f964fd82'),
  percentage: 0.98,
  _id: new ObjectId('6a8ae1a04e390eec885285ae')
},{
  material: new ObjectId('6a3e24312f2b2f71f964fd73'),
  percentage: 1.03,
  _id: new ObjectId('6a8ae1a04e390eec885285af')
},{
  material: new ObjectId('6a3e24312f2b2f71f964fd7a'),
  percentage: 1.03,
  _id: new ObjectId('6a8ae1a04e390eec885285b0')
},{
  material: new ObjectId('6a3e24312f2b2f71f964fd82'),
  percentage: 1.03,
  _id: new ObjectId('6a8ae1a04e390eec885285b1')
},{
  material: new ObjectId('6a3e24312f2b2f71f964fd73'),
  percentage: 1.09,
  _id: new ObjectId('6a8ae1a04e390eec885285b3')
},{
  material: new ObjectId('6a3e24312f2b2f71f964fd7a'),
  percentage: 1.09,
  _id: new ObjectId('6a8ae1a04e390eec885285b4')
},{
  material: new ObjectId('6a3e24312f2b2f71f964fd82'),
  percentage: 1.09,
  _id: new ObjectId('6a8ae1a04e390eec885285b5')
},{
  material: new ObjectId('6a3e242f2f2b2f71f964fd46'),
  percentage: 37.01,
  _id: new ObjectId('6a8ae1a04e390eec885285b2')
}
TubeRose Spray,TubRos_SP,spray,15,700,9.450000000000006,5.5515,0,0,true,Floral creamy sweet fragrance. Perfect for romantic evenings.,medium,evening,floral creamy sweet,,{
  material: new ObjectId('6a3e242e2f2b2f71f964fd25'),
  percentage: 48.03,
  _id: new ObjectId('6a8ae1a04e390eec885285a5')
},{
  material: new ObjectId('6a3e24312f2b2f71f964fd73'),
  percentage: 0.97,
  _id: new ObjectId('6a8ae1a04e390eec885285a6')
},{
  material: new ObjectId('6a3e24312f2b2f71f964fd7a'),
  percentage: 0.97,
  _id: new ObjectId('6a8ae1a04e390eec885285a7')
},{
  material: new ObjectId('6a3e24312f2b2f71f964fd82'),
  percentage: 0.97,
  _id: new ObjectId('6a8ae1a04e390eec885285a8')
},{
  material: new ObjectId('6a3e24312f2b2f71f964fd73'),
  percentage: 0.92,
  _id: new ObjectId('6a8ae1a04e390eec885285a9')
},{
  material: new ObjectId('6a3e24312f2b2f71f964fd7a'),
  percentage: 0.92,
  _id: new ObjectId('6a8ae1a04e390eec885285aa')
},{
  material: new ObjectId('6a3e24312f2b2f71f964fd82'),
  percentage: 0.92,
  _id: new ObjectId('6a8ae1a04e390eec885285ab')
},{
  material: new ObjectId('6a3e24312f2b2f71f964fd73'),
  percentage: 0.98,
  _id: new ObjectId('6a8ae1a04e390eec885285ac')
},{
  material: new ObjectId('6a3e24312f2b2f71f964fd7a'),
  percentage: 0.98,
  _id: new ObjectId('6a8ae1a04e390eec885285ad')
},{
  material: new ObjectId('6a3e24312f2b2f71f964fd82'),
  percentage: 0.98,
  _id: new ObjectId('6a8ae1a04e390eec885285ae')
},{
  material: new ObjectId('6a3e24312f2b2f71f964fd73'),
  percentage: 1.03,
  _id: new ObjectId('6a8ae1a04e390eec885285af')
},{
  material: new ObjectId('6a3e24312f2b2f71f964fd7a'),
  percentage: 1.03,
  _id: new ObjectId('6a8ae1a04e390eec885285b0')
},{
  material: new ObjectId('6a3e24312f2b2f71f964fd82'),
  percentage: 1.03,
  _id: new ObjectId('6a8ae1a04e390eec885285b1')
},{
  material: new ObjectId('6a3e24312f2b2f71f964fd73'),
  percentage: 1.09,
  _id: new ObjectId('6a8ae1a04e390eec885285b3')
},{
  material: new ObjectId('6a3e24312f2b2f71f964fd7a'),
  percentage: 1.09,
  _id: new ObjectId('6a8ae1a04e390eec885285b4')
},{
  material: new ObjectId('6a3e24312f2b2f71f964fd82'),
  percentage: 1.09,
  _id: new ObjectId('6a8ae1a04e390eec885285b5')
},{
  material: new ObjectId('6a3e242f2f2b2f71f964fd46'),
  percentage: 37.01,
  _id: new ObjectId('6a8ae1a04e390eec885285b2')
}
TubeRose Spray,TubRos_SP,spray,30,1000,18.900000000000013,11.103,0,0,true,Floral creamy sweet fragrance. Perfect for romantic evenings.,medium,evening,floral creamy sweet,,{
  material: new ObjectId('6a3e242e2f2b2f71f964fd25'),
  percentage: 48.03,
  _id: new ObjectId('6a8ae1a04e390eec885285a5')
},{
  material: new ObjectId('6a3e24312f2b2f71f964fd73'),
  percentage: 0.97,
  _id: new ObjectId('6a8ae1a04e390eec885285a6')
},{
  material: new ObjectId('6a3e24312f2b2f71f964fd7a'),
  percentage: 0.97,
  _id: new ObjectId('6a8ae1a04e390eec885285a7')
},{
  material: new ObjectId('6a3e24312f2b2f71f964fd82'),
  percentage: 0.97,
  _id: new ObjectId('6a8ae1a04e390eec885285a8')
},{
  material: new ObjectId('6a3e24312f2b2f71f964fd73'),
  percentage: 0.92,
  _id: new ObjectId('6a8ae1a04e390eec885285a9')
},{
  material: new ObjectId('6a3e24312f2b2f71f964fd7a'),
  percentage: 0.92,
  _id: new ObjectId('6a8ae1a04e390eec885285aa')
},{
  material: new ObjectId('6a3e24312f2b2f71f964fd82'),
  percentage: 0.92,
  _id: new ObjectId('6a8ae1a04e390eec885285ab')
},{
  material: new ObjectId('6a3e24312f2b2f71f964fd73'),
  percentage: 0.98,
  _id: new ObjectId('6a8ae1a04e390eec885285ac')
},{
  material: new ObjectId('6a3e24312f2b2f71f964fd7a'),
  percentage: 0.98,
  _id: new ObjectId('6a8ae1a04e390eec885285ad')
},{
  material: new ObjectId('6a3e24312f2b2f71f964fd82'),
  percentage: 0.98,
  _id: new ObjectId('6a8ae1a04e390eec885285ae')
},{
  material: new ObjectId('6a3e24312f2b2f71f964fd73'),
  percentage: 1.03,
  _id: new ObjectId('6a8ae1a04e390eec885285af')
},{
  material: new ObjectId('6a3e24312f2b2f71f964fd7a'),
  percentage: 1.03,
  _id: new ObjectId('6a8ae1a04e390eec885285b0')
},{
  material: new ObjectId('6a3e24312f2b2f71f964fd82'),
  percentage: 1.03,
  _id: new ObjectId('6a8ae1a04e390eec885285b1')
},{
  material: new ObjectId('6a3e24312f2b2f71f964fd73'),
  percentage: 1.09,
  _id: new ObjectId('6a8ae1a04e390eec885285b3')
},{
  material: new ObjectId('6a3e24312f2b2f71f964fd7a'),
  percentage: 1.09,
  _id: new ObjectId('6a8ae1a04e390eec885285b4')
},{
  material: new ObjectId('6a3e24312f2b2f71f964fd82'),
  percentage: 1.09,
  _id: new ObjectId('6a8ae1a04e390eec885285b5')
},{
  material: new ObjectId('6a3e242f2f2b2f71f964fd46'),
  percentage: 37.01,
  _id: new ObjectId('6a8ae1a04e390eec885285b2')
}
TubeRose Spray,TubRos_SP,spray,50,1300,31.500000000000004,18.505,0,0,true,Floral creamy sweet fragrance. Perfect for romantic evenings.,medium,evening,floral creamy sweet,,{
  material: new ObjectId('6a3e242e2f2b2f71f964fd25'),
  percentage: 48.03,
  _id: new ObjectId('6a8ae1a04e390eec885285a5')
},{
  material: new ObjectId('6a3e24312f2b2f71f964fd73'),
  percentage: 0.97,
  _id: new ObjectId('6a8ae1a04e390eec885285a6')
},{
  material: new ObjectId('6a3e24312f2b2f71f964fd7a'),
  percentage: 0.97,
  _id: new ObjectId('6a8ae1a04e390eec885285a7')
},{
  material: new ObjectId('6a3e24312f2b2f71f964fd82'),
  percentage: 0.97,
  _id: new ObjectId('6a8ae1a04e390eec885285a8')
},{
  material: new ObjectId('6a3e24312f2b2f71f964fd73'),
  percentage: 0.92,
  _id: new ObjectId('6a8ae1a04e390eec885285a9')
},{
  material: new ObjectId('6a3e24312f2b2f71f964fd7a'),
  percentage: 0.92,
  _id: new ObjectId('6a8ae1a04e390eec885285aa')
},{
  material: new ObjectId('6a3e24312f2b2f71f964fd82'),
  percentage: 0.92,
  _id: new ObjectId('6a8ae1a04e390eec885285ab')
},{
  material: new ObjectId('6a3e24312f2b2f71f964fd73'),
  percentage: 0.98,
  _id: new ObjectId('6a8ae1a04e390eec885285ac')
},{
  material: new ObjectId('6a3e24312f2b2f71f964fd7a'),
  percentage: 0.98,
  _id: new ObjectId('6a8ae1a04e390eec885285ad')
},{
  material: new ObjectId('6a3e24312f2b2f71f964fd82'),
  percentage: 0.98,
  _id: new ObjectId('6a8ae1a04e390eec885285ae')
},{
  material: new ObjectId('6a3e24312f2b2f71f964fd73'),
  percentage: 1.03,
  _id: new ObjectId('6a8ae1a04e390eec885285af')
},{
  material: new ObjectId('6a3e24312f2b2f71f964fd7a'),
  percentage: 1.03,
  _id: new ObjectId('6a8ae1a04e390eec885285b0')
},{
  material: new ObjectId('6a3e24312f2b2f71f964fd82'),
  percentage: 1.03,
  _id: new ObjectId('6a8ae1a04e390eec885285b1')
},{
  material: new ObjectId('6a3e24312f2b2f71f964fd73'),
  percentage: 1.09,
  _id: new ObjectId('6a8ae1a04e390eec885285b3')
},{
  material: new ObjectId('6a3e24312f2b2f71f964fd7a'),
  percentage: 1.09,
  _id: new ObjectId('6a8ae1a04e390eec885285b4')
},{
  material: new ObjectId('6a3e24312f2b2f71f964fd82'),
  percentage: 1.09,
  _id: new ObjectId('6a8ae1a04e390eec885285b5')
},{
  material: new ObjectId('6a3e242f2f2b2f71f964fd46'),
  percentage: 37.01,
  _id: new ObjectId('6a8ae1a04e390eec885285b2')
}
TubeRose Spray,TubRos_SP,spray,100,1700,63.00000000000001,37.01,0,0,true,Floral creamy sweet fragrance. Perfect for romantic evenings.,medium,evening,floral creamy sweet,,{
  material: new ObjectId('6a3e242e2f2b2f71f964fd25'),
  percentage: 48.03,
  _id: new ObjectId('6a8ae1a04e390eec885285a5')
},{
  material: new ObjectId('6a3e24312f2b2f71f964fd73'),
  percentage: 0.97,
  _id: new ObjectId('6a8ae1a04e390eec885285a6')
},{
  material: new ObjectId('6a3e24312f2b2f71f964fd7a'),
  percentage: 0.97,
  _id: new ObjectId('6a8ae1a04e390eec885285a7')
},{
  material: new ObjectId('6a3e24312f2b2f71f964fd82'),
  percentage: 0.97,
  _id: new ObjectId('6a8ae1a04e390eec885285a8')
},{
  material: new ObjectId('6a3e24312f2b2f71f964fd73'),
  percentage: 0.92,
  _id: new ObjectId('6a8ae1a04e390eec885285a9')
},{
  material: new ObjectId('6a3e24312f2b2f71f964fd7a'),
  percentage: 0.92,
  _id: new ObjectId('6a8ae1a04e390eec885285aa')
},{
  material: new ObjectId('6a3e24312f2b2f71f964fd82'),
  percentage: 0.92,
  _id: new ObjectId('6a8ae1a04e390eec885285ab')
},{
  material: new ObjectId('6a3e24312f2b2f71f964fd73'),
  percentage: 0.98,
  _id: new ObjectId('6a8ae1a04e390eec885285ac')
},{
  material: new ObjectId('6a3e24312f2b2f71f964fd7a'),
  percentage: 0.98,
  _id: new ObjectId('6a8ae1a04e390eec885285ad')
},{
  material: new ObjectId('6a3e24312f2b2f71f964fd82'),
  percentage: 0.98,
  _id: new ObjectId('6a8ae1a04e390eec885285ae')
},{
  material: new ObjectId('6a3e24312f2b2f71f964fd73'),
  percentage: 1.03,
  _id: new ObjectId('6a8ae1a04e390eec885285af')
},{
  material: new ObjectId('6a3e24312f2b2f71f964fd7a'),
  percentage: 1.03,
  _id: new ObjectId('6a8ae1a04e390eec885285b0')
},{
  material: new ObjectId('6a3e24312f2b2f71f964fd82'),
  percentage: 1.03,
  _id: new ObjectId('6a8ae1a04e390eec885285b1')
},{
  material: new ObjectId('6a3e24312f2b2f71f964fd73'),
  percentage: 1.09,
  _id: new ObjectId('6a8ae1a04e390eec885285b3')
},{
  material: new ObjectId('6a3e24312f2b2f71f964fd7a'),
  percentage: 1.09,
  _id: new ObjectId('6a8ae1a04e390eec885285b4')
},{
  material: new ObjectId('6a3e24312f2b2f71f964fd82'),
  percentage: 1.09,
  _id: new ObjectId('6a8ae1a04e390eec885285b5')
},{
  material: new ObjectId('6a3e242f2f2b2f71f964fd46'),
  percentage: 37.01,
  _id: new ObjectId('6a8ae1a04e390eec885285b2')
}
Ultra male,UltMal,roll-on,3.5,150,3.5,0,0,140.31315789473683,true,"Spicy, sweet, and woody aromatic blend. Strong and captivating for evening wear.",strong,evening,spicy sweet woody,6a3e242d2f2b2f71f964fd13,
Ultra male,UltMal,roll-on,6,250,6,0,0,186.53684210526316,true,"Spicy, sweet, and woody aromatic blend. Strong and captivating for evening wear.",strong,evening,spicy sweet woody,6a3e242d2f2b2f71f964fd13,
Ultra male,UltMal,roll-on,15,650,15,0,0,258.8421052631579,true,"Spicy, sweet, and woody aromatic blend. Strong and captivating for evening wear.",strong,evening,spicy sweet woody,6a3e242d2f2b2f71f964fd13,
Ultra male,UltMal,roll-on,30,1250,30,0,0,432.6842105263158,true,"Spicy, sweet, and woody aromatic blend. Strong and captivating for evening wear.",strong,evening,spicy sweet woody,6a3e242d2f2b2f71f964fd13,
Ultra male Spray,UltMal_SP,spray,6,300,3.78,2.2206,0,159.35357894736842,true,"Spicy, sweet, and woody aromatic blend. Strong and captivating for evening wear.",strong,evening,spicy sweet woody,,{
  material: new ObjectId('6a3e242d2f2b2f71f964fd13'),
  percentage: 48.03,
  _id: new ObjectId('6a8ae19f4e390eec8852850a')
},{
  material: new ObjectId('6a3e24312f2b2f71f964fd73'),
  percentage: 0.97,
  _id: new ObjectId('6a8ae19f4e390eec8852850b')
},{
  material: new ObjectId('6a3e24312f2b2f71f964fd7a'),
  percentage: 0.97,
  _id: new ObjectId('6a8ae19f4e390eec8852850c')
},{
  material: new ObjectId('6a3e24312f2b2f71f964fd82'),
  percentage: 0.97,
  _id: new ObjectId('6a8ae19f4e390eec8852850d')
},{
  material: new ObjectId('6a3e24312f2b2f71f964fd73'),
  percentage: 0.92,
  _id: new ObjectId('6a8ae19f4e390eec8852850e')
},{
  material: new ObjectId('6a3e24312f2b2f71f964fd7a'),
  percentage: 0.92,
  _id: new ObjectId('6a8ae19f4e390eec8852850f')
},{
  material: new ObjectId('6a3e24312f2b2f71f964fd82'),
  percentage: 0.92,
  _id: new ObjectId('6a8ae19f4e390eec88528510')
},{
  material: new ObjectId('6a3e24312f2b2f71f964fd73'),
  percentage: 0.98,
  _id: new ObjectId('6a8ae19f4e390eec88528511')
},{
  material: new ObjectId('6a3e24312f2b2f71f964fd7a'),
  percentage: 0.98,
  _id: new ObjectId('6a8ae19f4e390eec88528512')
},{
  material: new ObjectId('6a3e24312f2b2f71f964fd82'),
  percentage: 0.98,
  _id: new ObjectId('6a8ae19f4e390eec88528513')
},{
  material: new ObjectId('6a3e24312f2b2f71f964fd73'),
  percentage: 1.03,
  _id: new ObjectId('6a8ae19f4e390eec88528514')
},{
  material: new ObjectId('6a3e24312f2b2f71f964fd7a'),
  percentage: 1.03,
  _id: new ObjectId('6a8ae19f4e390eec88528515')
},{
  material: new ObjectId('6a3e24312f2b2f71f964fd82'),
  percentage: 1.03,
  _id: new ObjectId('6a8ae19f4e390eec88528516')
},{
  material: new ObjectId('6a3e24312f2b2f71f964fd73'),
  percentage: 1.09,
  _id: new ObjectId('6a8ae19f4e390eec88528518')
},{
  material: new ObjectId('6a3e24312f2b2f71f964fd7a'),
  percentage: 1.09,
  _id: new ObjectId('6a8ae19f4e390eec88528519')
},{
  material: new ObjectId('6a3e24312f2b2f71f964fd82'),
  percentage: 1.09,
  _id: new ObjectId('6a8ae19f4e390eec8852851a')
},{
  material: new ObjectId('6a3e242f2f2b2f71f964fd46'),
  percentage: 37.01,
  _id: new ObjectId('6a8ae19f4e390eec88528517')
}
Ultra male Spray,UltMal_SP,spray,15,700,9.450000000000006,5.5515,0,225.88394736842105,true,"Spicy, sweet, and woody aromatic blend. Strong and captivating for evening wear.",strong,evening,spicy sweet woody,,{
  material: new ObjectId('6a3e242d2f2b2f71f964fd13'),
  percentage: 48.03,
  _id: new ObjectId('6a8ae19f4e390eec8852850a')
},{
  material: new ObjectId('6a3e24312f2b2f71f964fd73'),
  percentage: 0.97,
  _id: new ObjectId('6a8ae19f4e390eec8852850b')
},{
  material: new ObjectId('6a3e24312f2b2f71f964fd7a'),
  percentage: 0.97,
  _id: new ObjectId('6a8ae19f4e390eec8852850c')
},{
  material: new ObjectId('6a3e24312f2b2f71f964fd82'),
  percentage: 0.97,
  _id: new ObjectId('6a8ae19f4e390eec8852850d')
},{
  material: new ObjectId('6a3e24312f2b2f71f964fd73'),
  percentage: 0.92,
  _id: new ObjectId('6a8ae19f4e390eec8852850e')
},{
  material: new ObjectId('6a3e24312f2b2f71f964fd7a'),
  percentage: 0.92,
  _id: new ObjectId('6a8ae19f4e390eec8852850f')
},{
  material: new ObjectId('6a3e24312f2b2f71f964fd82'),
  percentage: 0.92,
  _id: new ObjectId('6a8ae19f4e390eec88528510')
},{
  material: new ObjectId('6a3e24312f2b2f71f964fd73'),
  percentage: 0.98,
  _id: new ObjectId('6a8ae19f4e390eec88528511')
},{
  material: new ObjectId('6a3e24312f2b2f71f964fd7a'),
  percentage: 0.98,
  _id: new ObjectId('6a8ae19f4e390eec88528512')
},{
  material: new ObjectId('6a3e24312f2b2f71f964fd82'),
  percentage: 0.98,
  _id: new ObjectId('6a8ae19f4e390eec88528513')
},{
  material: new ObjectId('6a3e24312f2b2f71f964fd73'),
  percentage: 1.03,
  _id: new ObjectId('6a8ae19f4e390eec88528514')
},{
  material: new ObjectId('6a3e24312f2b2f71f964fd7a'),
  percentage: 1.03,
  _id: new ObjectId('6a8ae19f4e390eec88528515')
},{
  material: new ObjectId('6a3e24312f2b2f71f964fd82'),
  percentage: 1.03,
  _id: new ObjectId('6a8ae19f4e390eec88528516')
},{
  material: new ObjectId('6a3e24312f2b2f71f964fd73'),
  percentage: 1.09,
  _id: new ObjectId('6a8ae19f4e390eec88528518')
},{
  material: new ObjectId('6a3e24312f2b2f71f964fd7a'),
  percentage: 1.09,
  _id: new ObjectId('6a8ae19f4e390eec88528519')
},{
  material: new ObjectId('6a3e24312f2b2f71f964fd82'),
  percentage: 1.09,
  _id: new ObjectId('6a8ae19f4e390eec8852851a')
},{
  material: new ObjectId('6a3e242f2f2b2f71f964fd46'),
  percentage: 37.01,
  _id: new ObjectId('6a8ae19f4e390eec88528517')
}
Ultra male Spray,UltMal_SP,spray,30,1000,18.900000000000013,11.103,0,396.7678947368421,true,"Spicy, sweet, and woody aromatic blend. Strong and captivating for evening wear.",strong,evening,spicy sweet woody,,{
  material: new ObjectId('6a3e242d2f2b2f71f964fd13'),
  percentage: 48.03,
  _id: new ObjectId('6a8ae19f4e390eec8852850a')
},{
  material: new ObjectId('6a3e24312f2b2f71f964fd73'),
  percentage: 0.97,
  _id: new ObjectId('6a8ae19f4e390eec8852850b')
},{
  material: new ObjectId('6a3e24312f2b2f71f964fd7a'),
  percentage: 0.97,
  _id: new ObjectId('6a8ae19f4e390eec8852850c')
},{
  material: new ObjectId('6a3e24312f2b2f71f964fd82'),
  percentage: 0.97,
  _id: new ObjectId('6a8ae19f4e390eec8852850d')
},{
  material: new ObjectId('6a3e24312f2b2f71f964fd73'),
  percentage: 0.92,
  _id: new ObjectId('6a8ae19f4e390eec8852850e')
},{
  material: new ObjectId('6a3e24312f2b2f71f964fd7a'),
  percentage: 0.92,
  _id: new ObjectId('6a8ae19f4e390eec8852850f')
},{
  material: new ObjectId('6a3e24312f2b2f71f964fd82'),
  percentage: 0.92,
  _id: new ObjectId('6a8ae19f4e390eec88528510')
},{
  material: new ObjectId('6a3e24312f2b2f71f964fd73'),
  percentage: 0.98,
  _id: new ObjectId('6a8ae19f4e390eec88528511')
},{
  material: new ObjectId('6a3e24312f2b2f71f964fd7a'),
  percentage: 0.98,
  _id: new ObjectId('6a8ae19f4e390eec88528512')
},{
  material: new ObjectId('6a3e24312f2b2f71f964fd82'),
  percentage: 0.98,
  _id: new ObjectId('6a8ae19f4e390eec88528513')
},{
  material: new ObjectId('6a3e24312f2b2f71f964fd73'),
  percentage: 1.03,
  _id: new ObjectId('6a8ae19f4e390eec88528514')
},{
  material: new ObjectId('6a3e24312f2b2f71f964fd7a'),
  percentage: 1.03,
  _id: new ObjectId('6a8ae19f4e390eec88528515')
},{
  material: new ObjectId('6a3e24312f2b2f71f964fd82'),
  percentage: 1.03,
  _id: new ObjectId('6a8ae19f4e390eec88528516')
},{
  material: new ObjectId('6a3e24312f2b2f71f964fd73'),
  percentage: 1.09,
  _id: new ObjectId('6a8ae19f4e390eec88528518')
},{
  material: new ObjectId('6a3e24312f2b2f71f964fd7a'),
  percentage: 1.09,
  _id: new ObjectId('6a8ae19f4e390eec88528519')
},{
  material: new ObjectId('6a3e24312f2b2f71f964fd82'),
  percentage: 1.09,
  _id: new ObjectId('6a8ae19f4e390eec8852851a')
},{
  material: new ObjectId('6a3e242f2f2b2f71f964fd46'),
  percentage: 37.01,
  _id: new ObjectId('6a8ae19f4e390eec88528517')
}
Ultra male Spray,UltMal_SP,spray,50,1300,31.500000000000004,18.505,0,544.6131578947368,true,"Spicy, sweet, and woody aromatic blend. Strong and captivating for evening wear.",strong,evening,spicy sweet woody,,{
  material: new ObjectId('6a3e242d2f2b2f71f964fd13'),
  percentage: 48.03,
  _id: new ObjectId('6a8ae19f4e390eec8852850a')
},{
  material: new ObjectId('6a3e24312f2b2f71f964fd73'),
  percentage: 0.97,
  _id: new ObjectId('6a8ae19f4e390eec8852850b')
},{
  material: new ObjectId('6a3e24312f2b2f71f964fd7a'),
  percentage: 0.97,
  _id: new ObjectId('6a8ae19f4e390eec8852850c')
},{
  material: new ObjectId('6a3e24312f2b2f71f964fd82'),
  percentage: 0.97,
  _id: new ObjectId('6a8ae19f4e390eec8852850d')
},{
  material: new ObjectId('6a3e24312f2b2f71f964fd73'),
  percentage: 0.92,
  _id: new ObjectId('6a8ae19f4e390eec8852850e')
},{
  material: new ObjectId('6a3e24312f2b2f71f964fd7a'),
  percentage: 0.92,
  _id: new ObjectId('6a8ae19f4e390eec8852850f')
},{
  material: new ObjectId('6a3e24312f2b2f71f964fd82'),
  percentage: 0.92,
  _id: new ObjectId('6a8ae19f4e390eec88528510')
},{
  material: new ObjectId('6a3e24312f2b2f71f964fd73'),
  percentage: 0.98,
  _id: new ObjectId('6a8ae19f4e390eec88528511')
},{
  material: new ObjectId('6a3e24312f2b2f71f964fd7a'),
  percentage: 0.98,
  _id: new ObjectId('6a8ae19f4e390eec88528512')
},{
  material: new ObjectId('6a3e24312f2b2f71f964fd82'),
  percentage: 0.98,
  _id: new ObjectId('6a8ae19f4e390eec88528513')
},{
  material: new ObjectId('6a3e24312f2b2f71f964fd73'),
  percentage: 1.03,
  _id: new ObjectId('6a8ae19f4e390eec88528514')
},{
  material: new ObjectId('6a3e24312f2b2f71f964fd7a'),
  percentage: 1.03,
  _id: new ObjectId('6a8ae19f4e390eec88528515')
},{
  material: new ObjectId('6a3e24312f2b2f71f964fd82'),
  percentage: 1.03,
  _id: new ObjectId('6a8ae19f4e390eec88528516')
},{
  material: new ObjectId('6a3e24312f2b2f71f964fd73'),
  percentage: 1.09,
  _id: new ObjectId('6a8ae19f4e390eec88528518')
},{
  material: new ObjectId('6a3e24312f2b2f71f964fd7a'),
  percentage: 1.09,
  _id: new ObjectId('6a8ae19f4e390eec88528519')
},{
  material: new ObjectId('6a3e24312f2b2f71f964fd82'),
  percentage: 1.09,
  _id: new ObjectId('6a8ae19f4e390eec8852851a')
},{
  material: new ObjectId('6a3e242f2f2b2f71f964fd46'),
  percentage: 37.01,
  _id: new ObjectId('6a8ae19f4e390eec88528517')
}
Ultra male Spray,UltMal_SP,spray,100,1700,63.00000000000001,37.01,0,904.2263157894737,true,"Spicy, sweet, and woody aromatic blend. Strong and captivating for evening wear.",strong,evening,spicy sweet woody,,{
  material: new ObjectId('6a3e242d2f2b2f71f964fd13'),
  percentage: 48.03,
  _id: new ObjectId('6a8ae19f4e390eec8852850a')
},{
  material: new ObjectId('6a3e24312f2b2f71f964fd73'),
  percentage: 0.97,
  _id: new ObjectId('6a8ae19f4e390eec8852850b')
},{
  material: new ObjectId('6a3e24312f2b2f71f964fd7a'),
  percentage: 0.97,
  _id: new ObjectId('6a8ae19f4e390eec8852850c')
},{
  material: new ObjectId('6a3e24312f2b2f71f964fd82'),
  percentage: 0.97,
  _id: new ObjectId('6a8ae19f4e390eec8852850d')
},{
  material: new ObjectId('6a3e24312f2b2f71f964fd73'),
  percentage: 0.92,
  _id: new ObjectId('6a8ae19f4e390eec8852850e')
},{
  material: new ObjectId('6a3e24312f2b2f71f964fd7a'),
  percentage: 0.92,
  _id: new ObjectId('6a8ae19f4e390eec8852850f')
},{
  material: new ObjectId('6a3e24312f2b2f71f964fd82'),
  percentage: 0.92,
  _id: new ObjectId('6a8ae19f4e390eec88528510')
},{
  material: new ObjectId('6a3e24312f2b2f71f964fd73'),
  percentage: 0.98,
  _id: new ObjectId('6a8ae19f4e390eec88528511')
},{
  material: new ObjectId('6a3e24312f2b2f71f964fd7a'),
  percentage: 0.98,
  _id: new ObjectId('6a8ae19f4e390eec88528512')
},{
  material: new ObjectId('6a3e24312f2b2f71f964fd82'),
  percentage: 0.98,
  _id: new ObjectId('6a8ae19f4e390eec88528513')
},{
  material: new ObjectId('6a3e24312f2b2f71f964fd73'),
  percentage: 1.03,
  _id: new ObjectId('6a8ae19f4e390eec88528514')
},{
  material: new ObjectId('6a3e24312f2b2f71f964fd7a'),
  percentage: 1.03,
  _id: new ObjectId('6a8ae19f4e390eec88528515')
},{
  material: new ObjectId('6a3e24312f2b2f71f964fd82'),
  percentage: 1.03,
  _id: new ObjectId('6a8ae19f4e390eec88528516')
},{
  material: new ObjectId('6a3e24312f2b2f71f964fd73'),
  percentage: 1.09,
  _id: new ObjectId('6a8ae19f4e390eec88528518')
},{
  material: new ObjectId('6a3e24312f2b2f71f964fd7a'),
  percentage: 1.09,
  _id: new ObjectId('6a8ae19f4e390eec88528519')
},{
  material: new ObjectId('6a3e24312f2b2f71f964fd82'),
  percentage: 1.09,
  _id: new ObjectId('6a8ae19f4e390eec8852851a')
},{
  material: new ObjectId('6a3e242f2f2b2f71f964fd46'),
  percentage: 37.01,
  _id: new ObjectId('6a8ae19f4e390eec88528517')
}
Valentino,Valen,roll-on,3.5,220,3.5,0,0,155.67169697333333,true,"Top Note: Rich Bourbon vanilla infusion (provides a thick, warm, and comforting opening sweetness).
Heart/Middle Note: Aromatic lavandin/lavender (adds a fresh, floral, and classically masculine punch).
Base Note: Smoked vetiver (grounds the sweetness with a dark, sophisticated woodiness)",medium,special,evening,amber,vanilla,lavender.,6a7774b221fc6555b5eab13f,
Valentino,Valen,roll-on,6,380,6,0,0,212.15315315027027,true,"Top Note: Rich Bourbon vanilla infusion (provides a thick, warm, and comforting opening sweetness).
Heart/Middle Note: Aromatic lavandin/lavender (adds a fresh, floral, and classically masculine punch).
Base Note: Smoked vetiver (grounds the sweetness with a dark, sophisticated woodiness)",medium,special,evening,amber,vanilla,lavender.,6a7774b221fc6555b5eab13f,
Valentino,Valen,roll-on,15,700,15,0,0,360,true,"Top Note: Rich Bourbon vanilla infusion (provides a thick, warm, and comforting opening sweetness).
Heart/Middle Note: Aromatic lavandin/lavender (adds a fresh, floral, and classically masculine punch).
Base Note: Smoked vetiver (grounds the sweetness with a dark, sophisticated woodiness)",medium,special,evening,amber,vanilla,lavender.,6a7774b221fc6555b5eab13f,
Valentino,Valen,roll-on,30,1300,30,0,0,565,true,"Top Note: Rich Bourbon vanilla infusion (provides a thick, warm, and comforting opening sweetness).
Heart/Middle Note: Aromatic lavandin/lavender (adds a fresh, floral, and classically masculine punch).
Base Note: Smoked vetiver (grounds the sweetness with a dark, sophisticated woodiness)",medium,special,evening,amber,vanilla,lavender.,6a7774b221fc6555b5eab13f,
Valentino Spray,Valen_SP,spray,6,400,3.7811999999999997,2.22,0,178.018,true,"Top Note: Rich Bourbon vanilla infusion (provides a thick, warm, and comforting opening sweetness).
Heart/Middle Note: Aromatic lavandin/lavender (adds a fresh, floral, and classically masculine punch).
Base Note: Smoked vetiver (grounds the sweetness with a dark, sophisticated woodiness)",medium,special,evening,amber,vanilla,lavender.,,{
  material: new ObjectId('6a7774b221fc6555b5eab13f'),
  percentage: 45.44,
  _id: new ObjectId('6a8ae1a74e390eec88528988')
},{
  material: new ObjectId('6a3e24312f2b2f71f964fd73'),
  percentage: 0.87,
  _id: new ObjectId('6a8ae1a74e390eec88528989')
},{
  material: new ObjectId('6a3e24312f2b2f71f964fd7a'),
  percentage: 0.87,
  _id: new ObjectId('6a8ae1a74e390eec8852898a')
},{
  material: new ObjectId('6a3e24312f2b2f71f964fd82'),
  percentage: 0.87,
  _id: new ObjectId('6a8ae1a74e390eec8852898b')
},{
  material: new ObjectId('6a3e24312f2b2f71f964fd73'),
  percentage: 0.97,
  _id: new ObjectId('6a8ae1a74e390eec8852898c')
},{
  material: new ObjectId('6a3e24312f2b2f71f964fd7a'),
  percentage: 0.97,
  _id: new ObjectId('6a8ae1a74e390eec8852898d')
},{
  material: new ObjectId('6a3e24312f2b2f71f964fd82'),
  percentage: 0.97,
  _id: new ObjectId('6a8ae1a74e390eec8852898e')
},{
  material: new ObjectId('6a3e24312f2b2f71f964fd73'),
  percentage: 0.92,
  _id: new ObjectId('6a8ae1a74e390eec8852898f')
},{
  material: new ObjectId('6a3e24312f2b2f71f964fd7a'),
  percentage: 0.92,
  _id: new ObjectId('6a8ae1a74e390eec88528990')
},{
  material: new ObjectId('6a3e24312f2b2f71f964fd82'),
  percentage: 0.92,
  _id: new ObjectId('6a8ae1a74e390eec88528991')
},{
  material: new ObjectId('6a3e24312f2b2f71f964fd73'),
  percentage: 0.98,
  _id: new ObjectId('6a8ae1a74e390eec88528992')
},{
  material: new ObjectId('6a3e24312f2b2f71f964fd7a'),
  percentage: 0.98,
  _id: new ObjectId('6a8ae1a74e390eec88528993')
},{
  material: new ObjectId('6a3e24312f2b2f71f964fd82'),
  percentage: 0.98,
  _id: new ObjectId('6a8ae1a74e390eec88528994')
},{
  material: new ObjectId('6a3e24312f2b2f71f964fd73'),
  percentage: 1.03,
  _id: new ObjectId('6a8ae1a74e390eec88528995')
},{
  material: new ObjectId('6a3e24312f2b2f71f964fd7a'),
  percentage: 1.03,
  _id: new ObjectId('6a8ae1a74e390eec88528996')
},{
  material: new ObjectId('6a3e24312f2b2f71f964fd82'),
  percentage: 1.03,
  _id: new ObjectId('6a8ae1a74e390eec88528997')
},{
  material: new ObjectId('6a3e24312f2b2f71f964fd73'),
  percentage: 1.09,
  _id: new ObjectId('6a8ae1a74e390eec88528999')
},{
  material: new ObjectId('6a3e24312f2b2f71f964fd7a'),
  percentage: 1.09,
  _id: new ObjectId('6a8ae1a74e390eec8852899a')
},{
  material: new ObjectId('6a3e24312f2b2f71f964fd82'),
  percentage: 1.09,
  _id: new ObjectId('6a8ae1a74e390eec8852899b')
},{
  material: new ObjectId('6a3e242f2f2b2f71f964fd46'),
  percentage: 37,
  _id: new ObjectId('6a8ae1a74e390eec88528998')
}
Valentino Spray,Valen_SP,spray,15,900,9.453000000000003,5.55,0,272.545,true,"Top Note: Rich Bourbon vanilla infusion (provides a thick, warm, and comforting opening sweetness).
Heart/Middle Note: Aromatic lavandin/lavender (adds a fresh, floral, and classically masculine punch).
Base Note: Smoked vetiver (grounds the sweetness with a dark, sophisticated woodiness)",medium,special,evening,amber,vanilla,lavender.,,{
  material: new ObjectId('6a7774b221fc6555b5eab13f'),
  percentage: 45.44,
  _id: new ObjectId('6a8ae1a74e390eec88528988')
},{
  material: new ObjectId('6a3e24312f2b2f71f964fd73'),
  percentage: 0.87,
  _id: new ObjectId('6a8ae1a74e390eec88528989')
},{
  material: new ObjectId('6a3e24312f2b2f71f964fd7a'),
  percentage: 0.87,
  _id: new ObjectId('6a8ae1a74e390eec8852898a')
},{
  material: new ObjectId('6a3e24312f2b2f71f964fd82'),
  percentage: 0.87,
  _id: new ObjectId('6a8ae1a74e390eec8852898b')
},{
  material: new ObjectId('6a3e24312f2b2f71f964fd73'),
  percentage: 0.97,
  _id: new ObjectId('6a8ae1a74e390eec8852898c')
},{
  material: new ObjectId('6a3e24312f2b2f71f964fd7a'),
  percentage: 0.97,
  _id: new ObjectId('6a8ae1a74e390eec8852898d')
},{
  material: new ObjectId('6a3e24312f2b2f71f964fd82'),
  percentage: 0.97,
  _id: new ObjectId('6a8ae1a74e390eec8852898e')
},{
  material: new ObjectId('6a3e24312f2b2f71f964fd73'),
  percentage: 0.92,
  _id: new ObjectId('6a8ae1a74e390eec8852898f')
},{
  material: new ObjectId('6a3e24312f2b2f71f964fd7a'),
  percentage: 0.92,
  _id: new ObjectId('6a8ae1a74e390eec88528990')
},{
  material: new ObjectId('6a3e24312f2b2f71f964fd82'),
  percentage: 0.92,
  _id: new ObjectId('6a8ae1a74e390eec88528991')
},{
  material: new ObjectId('6a3e24312f2b2f71f964fd73'),
  percentage: 0.98,
  _id: new ObjectId('6a8ae1a74e390eec88528992')
},{
  material: new ObjectId('6a3e24312f2b2f71f964fd7a'),
  percentage: 0.98,
  _id: new ObjectId('6a8ae1a74e390eec88528993')
},{
  material: new ObjectId('6a3e24312f2b2f71f964fd82'),
  percentage: 0.98,
  _id: new ObjectId('6a8ae1a74e390eec88528994')
},{
  material: new ObjectId('6a3e24312f2b2f71f964fd73'),
  percentage: 1.03,
  _id: new ObjectId('6a8ae1a74e390eec88528995')
},{
  material: new ObjectId('6a3e24312f2b2f71f964fd7a'),
  percentage: 1.03,
  _id: new ObjectId('6a8ae1a74e390eec88528996')
},{
  material: new ObjectId('6a3e24312f2b2f71f964fd82'),
  percentage: 1.03,
  _id: new ObjectId('6a8ae1a74e390eec88528997')
},{
  material: new ObjectId('6a3e24312f2b2f71f964fd73'),
  percentage: 1.09,
  _id: new ObjectId('6a8ae1a74e390eec88528999')
},{
  material: new ObjectId('6a3e24312f2b2f71f964fd7a'),
  percentage: 1.09,
  _id: new ObjectId('6a8ae1a74e390eec8852899a')
},{
  material: new ObjectId('6a3e24312f2b2f71f964fd82'),
  percentage: 1.09,
  _id: new ObjectId('6a8ae1a74e390eec8852899b')
},{
  material: new ObjectId('6a3e242f2f2b2f71f964fd46'),
  percentage: 37,
  _id: new ObjectId('6a8ae1a74e390eec88528998')
}
Valentino Spray,Valen_SP,spray,30,1200,18.906000000000006,11.1,0,487.42333333333335,true,"Top Note: Rich Bourbon vanilla infusion (provides a thick, warm, and comforting opening sweetness).
Heart/Middle Note: Aromatic lavandin/lavender (adds a fresh, floral, and classically masculine punch).
Base Note: Smoked vetiver (grounds the sweetness with a dark, sophisticated woodiness)",medium,special,evening,amber,vanilla,lavender.,,{
  material: new ObjectId('6a7774b221fc6555b5eab13f'),
  percentage: 45.44,
  _id: new ObjectId('6a8ae1a74e390eec88528988')
},{
  material: new ObjectId('6a3e24312f2b2f71f964fd73'),
  percentage: 0.87,
  _id: new ObjectId('6a8ae1a74e390eec88528989')
},{
  material: new ObjectId('6a3e24312f2b2f71f964fd7a'),
  percentage: 0.87,
  _id: new ObjectId('6a8ae1a74e390eec8852898a')
},{
  material: new ObjectId('6a3e24312f2b2f71f964fd82'),
  percentage: 0.87,
  _id: new ObjectId('6a8ae1a74e390eec8852898b')
},{
  material: new ObjectId('6a3e24312f2b2f71f964fd73'),
  percentage: 0.97,
  _id: new ObjectId('6a8ae1a74e390eec8852898c')
},{
  material: new ObjectId('6a3e24312f2b2f71f964fd7a'),
  percentage: 0.97,
  _id: new ObjectId('6a8ae1a74e390eec8852898d')
},{
  material: new ObjectId('6a3e24312f2b2f71f964fd82'),
  percentage: 0.97,
  _id: new ObjectId('6a8ae1a74e390eec8852898e')
},{
  material: new ObjectId('6a3e24312f2b2f71f964fd73'),
  percentage: 0.92,
  _id: new ObjectId('6a8ae1a74e390eec8852898f')
},{
  material: new ObjectId('6a3e24312f2b2f71f964fd7a'),
  percentage: 0.92,
  _id: new ObjectId('6a8ae1a74e390eec88528990')
},{
  material: new ObjectId('6a3e24312f2b2f71f964fd82'),
  percentage: 0.92,
  _id: new ObjectId('6a8ae1a74e390eec88528991')
},{
  material: new ObjectId('6a3e24312f2b2f71f964fd73'),
  percentage: 0.98,
  _id: new ObjectId('6a8ae1a74e390eec88528992')
},{
  material: new ObjectId('6a3e24312f2b2f71f964fd7a'),
  percentage: 0.98,
  _id: new ObjectId('6a8ae1a74e390eec88528993')
},{
  material: new ObjectId('6a3e24312f2b2f71f964fd82'),
  percentage: 0.98,
  _id: new ObjectId('6a8ae1a74e390eec88528994')
},{
  material: new ObjectId('6a3e24312f2b2f71f964fd73'),
  percentage: 1.03,
  _id: new ObjectId('6a8ae1a74e390eec88528995')
},{
  material: new ObjectId('6a3e24312f2b2f71f964fd7a'),
  percentage: 1.03,
  _id: new ObjectId('6a8ae1a74e390eec88528996')
},{
  material: new ObjectId('6a3e24312f2b2f71f964fd82'),
  percentage: 1.03,
  _id: new ObjectId('6a8ae1a74e390eec88528997')
},{
  material: new ObjectId('6a3e24312f2b2f71f964fd73'),
  percentage: 1.09,
  _id: new ObjectId('6a8ae1a74e390eec88528999')
},{
  material: new ObjectId('6a3e24312f2b2f71f964fd7a'),
  percentage: 1.09,
  _id: new ObjectId('6a8ae1a74e390eec8852899a')
},{
  material: new ObjectId('6a3e24312f2b2f71f964fd82'),
  percentage: 1.09,
  _id: new ObjectId('6a8ae1a74e390eec8852899b')
},{
  material: new ObjectId('6a3e242f2f2b2f71f964fd46'),
  percentage: 37,
  _id: new ObjectId('6a8ae1a74e390eec88528998')
}
Valentino Spray,Valen_SP,spray,50,1500,31.509999999999998,18.5,0,700.15,true,"Top Note: Rich Bourbon vanilla infusion (provides a thick, warm, and comforting opening sweetness).
Heart/Middle Note: Aromatic lavandin/lavender (adds a fresh, floral, and classically masculine punch).
Base Note: Smoked vetiver (grounds the sweetness with a dark, sophisticated woodiness)",medium,special,evening,amber,vanilla,lavender.,,{
  material: new ObjectId('6a7774b221fc6555b5eab13f'),
  percentage: 45.44,
  _id: new ObjectId('6a8ae1a74e390eec88528988')
},{
  material: new ObjectId('6a3e24312f2b2f71f964fd73'),
  percentage: 0.87,
  _id: new ObjectId('6a8ae1a74e390eec88528989')
},{
  material: new ObjectId('6a3e24312f2b2f71f964fd7a'),
  percentage: 0.87,
  _id: new ObjectId('6a8ae1a74e390eec8852898a')
},{
  material: new ObjectId('6a3e24312f2b2f71f964fd82'),
  percentage: 0.87,
  _id: new ObjectId('6a8ae1a74e390eec8852898b')
},{
  material: new ObjectId('6a3e24312f2b2f71f964fd73'),
  percentage: 0.97,
  _id: new ObjectId('6a8ae1a74e390eec8852898c')
},{
  material: new ObjectId('6a3e24312f2b2f71f964fd7a'),
  percentage: 0.97,
  _id: new ObjectId('6a8ae1a74e390eec8852898d')
},{
  material: new ObjectId('6a3e24312f2b2f71f964fd82'),
  percentage: 0.97,
  _id: new ObjectId('6a8ae1a74e390eec8852898e')
},{
  material: new ObjectId('6a3e24312f2b2f71f964fd73'),
  percentage: 0.92,
  _id: new ObjectId('6a8ae1a74e390eec8852898f')
},{
  material: new ObjectId('6a3e24312f2b2f71f964fd7a'),
  percentage: 0.92,
  _id: new ObjectId('6a8ae1a74e390eec88528990')
},{
  material: new ObjectId('6a3e24312f2b2f71f964fd82'),
  percentage: 0.92,
  _id: new ObjectId('6a8ae1a74e390eec88528991')
},{
  material: new ObjectId('6a3e24312f2b2f71f964fd73'),
  percentage: 0.98,
  _id: new ObjectId('6a8ae1a74e390eec88528992')
},{
  material: new ObjectId('6a3e24312f2b2f71f964fd7a'),
  percentage: 0.98,
  _id: new ObjectId('6a8ae1a74e390eec88528993')
},{
  material: new ObjectId('6a3e24312f2b2f71f964fd82'),
  percentage: 0.98,
  _id: new ObjectId('6a8ae1a74e390eec88528994')
},{
  material: new ObjectId('6a3e24312f2b2f71f964fd73'),
  percentage: 1.03,
  _id: new ObjectId('6a8ae1a74e390eec88528995')
},{
  material: new ObjectId('6a3e24312f2b2f71f964fd7a'),
  percentage: 1.03,
  _id: new ObjectId('6a8ae1a74e390eec88528996')
},{
  material: new ObjectId('6a3e24312f2b2f71f964fd82'),
  percentage: 1.03,
  _id: new ObjectId('6a8ae1a74e390eec88528997')
},{
  material: new ObjectId('6a3e24312f2b2f71f964fd73'),
  percentage: 1.09,
  _id: new ObjectId('6a8ae1a74e390eec88528999')
},{
  material: new ObjectId('6a3e24312f2b2f71f964fd7a'),
  percentage: 1.09,
  _id: new ObjectId('6a8ae1a74e390eec8852899a')
},{
  material: new ObjectId('6a3e24312f2b2f71f964fd82'),
  percentage: 1.09,
  _id: new ObjectId('6a8ae1a74e390eec8852899b')
},{
  material: new ObjectId('6a3e242f2f2b2f71f964fd46'),
  percentage: 37,
  _id: new ObjectId('6a8ae1a74e390eec88528998')
}
Valentino Spray,Valen_SP,spray,100,1900,63.019999999999996,37,0,1215.3,true,"Top Note: Rich Bourbon vanilla infusion (provides a thick, warm, and comforting opening sweetness).
Heart/Middle Note: Aromatic lavandin/lavender (adds a fresh, floral, and classically masculine punch).
Base Note: Smoked vetiver (grounds the sweetness with a dark, sophisticated woodiness)",medium,special,evening,amber,vanilla,lavender.,,{
  material: new ObjectId('6a7774b221fc6555b5eab13f'),
  percentage: 45.44,
  _id: new ObjectId('6a8ae1a74e390eec88528988')
},{
  material: new ObjectId('6a3e24312f2b2f71f964fd73'),
  percentage: 0.87,
  _id: new ObjectId('6a8ae1a74e390eec88528989')
},{
  material: new ObjectId('6a3e24312f2b2f71f964fd7a'),
  percentage: 0.87,
  _id: new ObjectId('6a8ae1a74e390eec8852898a')
},{
  material: new ObjectId('6a3e24312f2b2f71f964fd82'),
  percentage: 0.87,
  _id: new ObjectId('6a8ae1a74e390eec8852898b')
},{
  material: new ObjectId('6a3e24312f2b2f71f964fd73'),
  percentage: 0.97,
  _id: new ObjectId('6a8ae1a74e390eec8852898c')
},{
  material: new ObjectId('6a3e24312f2b2f71f964fd7a'),
  percentage: 0.97,
  _id: new ObjectId('6a8ae1a74e390eec8852898d')
},{
  material: new ObjectId('6a3e24312f2b2f71f964fd82'),
  percentage: 0.97,
  _id: new ObjectId('6a8ae1a74e390eec8852898e')
},{
  material: new ObjectId('6a3e24312f2b2f71f964fd73'),
  percentage: 0.92,
  _id: new ObjectId('6a8ae1a74e390eec8852898f')
},{
  material: new ObjectId('6a3e24312f2b2f71f964fd7a'),
  percentage: 0.92,
  _id: new ObjectId('6a8ae1a74e390eec88528990')
},{
  material: new ObjectId('6a3e24312f2b2f71f964fd82'),
  percentage: 0.92,
  _id: new ObjectId('6a8ae1a74e390eec88528991')
},{
  material: new ObjectId('6a3e24312f2b2f71f964fd73'),
  percentage: 0.98,
  _id: new ObjectId('6a8ae1a74e390eec88528992')
},{
  material: new ObjectId('6a3e24312f2b2f71f964fd7a'),
  percentage: 0.98,
  _id: new ObjectId('6a8ae1a74e390eec88528993')
},{
  material: new ObjectId('6a3e24312f2b2f71f964fd82'),
  percentage: 0.98,
  _id: new ObjectId('6a8ae1a74e390eec88528994')
},{
  material: new ObjectId('6a3e24312f2b2f71f964fd73'),
  percentage: 1.03,
  _id: new ObjectId('6a8ae1a74e390eec88528995')
},{
  material: new ObjectId('6a3e24312f2b2f71f964fd7a'),
  percentage: 1.03,
  _id: new ObjectId('6a8ae1a74e390eec88528996')
},{
  material: new ObjectId('6a3e24312f2b2f71f964fd82'),
  percentage: 1.03,
  _id: new ObjectId('6a8ae1a74e390eec88528997')
},{
  material: new ObjectId('6a3e24312f2b2f71f964fd73'),
  percentage: 1.09,
  _id: new ObjectId('6a8ae1a74e390eec88528999')
},{
  material: new ObjectId('6a3e24312f2b2f71f964fd7a'),
  percentage: 1.09,
  _id: new ObjectId('6a8ae1a74e390eec8852899a')
},{
  material: new ObjectId('6a3e24312f2b2f71f964fd82'),
  percentage: 1.09,
  _id: new ObjectId('6a8ae1a74e390eec8852899b')
},{
  material: new ObjectId('6a3e242f2f2b2f71f964fd46'),
  percentage: 37,
  _id: new ObjectId('6a8ae1a74e390eec88528998')
}
Vampire B.,VampB,roll-on,3.5,200,3.5,0,0,148.45833333333331,true,"Deep, mysterious oriental scent with spicy and woody undertones. Best for special evenings.",strong,evening,oriental spicy woody,6a3e242d2f2b2f71f964fd08,
Vampire B.,VampB,roll-on,6,300,6,0,0,200.5,true,"Deep, mysterious oriental scent with spicy and woody undertones. Best for special evenings.",strong,evening,oriental spicy woody,6a3e242d2f2b2f71f964fd08,
Vampire B.,VampB,roll-on,15,800,15,0,0,293.75,true,"Deep, mysterious oriental scent with spicy and woody undertones. Best for special evenings.",strong,evening,oriental spicy woody,6a3e242d2f2b2f71f964fd08,
Vampire B.,VampB,roll-on,30,1650,30,0,0,502.5,true,"Deep, mysterious oriental scent with spicy and woody undertones. Best for special evenings.",strong,evening,oriental spicy woody,6a3e242d2f2b2f71f964fd08,
Vampire B. Spray,VampB_SP,spray,6,350,3.78,2.2206,0,165.637,true,"Deep, mysterious oriental scent with spicy and woody undertones. Best for special evenings.",strong,evening,oriental spicy woody,,{
  material: new ObjectId('6a3e242d2f2b2f71f964fd08'),
  percentage: 48.03,
  _id: new ObjectId('6a8ae19e4e390eec885284b7')
},{
  material: new ObjectId('6a3e24312f2b2f71f964fd73'),
  percentage: 0.97,
  _id: new ObjectId('6a8ae19e4e390eec885284b8')
},{
  material: new ObjectId('6a3e24312f2b2f71f964fd7a'),
  percentage: 0.97,
  _id: new ObjectId('6a8ae19e4e390eec885284b9')
},{
  material: new ObjectId('6a3e24312f2b2f71f964fd82'),
  percentage: 0.97,
  _id: new ObjectId('6a8ae19e4e390eec885284ba')
},{
  material: new ObjectId('6a3e24312f2b2f71f964fd73'),
  percentage: 0.92,
  _id: new ObjectId('6a8ae19e4e390eec885284bb')
},{
  material: new ObjectId('6a3e24312f2b2f71f964fd7a'),
  percentage: 0.92,
  _id: new ObjectId('6a8ae19e4e390eec885284bc')
},{
  material: new ObjectId('6a3e24312f2b2f71f964fd82'),
  percentage: 0.92,
  _id: new ObjectId('6a8ae19e4e390eec885284bd')
},{
  material: new ObjectId('6a3e24312f2b2f71f964fd73'),
  percentage: 0.98,
  _id: new ObjectId('6a8ae19e4e390eec885284be')
},{
  material: new ObjectId('6a3e24312f2b2f71f964fd7a'),
  percentage: 0.98,
  _id: new ObjectId('6a8ae19e4e390eec885284bf')
},{
  material: new ObjectId('6a3e24312f2b2f71f964fd82'),
  percentage: 0.98,
  _id: new ObjectId('6a8ae19e4e390eec885284c0')
},{
  material: new ObjectId('6a3e24312f2b2f71f964fd73'),
  percentage: 1.03,
  _id: new ObjectId('6a8ae19e4e390eec885284c1')
},{
  material: new ObjectId('6a3e24312f2b2f71f964fd7a'),
  percentage: 1.03,
  _id: new ObjectId('6a8ae19e4e390eec885284c2')
},{
  material: new ObjectId('6a3e24312f2b2f71f964fd82'),
  percentage: 1.03,
  _id: new ObjectId('6a8ae19e4e390eec885284c3')
},{
  material: new ObjectId('6a3e24312f2b2f71f964fd73'),
  percentage: 1.09,
  _id: new ObjectId('6a8ae19e4e390eec885284c5')
},{
  material: new ObjectId('6a3e24312f2b2f71f964fd7a'),
  percentage: 1.09,
  _id: new ObjectId('6a8ae19e4e390eec885284c6')
},{
  material: new ObjectId('6a3e24312f2b2f71f964fd82'),
  percentage: 1.09,
  _id: new ObjectId('6a8ae19e4e390eec885284c7')
},{
  material: new ObjectId('6a3e242f2f2b2f71f964fd46'),
  percentage: 37.01,
  _id: new ObjectId('6a8ae19e4e390eec885284c4')
}
Vampire B. Spray,VampB_SP,spray,15,850,9.450000000000006,5.5515,0,241.5925,true,"Deep, mysterious oriental scent with spicy and woody undertones. Best for special evenings.",strong,evening,oriental spicy woody,,{
  material: new ObjectId('6a3e242d2f2b2f71f964fd08'),
  percentage: 48.03,
  _id: new ObjectId('6a8ae19e4e390eec885284b7')
},{
  material: new ObjectId('6a3e24312f2b2f71f964fd73'),
  percentage: 0.97,
  _id: new ObjectId('6a8ae19e4e390eec885284b8')
},{
  material: new ObjectId('6a3e24312f2b2f71f964fd7a'),
  percentage: 0.97,
  _id: new ObjectId('6a8ae19e4e390eec885284b9')
},{
  material: new ObjectId('6a3e24312f2b2f71f964fd82'),
  percentage: 0.97,
  _id: new ObjectId('6a8ae19e4e390eec885284ba')
},{
  material: new ObjectId('6a3e24312f2b2f71f964fd73'),
  percentage: 0.92,
  _id: new ObjectId('6a8ae19e4e390eec885284bb')
},{
  material: new ObjectId('6a3e24312f2b2f71f964fd7a'),
  percentage: 0.92,
  _id: new ObjectId('6a8ae19e4e390eec885284bc')
},{
  material: new ObjectId('6a3e24312f2b2f71f964fd82'),
  percentage: 0.92,
  _id: new ObjectId('6a8ae19e4e390eec885284bd')
},{
  material: new ObjectId('6a3e24312f2b2f71f964fd73'),
  percentage: 0.98,
  _id: new ObjectId('6a8ae19e4e390eec885284be')
},{
  material: new ObjectId('6a3e24312f2b2f71f964fd7a'),
  percentage: 0.98,
  _id: new ObjectId('6a8ae19e4e390eec885284bf')
},{
  material: new ObjectId('6a3e24312f2b2f71f964fd82'),
  percentage: 0.98,
  _id: new ObjectId('6a8ae19e4e390eec885284c0')
},{
  material: new ObjectId('6a3e24312f2b2f71f964fd73'),
  percentage: 1.03,
  _id: new ObjectId('6a8ae19e4e390eec885284c1')
},{
  material: new ObjectId('6a3e24312f2b2f71f964fd7a'),
  percentage: 1.03,
  _id: new ObjectId('6a8ae19e4e390eec885284c2')
},{
  material: new ObjectId('6a3e24312f2b2f71f964fd82'),
  percentage: 1.03,
  _id: new ObjectId('6a8ae19e4e390eec885284c3')
},{
  material: new ObjectId('6a3e24312f2b2f71f964fd73'),
  percentage: 1.09,
  _id: new ObjectId('6a8ae19e4e390eec885284c5')
},{
  material: new ObjectId('6a3e24312f2b2f71f964fd7a'),
  percentage: 1.09,
  _id: new ObjectId('6a8ae19e4e390eec885284c6')
},{
  material: new ObjectId('6a3e24312f2b2f71f964fd82'),
  percentage: 1.09,
  _id: new ObjectId('6a8ae19e4e390eec885284c7')
},{
  material: new ObjectId('6a3e242f2f2b2f71f964fd46'),
  percentage: 37.01,
  _id: new ObjectId('6a8ae19e4e390eec885284c4')
}
Vampire B. Spray,VampB_SP,spray,30,1500,18.900000000000013,11.103,0,428.185,true,"Deep, mysterious oriental scent with spicy and woody undertones. Best for special evenings.",strong,evening,oriental spicy woody,,{
  material: new ObjectId('6a3e242d2f2b2f71f964fd08'),
  percentage: 48.03,
  _id: new ObjectId('6a8ae19e4e390eec885284b7')
},{
  material: new ObjectId('6a3e24312f2b2f71f964fd73'),
  percentage: 0.97,
  _id: new ObjectId('6a8ae19e4e390eec885284b8')
},{
  material: new ObjectId('6a3e24312f2b2f71f964fd7a'),
  percentage: 0.97,
  _id: new ObjectId('6a8ae19e4e390eec885284b9')
},{
  material: new ObjectId('6a3e24312f2b2f71f964fd82'),
  percentage: 0.97,
  _id: new ObjectId('6a8ae19e4e390eec885284ba')
},{
  material: new ObjectId('6a3e24312f2b2f71f964fd73'),
  percentage: 0.92,
  _id: new ObjectId('6a8ae19e4e390eec885284bb')
},{
  material: new ObjectId('6a3e24312f2b2f71f964fd7a'),
  percentage: 0.92,
  _id: new ObjectId('6a8ae19e4e390eec885284bc')
},{
  material: new ObjectId('6a3e24312f2b2f71f964fd82'),
  percentage: 0.92,
  _id: new ObjectId('6a8ae19e4e390eec885284bd')
},{
  material: new ObjectId('6a3e24312f2b2f71f964fd73'),
  percentage: 0.98,
  _id: new ObjectId('6a8ae19e4e390eec885284be')
},{
  material: new ObjectId('6a3e24312f2b2f71f964fd7a'),
  percentage: 0.98,
  _id: new ObjectId('6a8ae19e4e390eec885284bf')
},{
  material: new ObjectId('6a3e24312f2b2f71f964fd82'),
  percentage: 0.98,
  _id: new ObjectId('6a8ae19e4e390eec885284c0')
},{
  material: new ObjectId('6a3e24312f2b2f71f964fd73'),
  percentage: 1.03,
  _id: new ObjectId('6a8ae19e4e390eec885284c1')
},{
  material: new ObjectId('6a3e24312f2b2f71f964fd7a'),
  percentage: 1.03,
  _id: new ObjectId('6a8ae19e4e390eec885284c2')
},{
  material: new ObjectId('6a3e24312f2b2f71f964fd82'),
  percentage: 1.03,
  _id: new ObjectId('6a8ae19e4e390eec885284c3')
},{
  material: new ObjectId('6a3e24312f2b2f71f964fd73'),
  percentage: 1.09,
  _id: new ObjectId('6a8ae19e4e390eec885284c5')
},{
  material: new ObjectId('6a3e24312f2b2f71f964fd7a'),
  percentage: 1.09,
  _id: new ObjectId('6a8ae19e4e390eec885284c6')
},{
  material: new ObjectId('6a3e24312f2b2f71f964fd82'),
  percentage: 1.09,
  _id: new ObjectId('6a8ae19e4e390eec885284c7')
},{
  material: new ObjectId('6a3e242f2f2b2f71f964fd46'),
  percentage: 37.01,
  _id: new ObjectId('6a8ae19e4e390eec885284c4')
}
Vampire B. Spray,VampB_SP,spray,50,1900,31.500000000000004,18.505,0,596.975,true,"Deep, mysterious oriental scent with spicy and woody undertones. Best for special evenings.",strong,evening,oriental spicy woody,,{
  material: new ObjectId('6a3e242d2f2b2f71f964fd08'),
  percentage: 48.03,
  _id: new ObjectId('6a8ae19e4e390eec885284b7')
},{
  material: new ObjectId('6a3e24312f2b2f71f964fd73'),
  percentage: 0.97,
  _id: new ObjectId('6a8ae19e4e390eec885284b8')
},{
  material: new ObjectId('6a3e24312f2b2f71f964fd7a'),
  percentage: 0.97,
  _id: new ObjectId('6a8ae19e4e390eec885284b9')
},{
  material: new ObjectId('6a3e24312f2b2f71f964fd82'),
  percentage: 0.97,
  _id: new ObjectId('6a8ae19e4e390eec885284ba')
},{
  material: new ObjectId('6a3e24312f2b2f71f964fd73'),
  percentage: 0.92,
  _id: new ObjectId('6a8ae19e4e390eec885284bb')
},{
  material: new ObjectId('6a3e24312f2b2f71f964fd7a'),
  percentage: 0.92,
  _id: new ObjectId('6a8ae19e4e390eec885284bc')
},{
  material: new ObjectId('6a3e24312f2b2f71f964fd82'),
  percentage: 0.92,
  _id: new ObjectId('6a8ae19e4e390eec885284bd')
},{
  material: new ObjectId('6a3e24312f2b2f71f964fd73'),
  percentage: 0.98,
  _id: new ObjectId('6a8ae19e4e390eec885284be')
},{
  material: new ObjectId('6a3e24312f2b2f71f964fd7a'),
  percentage: 0.98,
  _id: new ObjectId('6a8ae19e4e390eec885284bf')
},{
  material: new ObjectId('6a3e24312f2b2f71f964fd82'),
  percentage: 0.98,
  _id: new ObjectId('6a8ae19e4e390eec885284c0')
},{
  material: new ObjectId('6a3e24312f2b2f71f964fd73'),
  percentage: 1.03,
  _id: new ObjectId('6a8ae19e4e390eec885284c1')
},{
  material: new ObjectId('6a3e24312f2b2f71f964fd7a'),
  percentage: 1.03,
  _id: new ObjectId('6a8ae19e4e390eec885284c2')
},{
  material: new ObjectId('6a3e24312f2b2f71f964fd82'),
  percentage: 1.03,
  _id: new ObjectId('6a8ae19e4e390eec885284c3')
},{
  material: new ObjectId('6a3e24312f2b2f71f964fd73'),
  percentage: 1.09,
  _id: new ObjectId('6a8ae19e4e390eec885284c5')
},{
  material: new ObjectId('6a3e24312f2b2f71f964fd7a'),
  percentage: 1.09,
  _id: new ObjectId('6a8ae19e4e390eec885284c6')
},{
  material: new ObjectId('6a3e24312f2b2f71f964fd82'),
  percentage: 1.09,
  _id: new ObjectId('6a8ae19e4e390eec885284c7')
},{
  material: new ObjectId('6a3e242f2f2b2f71f964fd46'),
  percentage: 37.01,
  _id: new ObjectId('6a8ae19e4e390eec885284c4')
}
Vampire B. Spray,VampB_SP,spray,100,2200,63.00000000000001,37.01,0,1008.95,true,"Deep, mysterious oriental scent with spicy and woody undertones. Best for special evenings.",strong,evening,oriental spicy woody,,{
  material: new ObjectId('6a3e242d2f2b2f71f964fd08'),
  percentage: 48.03,
  _id: new ObjectId('6a8ae19e4e390eec885284b7')
},{
  material: new ObjectId('6a3e24312f2b2f71f964fd73'),
  percentage: 0.97,
  _id: new ObjectId('6a8ae19e4e390eec885284b8')
},{
  material: new ObjectId('6a3e24312f2b2f71f964fd7a'),
  percentage: 0.97,
  _id: new ObjectId('6a8ae19e4e390eec885284b9')
},{
  material: new ObjectId('6a3e24312f2b2f71f964fd82'),
  percentage: 0.97,
  _id: new ObjectId('6a8ae19e4e390eec885284ba')
},{
  material: new ObjectId('6a3e24312f2b2f71f964fd73'),
  percentage: 0.92,
  _id: new ObjectId('6a8ae19e4e390eec885284bb')
},{
  material: new ObjectId('6a3e24312f2b2f71f964fd7a'),
  percentage: 0.92,
  _id: new ObjectId('6a8ae19e4e390eec885284bc')
},{
  material: new ObjectId('6a3e24312f2b2f71f964fd82'),
  percentage: 0.92,
  _id: new ObjectId('6a8ae19e4e390eec885284bd')
},{
  material: new ObjectId('6a3e24312f2b2f71f964fd73'),
  percentage: 0.98,
  _id: new ObjectId('6a8ae19e4e390eec885284be')
},{
  material: new ObjectId('6a3e24312f2b2f71f964fd7a'),
  percentage: 0.98,
  _id: new ObjectId('6a8ae19e4e390eec885284bf')
},{
  material: new ObjectId('6a3e24312f2b2f71f964fd82'),
  percentage: 0.98,
  _id: new ObjectId('6a8ae19e4e390eec885284c0')
},{
  material: new ObjectId('6a3e24312f2b2f71f964fd73'),
  percentage: 1.03,
  _id: new ObjectId('6a8ae19e4e390eec885284c1')
},{
  material: new ObjectId('6a3e24312f2b2f71f964fd7a'),
  percentage: 1.03,
  _id: new ObjectId('6a8ae19e4e390eec885284c2')
},{
  material: new ObjectId('6a3e24312f2b2f71f964fd82'),
  percentage: 1.03,
  _id: new ObjectId('6a8ae19e4e390eec885284c3')
},{
  material: new ObjectId('6a3e24312f2b2f71f964fd73'),
  percentage: 1.09,
  _id: new ObjectId('6a8ae19e4e390eec885284c5')
},{
  material: new ObjectId('6a3e24312f2b2f71f964fd7a'),
  percentage: 1.09,
  _id: new ObjectId('6a8ae19e4e390eec885284c6')
},{
  material: new ObjectId('6a3e24312f2b2f71f964fd82'),
  percentage: 1.09,
  _id: new ObjectId('6a8ae19e4e390eec885284c7')
},{
  material: new ObjectId('6a3e242f2f2b2f71f964fd46'),
  percentage: 37.01,
  _id: new ObjectId('6a8ae19e4e390eec885284c4')
}
Vanila,Vanil,roll-on,3.5,150,3.5,0,0,0,true,"Warm, sweet vanilla fragrance with light intensity. Perfect for all-day comfort.",light,all,vanilla sweet warm,6a3e242e2f2b2f71f964fd2d,
Vanila,Vanil,roll-on,6,250,6,0,0,0,true,"Warm, sweet vanilla fragrance with light intensity. Perfect for all-day comfort.",light,all,vanilla sweet warm,6a3e242e2f2b2f71f964fd2d,
Vanila,Vanil,roll-on,15,650,15,0,0,0,true,"Warm, sweet vanilla fragrance with light intensity. Perfect for all-day comfort.",light,all,vanilla sweet warm,6a3e242e2f2b2f71f964fd2d,
Vanila,Vanil,roll-on,30,1250,30,0,0,0,true,"Warm, sweet vanilla fragrance with light intensity. Perfect for all-day comfort.",light,all,vanilla sweet warm,6a3e242e2f2b2f71f964fd2d,
Vanila Spray,Vanil_SP,spray,6,300,3.78,2.2206,0,0,true,"Warm, sweet vanilla fragrance with light intensity. Perfect for all-day comfort.",light,all,vanilla sweet warm,,{
  material: new ObjectId('6a3e242e2f2b2f71f964fd2d'),
  percentage: 48.03,
  _id: new ObjectId('6a8ae1a04e390eec885285ee')
},{
  material: new ObjectId('6a3e24312f2b2f71f964fd73'),
  percentage: 0.97,
  _id: new ObjectId('6a8ae1a04e390eec885285ef')
},{
  material: new ObjectId('6a3e24312f2b2f71f964fd7a'),
  percentage: 0.97,
  _id: new ObjectId('6a8ae1a04e390eec885285f0')
},{
  material: new ObjectId('6a3e24312f2b2f71f964fd82'),
  percentage: 0.97,
  _id: new ObjectId('6a8ae1a04e390eec885285f1')
},{
  material: new ObjectId('6a3e24312f2b2f71f964fd73'),
  percentage: 0.92,
  _id: new ObjectId('6a8ae1a04e390eec885285f2')
},{
  material: new ObjectId('6a3e24312f2b2f71f964fd7a'),
  percentage: 0.92,
  _id: new ObjectId('6a8ae1a04e390eec885285f3')
},{
  material: new ObjectId('6a3e24312f2b2f71f964fd82'),
  percentage: 0.92,
  _id: new ObjectId('6a8ae1a04e390eec885285f4')
},{
  material: new ObjectId('6a3e24312f2b2f71f964fd73'),
  percentage: 0.98,
  _id: new ObjectId('6a8ae1a04e390eec885285f5')
},{
  material: new ObjectId('6a3e24312f2b2f71f964fd7a'),
  percentage: 0.98,
  _id: new ObjectId('6a8ae1a04e390eec885285f6')
},{
  material: new ObjectId('6a3e24312f2b2f71f964fd82'),
  percentage: 0.98,
  _id: new ObjectId('6a8ae1a04e390eec885285f7')
},{
  material: new ObjectId('6a3e24312f2b2f71f964fd73'),
  percentage: 1.03,
  _id: new ObjectId('6a8ae1a04e390eec885285f8')
},{
  material: new ObjectId('6a3e24312f2b2f71f964fd7a'),
  percentage: 1.03,
  _id: new ObjectId('6a8ae1a04e390eec885285f9')
},{
  material: new ObjectId('6a3e24312f2b2f71f964fd82'),
  percentage: 1.03,
  _id: new ObjectId('6a8ae1a04e390eec885285fa')
},{
  material: new ObjectId('6a3e24312f2b2f71f964fd73'),
  percentage: 1.09,
  _id: new ObjectId('6a8ae1a04e390eec885285fc')
},{
  material: new ObjectId('6a3e24312f2b2f71f964fd7a'),
  percentage: 1.09,
  _id: new ObjectId('6a8ae1a04e390eec885285fd')
},{
  material: new ObjectId('6a3e24312f2b2f71f964fd82'),
  percentage: 1.09,
  _id: new ObjectId('6a8ae1a04e390eec885285fe')
},{
  material: new ObjectId('6a3e242f2f2b2f71f964fd46'),
  percentage: 37.01,
  _id: new ObjectId('6a8ae1a04e390eec885285fb')
}
Vanila Spray,Vanil_SP,spray,15,700,9.450000000000006,5.5515,0,0,true,"Warm, sweet vanilla fragrance with light intensity. Perfect for all-day comfort.",light,all,vanilla sweet warm,,{
  material: new ObjectId('6a3e242e2f2b2f71f964fd2d'),
  percentage: 48.03,
  _id: new ObjectId('6a8ae1a04e390eec885285ee')
},{
  material: new ObjectId('6a3e24312f2b2f71f964fd73'),
  percentage: 0.97,
  _id: new ObjectId('6a8ae1a04e390eec885285ef')
},{
  material: new ObjectId('6a3e24312f2b2f71f964fd7a'),
  percentage: 0.97,
  _id: new ObjectId('6a8ae1a04e390eec885285f0')
},{
  material: new ObjectId('6a3e24312f2b2f71f964fd82'),
  percentage: 0.97,
  _id: new ObjectId('6a8ae1a04e390eec885285f1')
},{
  material: new ObjectId('6a3e24312f2b2f71f964fd73'),
  percentage: 0.92,
  _id: new ObjectId('6a8ae1a04e390eec885285f2')
},{
  material: new ObjectId('6a3e24312f2b2f71f964fd7a'),
  percentage: 0.92,
  _id: new ObjectId('6a8ae1a04e390eec885285f3')
},{
  material: new ObjectId('6a3e24312f2b2f71f964fd82'),
  percentage: 0.92,
  _id: new ObjectId('6a8ae1a04e390eec885285f4')
},{
  material: new ObjectId('6a3e24312f2b2f71f964fd73'),
  percentage: 0.98,
  _id: new ObjectId('6a8ae1a04e390eec885285f5')
},{
  material: new ObjectId('6a3e24312f2b2f71f964fd7a'),
  percentage: 0.98,
  _id: new ObjectId('6a8ae1a04e390eec885285f6')
},{
  material: new ObjectId('6a3e24312f2b2f71f964fd82'),
  percentage: 0.98,
  _id: new ObjectId('6a8ae1a04e390eec885285f7')
},{
  material: new ObjectId('6a3e24312f2b2f71f964fd73'),
  percentage: 1.03,
  _id: new ObjectId('6a8ae1a04e390eec885285f8')
},{
  material: new ObjectId('6a3e24312f2b2f71f964fd7a'),
  percentage: 1.03,
  _id: new ObjectId('6a8ae1a04e390eec885285f9')
},{
  material: new ObjectId('6a3e24312f2b2f71f964fd82'),
  percentage: 1.03,
  _id: new ObjectId('6a8ae1a04e390eec885285fa')
},{
  material: new ObjectId('6a3e24312f2b2f71f964fd73'),
  percentage: 1.09,
  _id: new ObjectId('6a8ae1a04e390eec885285fc')
},{
  material: new ObjectId('6a3e24312f2b2f71f964fd7a'),
  percentage: 1.09,
  _id: new ObjectId('6a8ae1a04e390eec885285fd')
},{
  material: new ObjectId('6a3e24312f2b2f71f964fd82'),
  percentage: 1.09,
  _id: new ObjectId('6a8ae1a04e390eec885285fe')
},{
  material: new ObjectId('6a3e242f2f2b2f71f964fd46'),
  percentage: 37.01,
  _id: new ObjectId('6a8ae1a04e390eec885285fb')
}
Vanila Spray,Vanil_SP,spray,30,1000,18.900000000000013,11.103,0,0,true,"Warm, sweet vanilla fragrance with light intensity. Perfect for all-day comfort.",light,all,vanilla sweet warm,,{
  material: new ObjectId('6a3e242e2f2b2f71f964fd2d'),
  percentage: 48.03,
  _id: new ObjectId('6a8ae1a04e390eec885285ee')
},{
  material: new ObjectId('6a3e24312f2b2f71f964fd73'),
  percentage: 0.97,
  _id: new ObjectId('6a8ae1a04e390eec885285ef')
},{
  material: new ObjectId('6a3e24312f2b2f71f964fd7a'),
  percentage: 0.97,
  _id: new ObjectId('6a8ae1a04e390eec885285f0')
},{
  material: new ObjectId('6a3e24312f2b2f71f964fd82'),
  percentage: 0.97,
  _id: new ObjectId('6a8ae1a04e390eec885285f1')
},{
  material: new ObjectId('6a3e24312f2b2f71f964fd73'),
  percentage: 0.92,
  _id: new ObjectId('6a8ae1a04e390eec885285f2')
},{
  material: new ObjectId('6a3e24312f2b2f71f964fd7a'),
  percentage: 0.92,
  _id: new ObjectId('6a8ae1a04e390eec885285f3')
},{
  material: new ObjectId('6a3e24312f2b2f71f964fd82'),
  percentage: 0.92,
  _id: new ObjectId('6a8ae1a04e390eec885285f4')
},{
  material: new ObjectId('6a3e24312f2b2f71f964fd73'),
  percentage: 0.98,
  _id: new ObjectId('6a8ae1a04e390eec885285f5')
},{
  material: new ObjectId('6a3e24312f2b2f71f964fd7a'),
  percentage: 0.98,
  _id: new ObjectId('6a8ae1a04e390eec885285f6')
},{
  material: new ObjectId('6a3e24312f2b2f71f964fd82'),
  percentage: 0.98,
  _id: new ObjectId('6a8ae1a04e390eec885285f7')
},{
  material: new ObjectId('6a3e24312f2b2f71f964fd73'),
  percentage: 1.03,
  _id: new ObjectId('6a8ae1a04e390eec885285f8')
},{
  material: new ObjectId('6a3e24312f2b2f71f964fd7a'),
  percentage: 1.03,
  _id: new ObjectId('6a8ae1a04e390eec885285f9')
},{
  material: new ObjectId('6a3e24312f2b2f71f964fd82'),
  percentage: 1.03,
  _id: new ObjectId('6a8ae1a04e390eec885285fa')
},{
  material: new ObjectId('6a3e24312f2b2f71f964fd73'),
  percentage: 1.09,
  _id: new ObjectId('6a8ae1a04e390eec885285fc')
},{
  material: new ObjectId('6a3e24312f2b2f71f964fd7a'),
  percentage: 1.09,
  _id: new ObjectId('6a8ae1a04e390eec885285fd')
},{
  material: new ObjectId('6a3e24312f2b2f71f964fd82'),
  percentage: 1.09,
  _id: new ObjectId('6a8ae1a04e390eec885285fe')
},{
  material: new ObjectId('6a3e242f2f2b2f71f964fd46'),
  percentage: 37.01,
  _id: new ObjectId('6a8ae1a04e390eec885285fb')
}
Vanila Spray,Vanil_SP,spray,50,1300,31.500000000000004,18.505,0,0,true,"Warm, sweet vanilla fragrance with light intensity. Perfect for all-day comfort.",light,all,vanilla sweet warm,,{
  material: new ObjectId('6a3e242e2f2b2f71f964fd2d'),
  percentage: 48.03,
  _id: new ObjectId('6a8ae1a04e390eec885285ee')
},{
  material: new ObjectId('6a3e24312f2b2f71f964fd73'),
  percentage: 0.97,
  _id: new ObjectId('6a8ae1a04e390eec885285ef')
},{
  material: new ObjectId('6a3e24312f2b2f71f964fd7a'),
  percentage: 0.97,
  _id: new ObjectId('6a8ae1a04e390eec885285f0')
},{
  material: new ObjectId('6a3e24312f2b2f71f964fd82'),
  percentage: 0.97,
  _id: new ObjectId('6a8ae1a04e390eec885285f1')
},{
  material: new ObjectId('6a3e24312f2b2f71f964fd73'),
  percentage: 0.92,
  _id: new ObjectId('6a8ae1a04e390eec885285f2')
},{
  material: new ObjectId('6a3e24312f2b2f71f964fd7a'),
  percentage: 0.92,
  _id: new ObjectId('6a8ae1a04e390eec885285f3')
},{
  material: new ObjectId('6a3e24312f2b2f71f964fd82'),
  percentage: 0.92,
  _id: new ObjectId('6a8ae1a04e390eec885285f4')
},{
  material: new ObjectId('6a3e24312f2b2f71f964fd73'),
  percentage: 0.98,
  _id: new ObjectId('6a8ae1a04e390eec885285f5')
},{
  material: new ObjectId('6a3e24312f2b2f71f964fd7a'),
  percentage: 0.98,
  _id: new ObjectId('6a8ae1a04e390eec885285f6')
},{
  material: new ObjectId('6a3e24312f2b2f71f964fd82'),
  percentage: 0.98,
  _id: new ObjectId('6a8ae1a04e390eec885285f7')
},{
  material: new ObjectId('6a3e24312f2b2f71f964fd73'),
  percentage: 1.03,
  _id: new ObjectId('6a8ae1a04e390eec885285f8')
},{
  material: new ObjectId('6a3e24312f2b2f71f964fd7a'),
  percentage: 1.03,
  _id: new ObjectId('6a8ae1a04e390eec885285f9')
},{
  material: new ObjectId('6a3e24312f2b2f71f964fd82'),
  percentage: 1.03,
  _id: new ObjectId('6a8ae1a04e390eec885285fa')
},{
  material: new ObjectId('6a3e24312f2b2f71f964fd73'),
  percentage: 1.09,
  _id: new ObjectId('6a8ae1a04e390eec885285fc')
},{
  material: new ObjectId('6a3e24312f2b2f71f964fd7a'),
  percentage: 1.09,
  _id: new ObjectId('6a8ae1a04e390eec885285fd')
},{
  material: new ObjectId('6a3e24312f2b2f71f964fd82'),
  percentage: 1.09,
  _id: new ObjectId('6a8ae1a04e390eec885285fe')
},{
  material: new ObjectId('6a3e242f2f2b2f71f964fd46'),
  percentage: 37.01,
  _id: new ObjectId('6a8ae1a04e390eec885285fb')
}
Vanila Spray,Vanil_SP,spray,100,1700,63.00000000000001,37.01,0,0,true,"Warm, sweet vanilla fragrance with light intensity. Perfect for all-day comfort.",light,all,vanilla sweet warm,,{
  material: new ObjectId('6a3e242e2f2b2f71f964fd2d'),
  percentage: 48.03,
  _id: new ObjectId('6a8ae1a04e390eec885285ee')
},{
  material: new ObjectId('6a3e24312f2b2f71f964fd73'),
  percentage: 0.97,
  _id: new ObjectId('6a8ae1a04e390eec885285ef')
},{
  material: new ObjectId('6a3e24312f2b2f71f964fd7a'),
  percentage: 0.97,
  _id: new ObjectId('6a8ae1a04e390eec885285f0')
},{
  material: new ObjectId('6a3e24312f2b2f71f964fd82'),
  percentage: 0.97,
  _id: new ObjectId('6a8ae1a04e390eec885285f1')
},{
  material: new ObjectId('6a3e24312f2b2f71f964fd73'),
  percentage: 0.92,
  _id: new ObjectId('6a8ae1a04e390eec885285f2')
},{
  material: new ObjectId('6a3e24312f2b2f71f964fd7a'),
  percentage: 0.92,
  _id: new ObjectId('6a8ae1a04e390eec885285f3')
},{
  material: new ObjectId('6a3e24312f2b2f71f964fd82'),
  percentage: 0.92,
  _id: new ObjectId('6a8ae1a04e390eec885285f4')
},{
  material: new ObjectId('6a3e24312f2b2f71f964fd73'),
  percentage: 0.98,
  _id: new ObjectId('6a8ae1a04e390eec885285f5')
},{
  material: new ObjectId('6a3e24312f2b2f71f964fd7a'),
  percentage: 0.98,
  _id: new ObjectId('6a8ae1a04e390eec885285f6')
},{
  material: new ObjectId('6a3e24312f2b2f71f964fd82'),
  percentage: 0.98,
  _id: new ObjectId('6a8ae1a04e390eec885285f7')
},{
  material: new ObjectId('6a3e24312f2b2f71f964fd73'),
  percentage: 1.03,
  _id: new ObjectId('6a8ae1a04e390eec885285f8')
},{
  material: new ObjectId('6a3e24312f2b2f71f964fd7a'),
  percentage: 1.03,
  _id: new ObjectId('6a8ae1a04e390eec885285f9')
},{
  material: new ObjectId('6a3e24312f2b2f71f964fd82'),
  percentage: 1.03,
  _id: new ObjectId('6a8ae1a04e390eec885285fa')
},{
  material: new ObjectId('6a3e24312f2b2f71f964fd73'),
  percentage: 1.09,
  _id: new ObjectId('6a8ae1a04e390eec885285fc')
},{
  material: new ObjectId('6a3e24312f2b2f71f964fd7a'),
  percentage: 1.09,
  _id: new ObjectId('6a8ae1a04e390eec885285fd')
},{
  material: new ObjectId('6a3e24312f2b2f71f964fd82'),
  percentage: 1.09,
  _id: new ObjectId('6a8ae1a04e390eec885285fe')
},{
  material: new ObjectId('6a3e242f2f2b2f71f964fd46'),
  percentage: 37.01,
  _id: new ObjectId('6a8ae1a04e390eec885285fb')
}
Versace EROS,VerEros,roll-on,3.5,150,3.5,0,0,132.05769230769232,true,"Fresh mint and vanilla fragrance with a strong, captivating presence. Ideal for evening wear.",strong,evening,fresh mint vanilla,6a3e242d2f2b2f71f964fd00,
Versace EROS,VerEros,roll-on,6,250,6,0,0,172.3846153846154,true,"Fresh mint and vanilla fragrance with a strong, captivating presence. Ideal for evening wear.",strong,evening,fresh mint vanilla,6a3e242d2f2b2f71f964fd00,
Versace EROS,VerEros,roll-on,15,650,15,0,0,223.46153846153845,true,"Fresh mint and vanilla fragrance with a strong, captivating presence. Ideal for evening wear.",strong,evening,fresh mint vanilla,6a3e242d2f2b2f71f964fd00,
Versace EROS,VerEros,roll-on,30,1250,30,0,0,361.9230769230769,true,"Fresh mint and vanilla fragrance with a strong, captivating presence. Ideal for evening wear.",strong,evening,fresh mint vanilla,6a3e242d2f2b2f71f964fd00,
Versace EROS Spray,VerEros_SP,spray,6,300,3.78,2.2206,0,152.98507692307692,true,"Fresh mint and vanilla fragrance with a strong, captivating presence. Ideal for evening wear.",strong,evening,fresh mint vanilla,,{
  material: new ObjectId('6a3e242d2f2b2f71f964fd00'),
  percentage: 48.03,
  _id: new ObjectId('6a8ae19e4e390eec88528482')
},{
  material: new ObjectId('6a3e24312f2b2f71f964fd73'),
  percentage: 0.97,
  _id: new ObjectId('6a8ae19e4e390eec88528483')
},{
  material: new ObjectId('6a3e24312f2b2f71f964fd7a'),
  percentage: 0.97,
  _id: new ObjectId('6a8ae19e4e390eec88528484')
},{
  material: new ObjectId('6a3e24312f2b2f71f964fd82'),
  percentage: 0.97,
  _id: new ObjectId('6a8ae19e4e390eec88528485')
},{
  material: new ObjectId('6a3e24312f2b2f71f964fd73'),
  percentage: 0.92,
  _id: new ObjectId('6a8ae19e4e390eec88528486')
},{
  material: new ObjectId('6a3e24312f2b2f71f964fd7a'),
  percentage: 0.92,
  _id: new ObjectId('6a8ae19e4e390eec88528487')
},{
  material: new ObjectId('6a3e24312f2b2f71f964fd82'),
  percentage: 0.92,
  _id: new ObjectId('6a8ae19e4e390eec88528488')
},{
  material: new ObjectId('6a3e24312f2b2f71f964fd73'),
  percentage: 0.98,
  _id: new ObjectId('6a8ae19e4e390eec88528489')
},{
  material: new ObjectId('6a3e24312f2b2f71f964fd7a'),
  percentage: 0.98,
  _id: new ObjectId('6a8ae19e4e390eec8852848a')
},{
  material: new ObjectId('6a3e24312f2b2f71f964fd82'),
  percentage: 0.98,
  _id: new ObjectId('6a8ae19e4e390eec8852848b')
},{
  material: new ObjectId('6a3e24312f2b2f71f964fd73'),
  percentage: 1.03,
  _id: new ObjectId('6a8ae19e4e390eec8852848c')
},{
  material: new ObjectId('6a3e24312f2b2f71f964fd7a'),
  percentage: 1.03,
  _id: new ObjectId('6a8ae19e4e390eec8852848d')
},{
  material: new ObjectId('6a3e24312f2b2f71f964fd82'),
  percentage: 1.03,
  _id: new ObjectId('6a8ae19e4e390eec8852848e')
},{
  material: new ObjectId('6a3e24312f2b2f71f964fd73'),
  percentage: 1.09,
  _id: new ObjectId('6a8ae19e4e390eec88528490')
},{
  material: new ObjectId('6a3e24312f2b2f71f964fd7a'),
  percentage: 1.09,
  _id: new ObjectId('6a8ae19e4e390eec88528491')
},{
  material: new ObjectId('6a3e24312f2b2f71f964fd82'),
  percentage: 1.09,
  _id: new ObjectId('6a8ae19e4e390eec88528492')
},{
  material: new ObjectId('6a3e242f2f2b2f71f964fd46'),
  percentage: 37.01,
  _id: new ObjectId('6a8ae19e4e390eec8852848f')
}
Versace EROS Spray,VerEros_SP,spray,15,700,9.450000000000006,5.5515,0,209.9626923076923,true,"Fresh mint and vanilla fragrance with a strong, captivating presence. Ideal for evening wear.",strong,evening,fresh mint vanilla,,{
  material: new ObjectId('6a3e242d2f2b2f71f964fd00'),
  percentage: 48.03,
  _id: new ObjectId('6a8ae19e4e390eec88528482')
},{
  material: new ObjectId('6a3e24312f2b2f71f964fd73'),
  percentage: 0.97,
  _id: new ObjectId('6a8ae19e4e390eec88528483')
},{
  material: new ObjectId('6a3e24312f2b2f71f964fd7a'),
  percentage: 0.97,
  _id: new ObjectId('6a8ae19e4e390eec88528484')
},{
  material: new ObjectId('6a3e24312f2b2f71f964fd82'),
  percentage: 0.97,
  _id: new ObjectId('6a8ae19e4e390eec88528485')
},{
  material: new ObjectId('6a3e24312f2b2f71f964fd73'),
  percentage: 0.92,
  _id: new ObjectId('6a8ae19e4e390eec88528486')
},{
  material: new ObjectId('6a3e24312f2b2f71f964fd7a'),
  percentage: 0.92,
  _id: new ObjectId('6a8ae19e4e390eec88528487')
},{
  material: new ObjectId('6a3e24312f2b2f71f964fd82'),
  percentage: 0.92,
  _id: new ObjectId('6a8ae19e4e390eec88528488')
},{
  material: new ObjectId('6a3e24312f2b2f71f964fd73'),
  percentage: 0.98,
  _id: new ObjectId('6a8ae19e4e390eec88528489')
},{
  material: new ObjectId('6a3e24312f2b2f71f964fd7a'),
  percentage: 0.98,
  _id: new ObjectId('6a8ae19e4e390eec8852848a')
},{
  material: new ObjectId('6a3e24312f2b2f71f964fd82'),
  percentage: 0.98,
  _id: new ObjectId('6a8ae19e4e390eec8852848b')
},{
  material: new ObjectId('6a3e24312f2b2f71f964fd73'),
  percentage: 1.03,
  _id: new ObjectId('6a8ae19e4e390eec8852848c')
},{
  material: new ObjectId('6a3e24312f2b2f71f964fd7a'),
  percentage: 1.03,
  _id: new ObjectId('6a8ae19e4e390eec8852848d')
},{
  material: new ObjectId('6a3e24312f2b2f71f964fd82'),
  percentage: 1.03,
  _id: new ObjectId('6a8ae19e4e390eec8852848e')
},{
  material: new ObjectId('6a3e24312f2b2f71f964fd73'),
  percentage: 1.09,
  _id: new ObjectId('6a8ae19e4e390eec88528490')
},{
  material: new ObjectId('6a3e24312f2b2f71f964fd7a'),
  percentage: 1.09,
  _id: new ObjectId('6a8ae19e4e390eec88528491')
},{
  material: new ObjectId('6a3e24312f2b2f71f964fd82'),
  percentage: 1.09,
  _id: new ObjectId('6a8ae19e4e390eec88528492')
},{
  material: new ObjectId('6a3e242f2f2b2f71f964fd46'),
  percentage: 37.01,
  _id: new ObjectId('6a8ae19e4e390eec8852848f')
}
Versace EROS Spray,VerEros_SP,spray,30,1000,18.900000000000013,11.103,0,364.9253846153846,true,"Fresh mint and vanilla fragrance with a strong, captivating presence. Ideal for evening wear.",strong,evening,fresh mint vanilla,,{
  material: new ObjectId('6a3e242d2f2b2f71f964fd00'),
  percentage: 48.03,
  _id: new ObjectId('6a8ae19e4e390eec88528482')
},{
  material: new ObjectId('6a3e24312f2b2f71f964fd73'),
  percentage: 0.97,
  _id: new ObjectId('6a8ae19e4e390eec88528483')
},{
  material: new ObjectId('6a3e24312f2b2f71f964fd7a'),
  percentage: 0.97,
  _id: new ObjectId('6a8ae19e4e390eec88528484')
},{
  material: new ObjectId('6a3e24312f2b2f71f964fd82'),
  percentage: 0.97,
  _id: new ObjectId('6a8ae19e4e390eec88528485')
},{
  material: new ObjectId('6a3e24312f2b2f71f964fd73'),
  percentage: 0.92,
  _id: new ObjectId('6a8ae19e4e390eec88528486')
},{
  material: new ObjectId('6a3e24312f2b2f71f964fd7a'),
  percentage: 0.92,
  _id: new ObjectId('6a8ae19e4e390eec88528487')
},{
  material: new ObjectId('6a3e24312f2b2f71f964fd82'),
  percentage: 0.92,
  _id: new ObjectId('6a8ae19e4e390eec88528488')
},{
  material: new ObjectId('6a3e24312f2b2f71f964fd73'),
  percentage: 0.98,
  _id: new ObjectId('6a8ae19e4e390eec88528489')
},{
  material: new ObjectId('6a3e24312f2b2f71f964fd7a'),
  percentage: 0.98,
  _id: new ObjectId('6a8ae19e4e390eec8852848a')
},{
  material: new ObjectId('6a3e24312f2b2f71f964fd82'),
  percentage: 0.98,
  _id: new ObjectId('6a8ae19e4e390eec8852848b')
},{
  material: new ObjectId('6a3e24312f2b2f71f964fd73'),
  percentage: 1.03,
  _id: new ObjectId('6a8ae19e4e390eec8852848c')
},{
  material: new ObjectId('6a3e24312f2b2f71f964fd7a'),
  percentage: 1.03,
  _id: new ObjectId('6a8ae19e4e390eec8852848d')
},{
  material: new ObjectId('6a3e24312f2b2f71f964fd82'),
  percentage: 1.03,
  _id: new ObjectId('6a8ae19e4e390eec8852848e')
},{
  material: new ObjectId('6a3e24312f2b2f71f964fd73'),
  percentage: 1.09,
  _id: new ObjectId('6a8ae19e4e390eec88528490')
},{
  material: new ObjectId('6a3e24312f2b2f71f964fd7a'),
  percentage: 1.09,
  _id: new ObjectId('6a8ae19e4e390eec88528491')
},{
  material: new ObjectId('6a3e24312f2b2f71f964fd82'),
  percentage: 1.09,
  _id: new ObjectId('6a8ae19e4e390eec88528492')
},{
  material: new ObjectId('6a3e242f2f2b2f71f964fd46'),
  percentage: 37.01,
  _id: new ObjectId('6a8ae19e4e390eec8852848f')
}
Versace EROS Spray,VerEros_SP,spray,50,1300,31.500000000000004,18.505,0,491.5423076923077,true,"Fresh mint and vanilla fragrance with a strong, captivating presence. Ideal for evening wear.",strong,evening,fresh mint vanilla,,{
  material: new ObjectId('6a3e242d2f2b2f71f964fd00'),
  percentage: 48.03,
  _id: new ObjectId('6a8ae19e4e390eec88528482')
},{
  material: new ObjectId('6a3e24312f2b2f71f964fd73'),
  percentage: 0.97,
  _id: new ObjectId('6a8ae19e4e390eec88528483')
},{
  material: new ObjectId('6a3e24312f2b2f71f964fd7a'),
  percentage: 0.97,
  _id: new ObjectId('6a8ae19e4e390eec88528484')
},{
  material: new ObjectId('6a3e24312f2b2f71f964fd82'),
  percentage: 0.97,
  _id: new ObjectId('6a8ae19e4e390eec88528485')
},{
  material: new ObjectId('6a3e24312f2b2f71f964fd73'),
  percentage: 0.92,
  _id: new ObjectId('6a8ae19e4e390eec88528486')
},{
  material: new ObjectId('6a3e24312f2b2f71f964fd7a'),
  percentage: 0.92,
  _id: new ObjectId('6a8ae19e4e390eec88528487')
},{
  material: new ObjectId('6a3e24312f2b2f71f964fd82'),
  percentage: 0.92,
  _id: new ObjectId('6a8ae19e4e390eec88528488')
},{
  material: new ObjectId('6a3e24312f2b2f71f964fd73'),
  percentage: 0.98,
  _id: new ObjectId('6a8ae19e4e390eec88528489')
},{
  material: new ObjectId('6a3e24312f2b2f71f964fd7a'),
  percentage: 0.98,
  _id: new ObjectId('6a8ae19e4e390eec8852848a')
},{
  material: new ObjectId('6a3e24312f2b2f71f964fd82'),
  percentage: 0.98,
  _id: new ObjectId('6a8ae19e4e390eec8852848b')
},{
  material: new ObjectId('6a3e24312f2b2f71f964fd73'),
  percentage: 1.03,
  _id: new ObjectId('6a8ae19e4e390eec8852848c')
},{
  material: new ObjectId('6a3e24312f2b2f71f964fd7a'),
  percentage: 1.03,
  _id: new ObjectId('6a8ae19e4e390eec8852848d')
},{
  material: new ObjectId('6a3e24312f2b2f71f964fd82'),
  percentage: 1.03,
  _id: new ObjectId('6a8ae19e4e390eec8852848e')
},{
  material: new ObjectId('6a3e24312f2b2f71f964fd73'),
  percentage: 1.09,
  _id: new ObjectId('6a8ae19e4e390eec88528490')
},{
  material: new ObjectId('6a3e24312f2b2f71f964fd7a'),
  percentage: 1.09,
  _id: new ObjectId('6a8ae19e4e390eec88528491')
},{
  material: new ObjectId('6a3e24312f2b2f71f964fd82'),
  percentage: 1.09,
  _id: new ObjectId('6a8ae19e4e390eec88528492')
},{
  material: new ObjectId('6a3e242f2f2b2f71f964fd46'),
  percentage: 37.01,
  _id: new ObjectId('6a8ae19e4e390eec8852848f')
}
Versace EROS Spray,VerEros_SP,spray,100,1700,63.00000000000001,37.01,0,798.0846153846154,true,"Fresh mint and vanilla fragrance with a strong, captivating presence. Ideal for evening wear.",strong,evening,fresh mint vanilla,,{
  material: new ObjectId('6a3e242d2f2b2f71f964fd00'),
  percentage: 48.03,
  _id: new ObjectId('6a8ae19e4e390eec88528482')
},{
  material: new ObjectId('6a3e24312f2b2f71f964fd73'),
  percentage: 0.97,
  _id: new ObjectId('6a8ae19e4e390eec88528483')
},{
  material: new ObjectId('6a3e24312f2b2f71f964fd7a'),
  percentage: 0.97,
  _id: new ObjectId('6a8ae19e4e390eec88528484')
},{
  material: new ObjectId('6a3e24312f2b2f71f964fd82'),
  percentage: 0.97,
  _id: new ObjectId('6a8ae19e4e390eec88528485')
},{
  material: new ObjectId('6a3e24312f2b2f71f964fd73'),
  percentage: 0.92,
  _id: new ObjectId('6a8ae19e4e390eec88528486')
},{
  material: new ObjectId('6a3e24312f2b2f71f964fd7a'),
  percentage: 0.92,
  _id: new ObjectId('6a8ae19e4e390eec88528487')
},{
  material: new ObjectId('6a3e24312f2b2f71f964fd82'),
  percentage: 0.92,
  _id: new ObjectId('6a8ae19e4e390eec88528488')
},{
  material: new ObjectId('6a3e24312f2b2f71f964fd73'),
  percentage: 0.98,
  _id: new ObjectId('6a8ae19e4e390eec88528489')
},{
  material: new ObjectId('6a3e24312f2b2f71f964fd7a'),
  percentage: 0.98,
  _id: new ObjectId('6a8ae19e4e390eec8852848a')
},{
  material: new ObjectId('6a3e24312f2b2f71f964fd82'),
  percentage: 0.98,
  _id: new ObjectId('6a8ae19e4e390eec8852848b')
},{
  material: new ObjectId('6a3e24312f2b2f71f964fd73'),
  percentage: 1.03,
  _id: new ObjectId('6a8ae19e4e390eec8852848c')
},{
  material: new ObjectId('6a3e24312f2b2f71f964fd7a'),
  percentage: 1.03,
  _id: new ObjectId('6a8ae19e4e390eec8852848d')
},{
  material: new ObjectId('6a3e24312f2b2f71f964fd82'),
  percentage: 1.03,
  _id: new ObjectId('6a8ae19e4e390eec8852848e')
},{
  material: new ObjectId('6a3e24312f2b2f71f964fd73'),
  percentage: 1.09,
  _id: new ObjectId('6a8ae19e4e390eec88528490')
},{
  material: new ObjectId('6a3e24312f2b2f71f964fd7a'),
  percentage: 1.09,
  _id: new ObjectId('6a8ae19e4e390eec88528491')
},{
  material: new ObjectId('6a3e24312f2b2f71f964fd82'),
  percentage: 1.09,
  _id: new ObjectId('6a8ae19e4e390eec88528492')
},{
  material: new ObjectId('6a3e242f2f2b2f71f964fd46'),
  percentage: 37.01,
  _id: new ObjectId('6a8ae19e4e390eec8852848f')
}
Versace Eros Flame,VrEf,roll-on,3.5,210,3.5,0,0,155.67169697333333,true,"Top Notes: Mandarin orange, chinotto (bitter orange), lemon, Madagascar pepper, and rosemary.
Heart/Middle Notes: Pepperwood, geranium, and rose.
Base Notes: Vanilla, tonka bean, sandalwood, Texas cedar, patchouli, and oakmoss.",strong,special,Cold,Hot,Sweet,Spicy,6a77731f21fc6555b5eab138,
Versace Eros Flame,VrEf,roll-on,6,350,6,0,0,212.15315315027027,true,"Top Notes: Mandarin orange, chinotto (bitter orange), lemon, Madagascar pepper, and rosemary.
Heart/Middle Notes: Pepperwood, geranium, and rose.
Base Notes: Vanilla, tonka bean, sandalwood, Texas cedar, patchouli, and oakmoss.",strong,special,Cold,Hot,Sweet,Spicy,6a77731f21fc6555b5eab138,
Versace Eros Flame,VrEf,roll-on,15,850,15,0,0,360,true,"Top Notes: Mandarin orange, chinotto (bitter orange), lemon, Madagascar pepper, and rosemary.
Heart/Middle Notes: Pepperwood, geranium, and rose.
Base Notes: Vanilla, tonka bean, sandalwood, Texas cedar, patchouli, and oakmoss.",strong,special,Cold,Hot,Sweet,Spicy,6a77731f21fc6555b5eab138,
Versace Eros Flame,VrEf,roll-on,30,1400,30,0,0,565,true,"Top Notes: Mandarin orange, chinotto (bitter orange), lemon, Madagascar pepper, and rosemary.
Heart/Middle Notes: Pepperwood, geranium, and rose.
Base Notes: Vanilla, tonka bean, sandalwood, Texas cedar, patchouli, and oakmoss.",strong,special,Cold,Hot,Sweet,Spicy,6a77731f21fc6555b5eab138,
Versace Eros Flame Spray,VrEf_SP,spray,6,370,3.7811999999999997,2.22,0,178.018,true,"Top Notes: Mandarin orange, chinotto (bitter orange), lemon, Madagascar pepper, and rosemary.
Heart/Middle Notes: Pepperwood, geranium, and rose.
Base Notes: Vanilla, tonka bean, sandalwood, Texas cedar, patchouli, and oakmoss.",strong,special,Cold,Hot,Sweet,Spicy,,{
  material: new ObjectId('6a77731f21fc6555b5eab138'),
  percentage: 45.44,
  _id: new ObjectId('6a8ae1a64e390eec885288ec')
},{
  material: new ObjectId('6a3e24312f2b2f71f964fd82'),
  percentage: 0.87,
  _id: new ObjectId('6a8ae1a64e390eec885288ed')
},{
  material: new ObjectId('6a3e24312f2b2f71f964fd73'),
  percentage: 0.87,
  _id: new ObjectId('6a8ae1a64e390eec885288ee')
},{
  material: new ObjectId('6a3e24312f2b2f71f964fd7a'),
  percentage: 0.87,
  _id: new ObjectId('6a8ae1a64e390eec885288ef')
},{
  material: new ObjectId('6a3e24312f2b2f71f964fd73'),
  percentage: 0.97,
  _id: new ObjectId('6a8ae1a64e390eec885288f0')
},{
  material: new ObjectId('6a3e24312f2b2f71f964fd7a'),
  percentage: 0.97,
  _id: new ObjectId('6a8ae1a64e390eec885288f1')
},{
  material: new ObjectId('6a3e24312f2b2f71f964fd82'),
  percentage: 0.97,
  _id: new ObjectId('6a8ae1a64e390eec885288f2')
},{
  material: new ObjectId('6a3e24312f2b2f71f964fd73'),
  percentage: 0.92,
  _id: new ObjectId('6a8ae1a64e390eec885288f3')
},{
  material: new ObjectId('6a3e24312f2b2f71f964fd7a'),
  percentage: 0.92,
  _id: new ObjectId('6a8ae1a64e390eec885288f4')
},{
  material: new ObjectId('6a3e24312f2b2f71f964fd82'),
  percentage: 0.92,
  _id: new ObjectId('6a8ae1a64e390eec885288f5')
},{
  material: new ObjectId('6a3e24312f2b2f71f964fd73'),
  percentage: 0.98,
  _id: new ObjectId('6a8ae1a64e390eec885288f6')
},{
  material: new ObjectId('6a3e24312f2b2f71f964fd7a'),
  percentage: 0.98,
  _id: new ObjectId('6a8ae1a64e390eec885288f7')
},{
  material: new ObjectId('6a3e24312f2b2f71f964fd82'),
  percentage: 0.98,
  _id: new ObjectId('6a8ae1a64e390eec885288f8')
},{
  material: new ObjectId('6a3e24312f2b2f71f964fd73'),
  percentage: 1.03,
  _id: new ObjectId('6a8ae1a64e390eec885288f9')
},{
  material: new ObjectId('6a3e24312f2b2f71f964fd7a'),
  percentage: 1.03,
  _id: new ObjectId('6a8ae1a64e390eec885288fa')
},{
  material: new ObjectId('6a3e24312f2b2f71f964fd82'),
  percentage: 1.03,
  _id: new ObjectId('6a8ae1a64e390eec885288fb')
},{
  material: new ObjectId('6a3e24312f2b2f71f964fd73'),
  percentage: 1.09,
  _id: new ObjectId('6a8ae1a64e390eec885288fd')
},{
  material: new ObjectId('6a3e24312f2b2f71f964fd7a'),
  percentage: 1.09,
  _id: new ObjectId('6a8ae1a64e390eec885288fe')
},{
  material: new ObjectId('6a3e24312f2b2f71f964fd82'),
  percentage: 1.09,
  _id: new ObjectId('6a8ae1a64e390eec885288ff')
},{
  material: new ObjectId('6a3e242f2f2b2f71f964fd46'),
  percentage: 37,
  _id: new ObjectId('6a8ae1a64e390eec885288fc')
}
Versace Eros Flame Spray,VrEf_SP,spray,15,870,9.453000000000003,5.55,0,272.545,true,"Top Notes: Mandarin orange, chinotto (bitter orange), lemon, Madagascar pepper, and rosemary.
Heart/Middle Notes: Pepperwood, geranium, and rose.
Base Notes: Vanilla, tonka bean, sandalwood, Texas cedar, patchouli, and oakmoss.",strong,special,Cold,Hot,Sweet,Spicy,,{
  material: new ObjectId('6a77731f21fc6555b5eab138'),
  percentage: 45.44,
  _id: new ObjectId('6a8ae1a64e390eec885288ec')
},{
  material: new ObjectId('6a3e24312f2b2f71f964fd82'),
  percentage: 0.87,
  _id: new ObjectId('6a8ae1a64e390eec885288ed')
},{
  material: new ObjectId('6a3e24312f2b2f71f964fd73'),
  percentage: 0.87,
  _id: new ObjectId('6a8ae1a64e390eec885288ee')
},{
  material: new ObjectId('6a3e24312f2b2f71f964fd7a'),
  percentage: 0.87,
  _id: new ObjectId('6a8ae1a64e390eec885288ef')
},{
  material: new ObjectId('6a3e24312f2b2f71f964fd73'),
  percentage: 0.97,
  _id: new ObjectId('6a8ae1a64e390eec885288f0')
},{
  material: new ObjectId('6a3e24312f2b2f71f964fd7a'),
  percentage: 0.97,
  _id: new ObjectId('6a8ae1a64e390eec885288f1')
},{
  material: new ObjectId('6a3e24312f2b2f71f964fd82'),
  percentage: 0.97,
  _id: new ObjectId('6a8ae1a64e390eec885288f2')
},{
  material: new ObjectId('6a3e24312f2b2f71f964fd73'),
  percentage: 0.92,
  _id: new ObjectId('6a8ae1a64e390eec885288f3')
},{
  material: new ObjectId('6a3e24312f2b2f71f964fd7a'),
  percentage: 0.92,
  _id: new ObjectId('6a8ae1a64e390eec885288f4')
},{
  material: new ObjectId('6a3e24312f2b2f71f964fd82'),
  percentage: 0.92,
  _id: new ObjectId('6a8ae1a64e390eec885288f5')
},{
  material: new ObjectId('6a3e24312f2b2f71f964fd73'),
  percentage: 0.98,
  _id: new ObjectId('6a8ae1a64e390eec885288f6')
},{
  material: new ObjectId('6a3e24312f2b2f71f964fd7a'),
  percentage: 0.98,
  _id: new ObjectId('6a8ae1a64e390eec885288f7')
},{
  material: new ObjectId('6a3e24312f2b2f71f964fd82'),
  percentage: 0.98,
  _id: new ObjectId('6a8ae1a64e390eec885288f8')
},{
  material: new ObjectId('6a3e24312f2b2f71f964fd73'),
  percentage: 1.03,
  _id: new ObjectId('6a8ae1a64e390eec885288f9')
},{
  material: new ObjectId('6a3e24312f2b2f71f964fd7a'),
  percentage: 1.03,
  _id: new ObjectId('6a8ae1a64e390eec885288fa')
},{
  material: new ObjectId('6a3e24312f2b2f71f964fd82'),
  percentage: 1.03,
  _id: new ObjectId('6a8ae1a64e390eec885288fb')
},{
  material: new ObjectId('6a3e24312f2b2f71f964fd73'),
  percentage: 1.09,
  _id: new ObjectId('6a8ae1a64e390eec885288fd')
},{
  material: new ObjectId('6a3e24312f2b2f71f964fd7a'),
  percentage: 1.09,
  _id: new ObjectId('6a8ae1a64e390eec885288fe')
},{
  material: new ObjectId('6a3e24312f2b2f71f964fd82'),
  percentage: 1.09,
  _id: new ObjectId('6a8ae1a64e390eec885288ff')
},{
  material: new ObjectId('6a3e242f2f2b2f71f964fd46'),
  percentage: 37,
  _id: new ObjectId('6a8ae1a64e390eec885288fc')
}
Versace Eros Flame Spray,VrEf_SP,spray,30,1450,18.906000000000006,11.1,0,487.42333333333335,true,"Top Notes: Mandarin orange, chinotto (bitter orange), lemon, Madagascar pepper, and rosemary.
Heart/Middle Notes: Pepperwood, geranium, and rose.
Base Notes: Vanilla, tonka bean, sandalwood, Texas cedar, patchouli, and oakmoss.",strong,special,Cold,Hot,Sweet,Spicy,,{
  material: new ObjectId('6a77731f21fc6555b5eab138'),
  percentage: 45.44,
  _id: new ObjectId('6a8ae1a64e390eec885288ec')
},{
  material: new ObjectId('6a3e24312f2b2f71f964fd82'),
  percentage: 0.87,
  _id: new ObjectId('6a8ae1a64e390eec885288ed')
},{
  material: new ObjectId('6a3e24312f2b2f71f964fd73'),
  percentage: 0.87,
  _id: new ObjectId('6a8ae1a64e390eec885288ee')
},{
  material: new ObjectId('6a3e24312f2b2f71f964fd7a'),
  percentage: 0.87,
  _id: new ObjectId('6a8ae1a64e390eec885288ef')
},{
  material: new ObjectId('6a3e24312f2b2f71f964fd73'),
  percentage: 0.97,
  _id: new ObjectId('6a8ae1a64e390eec885288f0')
},{
  material: new ObjectId('6a3e24312f2b2f71f964fd7a'),
  percentage: 0.97,
  _id: new ObjectId('6a8ae1a64e390eec885288f1')
},{
  material: new ObjectId('6a3e24312f2b2f71f964fd82'),
  percentage: 0.97,
  _id: new ObjectId('6a8ae1a64e390eec885288f2')
},{
  material: new ObjectId('6a3e24312f2b2f71f964fd73'),
  percentage: 0.92,
  _id: new ObjectId('6a8ae1a64e390eec885288f3')
},{
  material: new ObjectId('6a3e24312f2b2f71f964fd7a'),
  percentage: 0.92,
  _id: new ObjectId('6a8ae1a64e390eec885288f4')
},{
  material: new ObjectId('6a3e24312f2b2f71f964fd82'),
  percentage: 0.92,
  _id: new ObjectId('6a8ae1a64e390eec885288f5')
},{
  material: new ObjectId('6a3e24312f2b2f71f964fd73'),
  percentage: 0.98,
  _id: new ObjectId('6a8ae1a64e390eec885288f6')
},{
  material: new ObjectId('6a3e24312f2b2f71f964fd7a'),
  percentage: 0.98,
  _id: new ObjectId('6a8ae1a64e390eec885288f7')
},{
  material: new ObjectId('6a3e24312f2b2f71f964fd82'),
  percentage: 0.98,
  _id: new ObjectId('6a8ae1a64e390eec885288f8')
},{
  material: new ObjectId('6a3e24312f2b2f71f964fd73'),
  percentage: 1.03,
  _id: new ObjectId('6a8ae1a64e390eec885288f9')
},{
  material: new ObjectId('6a3e24312f2b2f71f964fd7a'),
  percentage: 1.03,
  _id: new ObjectId('6a8ae1a64e390eec885288fa')
},{
  material: new ObjectId('6a3e24312f2b2f71f964fd82'),
  percentage: 1.03,
  _id: new ObjectId('6a8ae1a64e390eec885288fb')
},{
  material: new ObjectId('6a3e24312f2b2f71f964fd73'),
  percentage: 1.09,
  _id: new ObjectId('6a8ae1a64e390eec885288fd')
},{
  material: new ObjectId('6a3e24312f2b2f71f964fd7a'),
  percentage: 1.09,
  _id: new ObjectId('6a8ae1a64e390eec885288fe')
},{
  material: new ObjectId('6a3e24312f2b2f71f964fd82'),
  percentage: 1.09,
  _id: new ObjectId('6a8ae1a64e390eec885288ff')
},{
  material: new ObjectId('6a3e242f2f2b2f71f964fd46'),
  percentage: 37,
  _id: new ObjectId('6a8ae1a64e390eec885288fc')
}
Versace Eros Flame Spray,VrEf_SP,spray,50,1600,31.509999999999998,18.5,0,700.15,true,"Top Notes: Mandarin orange, chinotto (bitter orange), lemon, Madagascar pepper, and rosemary.
Heart/Middle Notes: Pepperwood, geranium, and rose.
Base Notes: Vanilla, tonka bean, sandalwood, Texas cedar, patchouli, and oakmoss.",strong,special,Cold,Hot,Sweet,Spicy,,{
  material: new ObjectId('6a77731f21fc6555b5eab138'),
  percentage: 45.44,
  _id: new ObjectId('6a8ae1a64e390eec885288ec')
},{
  material: new ObjectId('6a3e24312f2b2f71f964fd82'),
  percentage: 0.87,
  _id: new ObjectId('6a8ae1a64e390eec885288ed')
},{
  material: new ObjectId('6a3e24312f2b2f71f964fd73'),
  percentage: 0.87,
  _id: new ObjectId('6a8ae1a64e390eec885288ee')
},{
  material: new ObjectId('6a3e24312f2b2f71f964fd7a'),
  percentage: 0.87,
  _id: new ObjectId('6a8ae1a64e390eec885288ef')
},{
  material: new ObjectId('6a3e24312f2b2f71f964fd73'),
  percentage: 0.97,
  _id: new ObjectId('6a8ae1a64e390eec885288f0')
},{
  material: new ObjectId('6a3e24312f2b2f71f964fd7a'),
  percentage: 0.97,
  _id: new ObjectId('6a8ae1a64e390eec885288f1')
},{
  material: new ObjectId('6a3e24312f2b2f71f964fd82'),
  percentage: 0.97,
  _id: new ObjectId('6a8ae1a64e390eec885288f2')
},{
  material: new ObjectId('6a3e24312f2b2f71f964fd73'),
  percentage: 0.92,
  _id: new ObjectId('6a8ae1a64e390eec885288f3')
},{
  material: new ObjectId('6a3e24312f2b2f71f964fd7a'),
  percentage: 0.92,
  _id: new ObjectId('6a8ae1a64e390eec885288f4')
},{
  material: new ObjectId('6a3e24312f2b2f71f964fd82'),
  percentage: 0.92,
  _id: new ObjectId('6a8ae1a64e390eec885288f5')
},{
  material: new ObjectId('6a3e24312f2b2f71f964fd73'),
  percentage: 0.98,
  _id: new ObjectId('6a8ae1a64e390eec885288f6')
},{
  material: new ObjectId('6a3e24312f2b2f71f964fd7a'),
  percentage: 0.98,
  _id: new ObjectId('6a8ae1a64e390eec885288f7')
},{
  material: new ObjectId('6a3e24312f2b2f71f964fd82'),
  percentage: 0.98,
  _id: new ObjectId('6a8ae1a64e390eec885288f8')
},{
  material: new ObjectId('6a3e24312f2b2f71f964fd73'),
  percentage: 1.03,
  _id: new ObjectId('6a8ae1a64e390eec885288f9')
},{
  material: new ObjectId('6a3e24312f2b2f71f964fd7a'),
  percentage: 1.03,
  _id: new ObjectId('6a8ae1a64e390eec885288fa')
},{
  material: new ObjectId('6a3e24312f2b2f71f964fd82'),
  percentage: 1.03,
  _id: new ObjectId('6a8ae1a64e390eec885288fb')
},{
  material: new ObjectId('6a3e24312f2b2f71f964fd73'),
  percentage: 1.09,
  _id: new ObjectId('6a8ae1a64e390eec885288fd')
},{
  material: new ObjectId('6a3e24312f2b2f71f964fd7a'),
  percentage: 1.09,
  _id: new ObjectId('6a8ae1a64e390eec885288fe')
},{
  material: new ObjectId('6a3e24312f2b2f71f964fd82'),
  percentage: 1.09,
  _id: new ObjectId('6a8ae1a64e390eec885288ff')
},{
  material: new ObjectId('6a3e242f2f2b2f71f964fd46'),
  percentage: 37,
  _id: new ObjectId('6a8ae1a64e390eec885288fc')
}
Versace Eros Flame Spray,VrEf_SP,spray,100,2500,63.019999999999996,37,0,1215.3,true,"Top Notes: Mandarin orange, chinotto (bitter orange), lemon, Madagascar pepper, and rosemary.
Heart/Middle Notes: Pepperwood, geranium, and rose.
Base Notes: Vanilla, tonka bean, sandalwood, Texas cedar, patchouli, and oakmoss.",strong,special,Cold,Hot,Sweet,Spicy,,{
  material: new ObjectId('6a77731f21fc6555b5eab138'),
  percentage: 45.44,
  _id: new ObjectId('6a8ae1a64e390eec885288ec')
},{
  material: new ObjectId('6a3e24312f2b2f71f964fd82'),
  percentage: 0.87,
  _id: new ObjectId('6a8ae1a64e390eec885288ed')
},{
  material: new ObjectId('6a3e24312f2b2f71f964fd73'),
  percentage: 0.87,
  _id: new ObjectId('6a8ae1a64e390eec885288ee')
},{
  material: new ObjectId('6a3e24312f2b2f71f964fd7a'),
  percentage: 0.87,
  _id: new ObjectId('6a8ae1a64e390eec885288ef')
},{
  material: new ObjectId('6a3e24312f2b2f71f964fd73'),
  percentage: 0.97,
  _id: new ObjectId('6a8ae1a64e390eec885288f0')
},{
  material: new ObjectId('6a3e24312f2b2f71f964fd7a'),
  percentage: 0.97,
  _id: new ObjectId('6a8ae1a64e390eec885288f1')
},{
  material: new ObjectId('6a3e24312f2b2f71f964fd82'),
  percentage: 0.97,
  _id: new ObjectId('6a8ae1a64e390eec885288f2')
},{
  material: new ObjectId('6a3e24312f2b2f71f964fd73'),
  percentage: 0.92,
  _id: new ObjectId('6a8ae1a64e390eec885288f3')
},{
  material: new ObjectId('6a3e24312f2b2f71f964fd7a'),
  percentage: 0.92,
  _id: new ObjectId('6a8ae1a64e390eec885288f4')
},{
  material: new ObjectId('6a3e24312f2b2f71f964fd82'),
  percentage: 0.92,
  _id: new ObjectId('6a8ae1a64e390eec885288f5')
},{
  material: new ObjectId('6a3e24312f2b2f71f964fd73'),
  percentage: 0.98,
  _id: new ObjectId('6a8ae1a64e390eec885288f6')
},{
  material: new ObjectId('6a3e24312f2b2f71f964fd7a'),
  percentage: 0.98,
  _id: new ObjectId('6a8ae1a64e390eec885288f7')
},{
  material: new ObjectId('6a3e24312f2b2f71f964fd82'),
  percentage: 0.98,
  _id: new ObjectId('6a8ae1a64e390eec885288f8')
},{
  material: new ObjectId('6a3e24312f2b2f71f964fd73'),
  percentage: 1.03,
  _id: new ObjectId('6a8ae1a64e390eec885288f9')
},{
  material: new ObjectId('6a3e24312f2b2f71f964fd7a'),
  percentage: 1.03,
  _id: new ObjectId('6a8ae1a64e390eec885288fa')
},{
  material: new ObjectId('6a3e24312f2b2f71f964fd82'),
  percentage: 1.03,
  _id: new ObjectId('6a8ae1a64e390eec885288fb')
},{
  material: new ObjectId('6a3e24312f2b2f71f964fd73'),
  percentage: 1.09,
  _id: new ObjectId('6a8ae1a64e390eec885288fd')
},{
  material: new ObjectId('6a3e24312f2b2f71f964fd7a'),
  percentage: 1.09,
  _id: new ObjectId('6a8ae1a64e390eec885288fe')
},{
  material: new ObjectId('6a3e24312f2b2f71f964fd82'),
  percentage: 1.09,
  _id: new ObjectId('6a8ae1a64e390eec885288ff')
},{
  material: new ObjectId('6a3e242f2f2b2f71f964fd46'),
  percentage: 37,
  _id: new ObjectId('6a8ae1a64e390eec885288fc')
}
White Oud,WO,roll-on,3.5,180,3.5,0,0,0,true,Strong woody oud fragrance. A sophisticated evening scent.,strong,evening,oud woody,6a3e24302f2b2f71f964fd50,
White Oud,WO,roll-on,6,280,6,0,0,0,true,Strong woody oud fragrance. A sophisticated evening scent.,strong,evening,oud woody,6a3e24302f2b2f71f964fd50,
White Oud,WO,roll-on,15,750,15,0,0,0,true,Strong woody oud fragrance. A sophisticated evening scent.,strong,evening,oud woody,6a3e24302f2b2f71f964fd50,
White Oud,WO,roll-on,30,1500,30,0,0,0,true,Strong woody oud fragrance. A sophisticated evening scent.,strong,evening,oud woody,6a3e24302f2b2f71f964fd50,
White Oud Spray,WO_SP,spray,6,330,3.78,2.2206,0,0,true,Strong woody oud fragrance. A sophisticated evening scent.,strong,evening,oud woody,,{
  material: new ObjectId('6a3e24302f2b2f71f964fd50'),
  percentage: 48.03,
  _id: new ObjectId('6a8ae1a34e390eec88528746')
},{
  material: new ObjectId('6a3e24312f2b2f71f964fd73'),
  percentage: 0.97,
  _id: new ObjectId('6a8ae1a34e390eec88528747')
},{
  material: new ObjectId('6a3e24312f2b2f71f964fd7a'),
  percentage: 0.97,
  _id: new ObjectId('6a8ae1a34e390eec88528748')
},{
  material: new ObjectId('6a3e24312f2b2f71f964fd82'),
  percentage: 0.97,
  _id: new ObjectId('6a8ae1a34e390eec88528749')
},{
  material: new ObjectId('6a3e24312f2b2f71f964fd73'),
  percentage: 0.92,
  _id: new ObjectId('6a8ae1a34e390eec8852874a')
},{
  material: new ObjectId('6a3e24312f2b2f71f964fd7a'),
  percentage: 0.92,
  _id: new ObjectId('6a8ae1a34e390eec8852874b')
},{
  material: new ObjectId('6a3e24312f2b2f71f964fd82'),
  percentage: 0.92,
  _id: new ObjectId('6a8ae1a34e390eec8852874c')
},{
  material: new ObjectId('6a3e24312f2b2f71f964fd73'),
  percentage: 0.98,
  _id: new ObjectId('6a8ae1a34e390eec8852874d')
},{
  material: new ObjectId('6a3e24312f2b2f71f964fd7a'),
  percentage: 0.98,
  _id: new ObjectId('6a8ae1a34e390eec8852874e')
},{
  material: new ObjectId('6a3e24312f2b2f71f964fd82'),
  percentage: 0.98,
  _id: new ObjectId('6a8ae1a34e390eec8852874f')
},{
  material: new ObjectId('6a3e24312f2b2f71f964fd73'),
  percentage: 1.03,
  _id: new ObjectId('6a8ae1a34e390eec88528750')
},{
  material: new ObjectId('6a3e24312f2b2f71f964fd7a'),
  percentage: 1.03,
  _id: new ObjectId('6a8ae1a34e390eec88528751')
},{
  material: new ObjectId('6a3e24312f2b2f71f964fd82'),
  percentage: 1.03,
  _id: new ObjectId('6a8ae1a34e390eec88528752')
},{
  material: new ObjectId('6a3e24312f2b2f71f964fd73'),
  percentage: 1.09,
  _id: new ObjectId('6a8ae1a34e390eec88528754')
},{
  material: new ObjectId('6a3e24312f2b2f71f964fd7a'),
  percentage: 1.09,
  _id: new ObjectId('6a8ae1a34e390eec88528755')
},{
  material: new ObjectId('6a3e24312f2b2f71f964fd82'),
  percentage: 1.09,
  _id: new ObjectId('6a8ae1a34e390eec88528756')
},{
  material: new ObjectId('6a3e242f2f2b2f71f964fd46'),
  percentage: 37.01,
  _id: new ObjectId('6a8ae1a34e390eec88528753')
}
White Oud Spray,WO_SP,spray,15,780,9.450000000000006,5.5515,0,0,true,Strong woody oud fragrance. A sophisticated evening scent.,strong,evening,oud woody,,{
  material: new ObjectId('6a3e24302f2b2f71f964fd50'),
  percentage: 48.03,
  _id: new ObjectId('6a8ae1a34e390eec88528746')
},{
  material: new ObjectId('6a3e24312f2b2f71f964fd73'),
  percentage: 0.97,
  _id: new ObjectId('6a8ae1a34e390eec88528747')
},{
  material: new ObjectId('6a3e24312f2b2f71f964fd7a'),
  percentage: 0.97,
  _id: new ObjectId('6a8ae1a34e390eec88528748')
},{
  material: new ObjectId('6a3e24312f2b2f71f964fd82'),
  percentage: 0.97,
  _id: new ObjectId('6a8ae1a34e390eec88528749')
},{
  material: new ObjectId('6a3e24312f2b2f71f964fd73'),
  percentage: 0.92,
  _id: new ObjectId('6a8ae1a34e390eec8852874a')
},{
  material: new ObjectId('6a3e24312f2b2f71f964fd7a'),
  percentage: 0.92,
  _id: new ObjectId('6a8ae1a34e390eec8852874b')
},{
  material: new ObjectId('6a3e24312f2b2f71f964fd82'),
  percentage: 0.92,
  _id: new ObjectId('6a8ae1a34e390eec8852874c')
},{
  material: new ObjectId('6a3e24312f2b2f71f964fd73'),
  percentage: 0.98,
  _id: new ObjectId('6a8ae1a34e390eec8852874d')
},{
  material: new ObjectId('6a3e24312f2b2f71f964fd7a'),
  percentage: 0.98,
  _id: new ObjectId('6a8ae1a34e390eec8852874e')
},{
  material: new ObjectId('6a3e24312f2b2f71f964fd82'),
  percentage: 0.98,
  _id: new ObjectId('6a8ae1a34e390eec8852874f')
},{
  material: new ObjectId('6a3e24312f2b2f71f964fd73'),
  percentage: 1.03,
  _id: new ObjectId('6a8ae1a34e390eec88528750')
},{
  material: new ObjectId('6a3e24312f2b2f71f964fd7a'),
  percentage: 1.03,
  _id: new ObjectId('6a8ae1a34e390eec88528751')
},{
  material: new ObjectId('6a3e24312f2b2f71f964fd82'),
  percentage: 1.03,
  _id: new ObjectId('6a8ae1a34e390eec88528752')
},{
  material: new ObjectId('6a3e24312f2b2f71f964fd73'),
  percentage: 1.09,
  _id: new ObjectId('6a8ae1a34e390eec88528754')
},{
  material: new ObjectId('6a3e24312f2b2f71f964fd7a'),
  percentage: 1.09,
  _id: new ObjectId('6a8ae1a34e390eec88528755')
},{
  material: new ObjectId('6a3e24312f2b2f71f964fd82'),
  percentage: 1.09,
  _id: new ObjectId('6a8ae1a34e390eec88528756')
},{
  material: new ObjectId('6a3e242f2f2b2f71f964fd46'),
  percentage: 37.01,
  _id: new ObjectId('6a8ae1a34e390eec88528753')
}
White Oud Spray,WO_SP,spray,30,1050,18.900000000000013,11.103,0,0,true,Strong woody oud fragrance. A sophisticated evening scent.,strong,evening,oud woody,,{
  material: new ObjectId('6a3e24302f2b2f71f964fd50'),
  percentage: 48.03,
  _id: new ObjectId('6a8ae1a34e390eec88528746')
},{
  material: new ObjectId('6a3e24312f2b2f71f964fd73'),
  percentage: 0.97,
  _id: new ObjectId('6a8ae1a34e390eec88528747')
},{
  material: new ObjectId('6a3e24312f2b2f71f964fd7a'),
  percentage: 0.97,
  _id: new ObjectId('6a8ae1a34e390eec88528748')
},{
  material: new ObjectId('6a3e24312f2b2f71f964fd82'),
  percentage: 0.97,
  _id: new ObjectId('6a8ae1a34e390eec88528749')
},{
  material: new ObjectId('6a3e24312f2b2f71f964fd73'),
  percentage: 0.92,
  _id: new ObjectId('6a8ae1a34e390eec8852874a')
},{
  material: new ObjectId('6a3e24312f2b2f71f964fd7a'),
  percentage: 0.92,
  _id: new ObjectId('6a8ae1a34e390eec8852874b')
},{
  material: new ObjectId('6a3e24312f2b2f71f964fd82'),
  percentage: 0.92,
  _id: new ObjectId('6a8ae1a34e390eec8852874c')
},{
  material: new ObjectId('6a3e24312f2b2f71f964fd73'),
  percentage: 0.98,
  _id: new ObjectId('6a8ae1a34e390eec8852874d')
},{
  material: new ObjectId('6a3e24312f2b2f71f964fd7a'),
  percentage: 0.98,
  _id: new ObjectId('6a8ae1a34e390eec8852874e')
},{
  material: new ObjectId('6a3e24312f2b2f71f964fd82'),
  percentage: 0.98,
  _id: new ObjectId('6a8ae1a34e390eec8852874f')
},{
  material: new ObjectId('6a3e24312f2b2f71f964fd73'),
  percentage: 1.03,
  _id: new ObjectId('6a8ae1a34e390eec88528750')
},{
  material: new ObjectId('6a3e24312f2b2f71f964fd7a'),
  percentage: 1.03,
  _id: new ObjectId('6a8ae1a34e390eec88528751')
},{
  material: new ObjectId('6a3e24312f2b2f71f964fd82'),
  percentage: 1.03,
  _id: new ObjectId('6a8ae1a34e390eec88528752')
},{
  material: new ObjectId('6a3e24312f2b2f71f964fd73'),
  percentage: 1.09,
  _id: new ObjectId('6a8ae1a34e390eec88528754')
},{
  material: new ObjectId('6a3e24312f2b2f71f964fd7a'),
  percentage: 1.09,
  _id: new ObjectId('6a8ae1a34e390eec88528755')
},{
  material: new ObjectId('6a3e24312f2b2f71f964fd82'),
  percentage: 1.09,
  _id: new ObjectId('6a8ae1a34e390eec88528756')
},{
  material: new ObjectId('6a3e242f2f2b2f71f964fd46'),
  percentage: 37.01,
  _id: new ObjectId('6a8ae1a34e390eec88528753')
}
White Oud Spray,WO_SP,spray,50,1300,31.500000000000004,18.505,0,0,true,Strong woody oud fragrance. A sophisticated evening scent.,strong,evening,oud woody,,{
  material: new ObjectId('6a3e24302f2b2f71f964fd50'),
  percentage: 48.03,
  _id: new ObjectId('6a8ae1a34e390eec88528746')
},{
  material: new ObjectId('6a3e24312f2b2f71f964fd73'),
  percentage: 0.97,
  _id: new ObjectId('6a8ae1a34e390eec88528747')
},{
  material: new ObjectId('6a3e24312f2b2f71f964fd7a'),
  percentage: 0.97,
  _id: new ObjectId('6a8ae1a34e390eec88528748')
},{
  material: new ObjectId('6a3e24312f2b2f71f964fd82'),
  percentage: 0.97,
  _id: new ObjectId('6a8ae1a34e390eec88528749')
},{
  material: new ObjectId('6a3e24312f2b2f71f964fd73'),
  percentage: 0.92,
  _id: new ObjectId('6a8ae1a34e390eec8852874a')
},{
  material: new ObjectId('6a3e24312f2b2f71f964fd7a'),
  percentage: 0.92,
  _id: new ObjectId('6a8ae1a34e390eec8852874b')
},{
  material: new ObjectId('6a3e24312f2b2f71f964fd82'),
  percentage: 0.92,
  _id: new ObjectId('6a8ae1a34e390eec8852874c')
},{
  material: new ObjectId('6a3e24312f2b2f71f964fd73'),
  percentage: 0.98,
  _id: new ObjectId('6a8ae1a34e390eec8852874d')
},{
  material: new ObjectId('6a3e24312f2b2f71f964fd7a'),
  percentage: 0.98,
  _id: new ObjectId('6a8ae1a34e390eec8852874e')
},{
  material: new ObjectId('6a3e24312f2b2f71f964fd82'),
  percentage: 0.98,
  _id: new ObjectId('6a8ae1a34e390eec8852874f')
},{
  material: new ObjectId('6a3e24312f2b2f71f964fd73'),
  percentage: 1.03,
  _id: new ObjectId('6a8ae1a34e390eec88528750')
},{
  material: new ObjectId('6a3e24312f2b2f71f964fd7a'),
  percentage: 1.03,
  _id: new ObjectId('6a8ae1a34e390eec88528751')
},{
  material: new ObjectId('6a3e24312f2b2f71f964fd82'),
  percentage: 1.03,
  _id: new ObjectId('6a8ae1a34e390eec88528752')
},{
  material: new ObjectId('6a3e24312f2b2f71f964fd73'),
  percentage: 1.09,
  _id: new ObjectId('6a8ae1a34e390eec88528754')
},{
  material: new ObjectId('6a3e24312f2b2f71f964fd7a'),
  percentage: 1.09,
  _id: new ObjectId('6a8ae1a34e390eec88528755')
},{
  material: new ObjectId('6a3e24312f2b2f71f964fd82'),
  percentage: 1.09,
  _id: new ObjectId('6a8ae1a34e390eec88528756')
},{
  material: new ObjectId('6a3e242f2f2b2f71f964fd46'),
  percentage: 37.01,
  _id: new ObjectId('6a8ae1a34e390eec88528753')
}
White Oud Spray,WO_SP,spray,100,1650,63.00000000000001,37.01,0,0,true,Strong woody oud fragrance. A sophisticated evening scent.,strong,evening,oud woody,,{
  material: new ObjectId('6a3e24302f2b2f71f964fd50'),
  percentage: 48.03,
  _id: new ObjectId('6a8ae1a34e390eec88528746')
},{
  material: new ObjectId('6a3e24312f2b2f71f964fd73'),
  percentage: 0.97,
  _id: new ObjectId('6a8ae1a34e390eec88528747')
},{
  material: new ObjectId('6a3e24312f2b2f71f964fd7a'),
  percentage: 0.97,
  _id: new ObjectId('6a8ae1a34e390eec88528748')
},{
  material: new ObjectId('6a3e24312f2b2f71f964fd82'),
  percentage: 0.97,
  _id: new ObjectId('6a8ae1a34e390eec88528749')
},{
  material: new ObjectId('6a3e24312f2b2f71f964fd73'),
  percentage: 0.92,
  _id: new ObjectId('6a8ae1a34e390eec8852874a')
},{
  material: new ObjectId('6a3e24312f2b2f71f964fd7a'),
  percentage: 0.92,
  _id: new ObjectId('6a8ae1a34e390eec8852874b')
},{
  material: new ObjectId('6a3e24312f2b2f71f964fd82'),
  percentage: 0.92,
  _id: new ObjectId('6a8ae1a34e390eec8852874c')
},{
  material: new ObjectId('6a3e24312f2b2f71f964fd73'),
  percentage: 0.98,
  _id: new ObjectId('6a8ae1a34e390eec8852874d')
},{
  material: new ObjectId('6a3e24312f2b2f71f964fd7a'),
  percentage: 0.98,
  _id: new ObjectId('6a8ae1a34e390eec8852874e')
},{
  material: new ObjectId('6a3e24312f2b2f71f964fd82'),
  percentage: 0.98,
  _id: new ObjectId('6a8ae1a34e390eec8852874f')
},{
  material: new ObjectId('6a3e24312f2b2f71f964fd73'),
  percentage: 1.03,
  _id: new ObjectId('6a8ae1a34e390eec88528750')
},{
  material: new ObjectId('6a3e24312f2b2f71f964fd7a'),
  percentage: 1.03,
  _id: new ObjectId('6a8ae1a34e390eec88528751')
},{
  material: new ObjectId('6a3e24312f2b2f71f964fd82'),
  percentage: 1.03,
  _id: new ObjectId('6a8ae1a34e390eec88528752')
},{
  material: new ObjectId('6a3e24312f2b2f71f964fd73'),
  percentage: 1.09,
  _id: new ObjectId('6a8ae1a34e390eec88528754')
},{
  material: new ObjectId('6a3e24312f2b2f71f964fd7a'),
  percentage: 1.09,
  _id: new ObjectId('6a8ae1a34e390eec88528755')
},{
  material: new ObjectId('6a3e24312f2b2f71f964fd82'),
  percentage: 1.09,
  _id: new ObjectId('6a8ae1a34e390eec88528756')
},{
  material: new ObjectId('6a3e242f2f2b2f71f964fd46'),
  percentage: 37.01,
  _id: new ObjectId('6a8ae1a34e390eec88528753')
}
kacha beli,KacBel,roll-on,3.5,150,3.5,0,0,0,true,Light fruity sweet fragrance. Fresh and cheerful for daytime.,light,daytime,fruity sweet,6a3e242f2f2b2f71f964fd3d,
kacha beli,KacBel,roll-on,6,250,6,0,0,0,true,Light fruity sweet fragrance. Fresh and cheerful for daytime.,light,daytime,fruity sweet,6a3e242f2f2b2f71f964fd3d,
kacha beli,KacBel,roll-on,15,650,15,0,0,0,true,Light fruity sweet fragrance. Fresh and cheerful for daytime.,light,daytime,fruity sweet,6a3e242f2f2b2f71f964fd3d,
kacha beli,KacBel,roll-on,30,1250,30,0,0,0,true,Light fruity sweet fragrance. Fresh and cheerful for daytime.,light,daytime,fruity sweet,6a3e242f2f2b2f71f964fd3d,
kacha beli Spray,KacBel_SP,spray,6,300,3.78,2.2206,0,0,true,Light fruity sweet fragrance. Fresh and cheerful for daytime.,light,daytime,fruity sweet,,{
  material: new ObjectId('6a3e242f2f2b2f71f964fd3d'),
  percentage: 48.03,
  _id: new ObjectId('6a8ae1a24e390eec8852869a')
},{
  material: new ObjectId('6a3e24312f2b2f71f964fd73'),
  percentage: 0.97,
  _id: new ObjectId('6a8ae1a24e390eec8852869b')
},{
  material: new ObjectId('6a3e24312f2b2f71f964fd7a'),
  percentage: 0.97,
  _id: new ObjectId('6a8ae1a24e390eec8852869c')
},{
  material: new ObjectId('6a3e24312f2b2f71f964fd82'),
  percentage: 0.97,
  _id: new ObjectId('6a8ae1a24e390eec8852869d')
},{
  material: new ObjectId('6a3e24312f2b2f71f964fd73'),
  percentage: 0.92,
  _id: new ObjectId('6a8ae1a24e390eec8852869e')
},{
  material: new ObjectId('6a3e24312f2b2f71f964fd7a'),
  percentage: 0.92,
  _id: new ObjectId('6a8ae1a24e390eec8852869f')
},{
  material: new ObjectId('6a3e24312f2b2f71f964fd82'),
  percentage: 0.92,
  _id: new ObjectId('6a8ae1a24e390eec885286a0')
},{
  material: new ObjectId('6a3e24312f2b2f71f964fd73'),
  percentage: 0.98,
  _id: new ObjectId('6a8ae1a24e390eec885286a1')
},{
  material: new ObjectId('6a3e24312f2b2f71f964fd7a'),
  percentage: 0.98,
  _id: new ObjectId('6a8ae1a24e390eec885286a2')
},{
  material: new ObjectId('6a3e24312f2b2f71f964fd82'),
  percentage: 0.98,
  _id: new ObjectId('6a8ae1a24e390eec885286a3')
},{
  material: new ObjectId('6a3e24312f2b2f71f964fd73'),
  percentage: 1.03,
  _id: new ObjectId('6a8ae1a24e390eec885286a4')
},{
  material: new ObjectId('6a3e24312f2b2f71f964fd7a'),
  percentage: 1.03,
  _id: new ObjectId('6a8ae1a24e390eec885286a5')
},{
  material: new ObjectId('6a3e24312f2b2f71f964fd82'),
  percentage: 1.03,
  _id: new ObjectId('6a8ae1a24e390eec885286a6')
},{
  material: new ObjectId('6a3e24312f2b2f71f964fd73'),
  percentage: 1.09,
  _id: new ObjectId('6a8ae1a24e390eec885286a8')
},{
  material: new ObjectId('6a3e24312f2b2f71f964fd7a'),
  percentage: 1.09,
  _id: new ObjectId('6a8ae1a24e390eec885286a9')
},{
  material: new ObjectId('6a3e24312f2b2f71f964fd82'),
  percentage: 1.09,
  _id: new ObjectId('6a8ae1a24e390eec885286aa')
},{
  material: new ObjectId('6a3e242f2f2b2f71f964fd46'),
  percentage: 37.01,
  _id: new ObjectId('6a8ae1a24e390eec885286a7')
}
kacha beli Spray,KacBel_SP,spray,15,700,9.450000000000006,5.5515,0,0,true,Light fruity sweet fragrance. Fresh and cheerful for daytime.,light,daytime,fruity sweet,,{
  material: new ObjectId('6a3e242f2f2b2f71f964fd3d'),
  percentage: 48.03,
  _id: new ObjectId('6a8ae1a24e390eec8852869a')
},{
  material: new ObjectId('6a3e24312f2b2f71f964fd73'),
  percentage: 0.97,
  _id: new ObjectId('6a8ae1a24e390eec8852869b')
},{
  material: new ObjectId('6a3e24312f2b2f71f964fd7a'),
  percentage: 0.97,
  _id: new ObjectId('6a8ae1a24e390eec8852869c')
},{
  material: new ObjectId('6a3e24312f2b2f71f964fd82'),
  percentage: 0.97,
  _id: new ObjectId('6a8ae1a24e390eec8852869d')
},{
  material: new ObjectId('6a3e24312f2b2f71f964fd73'),
  percentage: 0.92,
  _id: new ObjectId('6a8ae1a24e390eec8852869e')
},{
  material: new ObjectId('6a3e24312f2b2f71f964fd7a'),
  percentage: 0.92,
  _id: new ObjectId('6a8ae1a24e390eec8852869f')
},{
  material: new ObjectId('6a3e24312f2b2f71f964fd82'),
  percentage: 0.92,
  _id: new ObjectId('6a8ae1a24e390eec885286a0')
},{
  material: new ObjectId('6a3e24312f2b2f71f964fd73'),
  percentage: 0.98,
  _id: new ObjectId('6a8ae1a24e390eec885286a1')
},{
  material: new ObjectId('6a3e24312f2b2f71f964fd7a'),
  percentage: 0.98,
  _id: new ObjectId('6a8ae1a24e390eec885286a2')
},{
  material: new ObjectId('6a3e24312f2b2f71f964fd82'),
  percentage: 0.98,
  _id: new ObjectId('6a8ae1a24e390eec885286a3')
},{
  material: new ObjectId('6a3e24312f2b2f71f964fd73'),
  percentage: 1.03,
  _id: new ObjectId('6a8ae1a24e390eec885286a4')
},{
  material: new ObjectId('6a3e24312f2b2f71f964fd7a'),
  percentage: 1.03,
  _id: new ObjectId('6a8ae1a24e390eec885286a5')
},{
  material: new ObjectId('6a3e24312f2b2f71f964fd82'),
  percentage: 1.03,
  _id: new ObjectId('6a8ae1a24e390eec885286a6')
},{
  material: new ObjectId('6a3e24312f2b2f71f964fd73'),
  percentage: 1.09,
  _id: new ObjectId('6a8ae1a24e390eec885286a8')
},{
  material: new ObjectId('6a3e24312f2b2f71f964fd7a'),
  percentage: 1.09,
  _id: new ObjectId('6a8ae1a24e390eec885286a9')
},{
  material: new ObjectId('6a3e24312f2b2f71f964fd82'),
  percentage: 1.09,
  _id: new ObjectId('6a8ae1a24e390eec885286aa')
},{
  material: new ObjectId('6a3e242f2f2b2f71f964fd46'),
  percentage: 37.01,
  _id: new ObjectId('6a8ae1a24e390eec885286a7')
}
kacha beli Spray,KacBel_SP,spray,30,1000,18.900000000000013,11.103,0,0,true,Light fruity sweet fragrance. Fresh and cheerful for daytime.,light,daytime,fruity sweet,,{
  material: new ObjectId('6a3e242f2f2b2f71f964fd3d'),
  percentage: 48.03,
  _id: new ObjectId('6a8ae1a24e390eec8852869a')
},{
  material: new ObjectId('6a3e24312f2b2f71f964fd73'),
  percentage: 0.97,
  _id: new ObjectId('6a8ae1a24e390eec8852869b')
},{
  material: new ObjectId('6a3e24312f2b2f71f964fd7a'),
  percentage: 0.97,
  _id: new ObjectId('6a8ae1a24e390eec8852869c')
},{
  material: new ObjectId('6a3e24312f2b2f71f964fd82'),
  percentage: 0.97,
  _id: new ObjectId('6a8ae1a24e390eec8852869d')
},{
  material: new ObjectId('6a3e24312f2b2f71f964fd73'),
  percentage: 0.92,
  _id: new ObjectId('6a8ae1a24e390eec8852869e')
},{
  material: new ObjectId('6a3e24312f2b2f71f964fd7a'),
  percentage: 0.92,
  _id: new ObjectId('6a8ae1a24e390eec8852869f')
},{
  material: new ObjectId('6a3e24312f2b2f71f964fd82'),
  percentage: 0.92,
  _id: new ObjectId('6a8ae1a24e390eec885286a0')
},{
  material: new ObjectId('6a3e24312f2b2f71f964fd73'),
  percentage: 0.98,
  _id: new ObjectId('6a8ae1a24e390eec885286a1')
},{
  material: new ObjectId('6a3e24312f2b2f71f964fd7a'),
  percentage: 0.98,
  _id: new ObjectId('6a8ae1a24e390eec885286a2')
},{
  material: new ObjectId('6a3e24312f2b2f71f964fd82'),
  percentage: 0.98,
  _id: new ObjectId('6a8ae1a24e390eec885286a3')
},{
  material: new ObjectId('6a3e24312f2b2f71f964fd73'),
  percentage: 1.03,
  _id: new ObjectId('6a8ae1a24e390eec885286a4')
},{
  material: new ObjectId('6a3e24312f2b2f71f964fd7a'),
  percentage: 1.03,
  _id: new ObjectId('6a8ae1a24e390eec885286a5')
},{
  material: new ObjectId('6a3e24312f2b2f71f964fd82'),
  percentage: 1.03,
  _id: new ObjectId('6a8ae1a24e390eec885286a6')
},{
  material: new ObjectId('6a3e24312f2b2f71f964fd73'),
  percentage: 1.09,
  _id: new ObjectId('6a8ae1a24e390eec885286a8')
},{
  material: new ObjectId('6a3e24312f2b2f71f964fd7a'),
  percentage: 1.09,
  _id: new ObjectId('6a8ae1a24e390eec885286a9')
},{
  material: new ObjectId('6a3e24312f2b2f71f964fd82'),
  percentage: 1.09,
  _id: new ObjectId('6a8ae1a24e390eec885286aa')
},{
  material: new ObjectId('6a3e242f2f2b2f71f964fd46'),
  percentage: 37.01,
  _id: new ObjectId('6a8ae1a24e390eec885286a7')
}
kacha beli Spray,KacBel_SP,spray,50,1300,31.500000000000004,18.505,0,0,true,Light fruity sweet fragrance. Fresh and cheerful for daytime.,light,daytime,fruity sweet,,{
  material: new ObjectId('6a3e242f2f2b2f71f964fd3d'),
  percentage: 48.03,
  _id: new ObjectId('6a8ae1a24e390eec8852869a')
},{
  material: new ObjectId('6a3e24312f2b2f71f964fd73'),
  percentage: 0.97,
  _id: new ObjectId('6a8ae1a24e390eec8852869b')
},{
  material: new ObjectId('6a3e24312f2b2f71f964fd7a'),
  percentage: 0.97,
  _id: new ObjectId('6a8ae1a24e390eec8852869c')
},{
  material: new ObjectId('6a3e24312f2b2f71f964fd82'),
  percentage: 0.97,
  _id: new ObjectId('6a8ae1a24e390eec8852869d')
},{
  material: new ObjectId('6a3e24312f2b2f71f964fd73'),
  percentage: 0.92,
  _id: new ObjectId('6a8ae1a24e390eec8852869e')
},{
  material: new ObjectId('6a3e24312f2b2f71f964fd7a'),
  percentage: 0.92,
  _id: new ObjectId('6a8ae1a24e390eec8852869f')
},{
  material: new ObjectId('6a3e24312f2b2f71f964fd82'),
  percentage: 0.92,
  _id: new ObjectId('6a8ae1a24e390eec885286a0')
},{
  material: new ObjectId('6a3e24312f2b2f71f964fd73'),
  percentage: 0.98,
  _id: new ObjectId('6a8ae1a24e390eec885286a1')
},{
  material: new ObjectId('6a3e24312f2b2f71f964fd7a'),
  percentage: 0.98,
  _id: new ObjectId('6a8ae1a24e390eec885286a2')
},{
  material: new ObjectId('6a3e24312f2b2f71f964fd82'),
  percentage: 0.98,
  _id: new ObjectId('6a8ae1a24e390eec885286a3')
},{
  material: new ObjectId('6a3e24312f2b2f71f964fd73'),
  percentage: 1.03,
  _id: new ObjectId('6a8ae1a24e390eec885286a4')
},{
  material: new ObjectId('6a3e24312f2b2f71f964fd7a'),
  percentage: 1.03,
  _id: new ObjectId('6a8ae1a24e390eec885286a5')
},{
  material: new ObjectId('6a3e24312f2b2f71f964fd82'),
  percentage: 1.03,
  _id: new ObjectId('6a8ae1a24e390eec885286a6')
},{
  material: new ObjectId('6a3e24312f2b2f71f964fd73'),
  percentage: 1.09,
  _id: new ObjectId('6a8ae1a24e390eec885286a8')
},{
  material: new ObjectId('6a3e24312f2b2f71f964fd7a'),
  percentage: 1.09,
  _id: new ObjectId('6a8ae1a24e390eec885286a9')
},{
  material: new ObjectId('6a3e24312f2b2f71f964fd82'),
  percentage: 1.09,
  _id: new ObjectId('6a8ae1a24e390eec885286aa')
},{
  material: new ObjectId('6a3e242f2f2b2f71f964fd46'),
  percentage: 37.01,
  _id: new ObjectId('6a8ae1a24e390eec885286a7')
}
kacha beli Spray,KacBel_SP,spray,100,1700,63.00000000000001,37.01,0,0,true,Light fruity sweet fragrance. Fresh and cheerful for daytime.,light,daytime,fruity sweet,,{
  material: new ObjectId('6a3e242f2f2b2f71f964fd3d'),
  percentage: 48.03,
  _id: new ObjectId('6a8ae1a24e390eec8852869a')
},{
  material: new ObjectId('6a3e24312f2b2f71f964fd73'),
  percentage: 0.97,
  _id: new ObjectId('6a8ae1a24e390eec8852869b')
},{
  material: new ObjectId('6a3e24312f2b2f71f964fd7a'),
  percentage: 0.97,
  _id: new ObjectId('6a8ae1a24e390eec8852869c')
},{
  material: new ObjectId('6a3e24312f2b2f71f964fd82'),
  percentage: 0.97,
  _id: new ObjectId('6a8ae1a24e390eec8852869d')
},{
  material: new ObjectId('6a3e24312f2b2f71f964fd73'),
  percentage: 0.92,
  _id: new ObjectId('6a8ae1a24e390eec8852869e')
},{
  material: new ObjectId('6a3e24312f2b2f71f964fd7a'),
  percentage: 0.92,
  _id: new ObjectId('6a8ae1a24e390eec8852869f')
},{
  material: new ObjectId('6a3e24312f2b2f71f964fd82'),
  percentage: 0.92,
  _id: new ObjectId('6a8ae1a24e390eec885286a0')
},{
  material: new ObjectId('6a3e24312f2b2f71f964fd73'),
  percentage: 0.98,
  _id: new ObjectId('6a8ae1a24e390eec885286a1')
},{
  material: new ObjectId('6a3e24312f2b2f71f964fd7a'),
  percentage: 0.98,
  _id: new ObjectId('6a8ae1a24e390eec885286a2')
},{
  material: new ObjectId('6a3e24312f2b2f71f964fd82'),
  percentage: 0.98,
  _id: new ObjectId('6a8ae1a24e390eec885286a3')
},{
  material: new ObjectId('6a3e24312f2b2f71f964fd73'),
  percentage: 1.03,
  _id: new ObjectId('6a8ae1a24e390eec885286a4')
},{
  material: new ObjectId('6a3e24312f2b2f71f964fd7a'),
  percentage: 1.03,
  _id: new ObjectId('6a8ae1a24e390eec885286a5')
},{
  material: new ObjectId('6a3e24312f2b2f71f964fd82'),
  percentage: 1.03,
  _id: new ObjectId('6a8ae1a24e390eec885286a6')
},{
  material: new ObjectId('6a3e24312f2b2f71f964fd73'),
  percentage: 1.09,
  _id: new ObjectId('6a8ae1a24e390eec885286a8')
},{
  material: new ObjectId('6a3e24312f2b2f71f964fd7a'),
  percentage: 1.09,
  _id: new ObjectId('6a8ae1a24e390eec885286a9')
},{
  material: new ObjectId('6a3e24312f2b2f71f964fd82'),
  percentage: 1.09,
  _id: new ObjectId('6a8ae1a24e390eec885286aa')
},{
  material: new ObjectId('6a3e242f2f2b2f71f964fd46'),
  percentage: 37.01,
  _id: new ObjectId('6a8ae1a24e390eec885286a7')
}
lacoste White,LaW,roll-on,3.5,150,3.5,0,0,127.67169697333333,true,"Top Notes: Grapefruit, rosemary, and cardamom.
Heart/Middle Notes: Ylang-ylang and tuberose (creamy white florals).
Base Notes: Suede, Virginia cedar, vetiver, and leather",light,daytime,woody,citrus,6a77734b21fc6555b5eab139,
lacoste White,LaW,roll-on,6,250,6,0,0,164.15315315027027,true,"Top Notes: Grapefruit, rosemary, and cardamom.
Heart/Middle Notes: Ylang-ylang and tuberose (creamy white florals).
Base Notes: Suede, Virginia cedar, vetiver, and leather",light,daytime,woody,citrus,6a77734b21fc6555b5eab139,
lacoste White,LaW,roll-on,15,600,15,0,0,250,true,"Top Notes: Grapefruit, rosemary, and cardamom.
Heart/Middle Notes: Ylang-ylang and tuberose (creamy white florals).
Base Notes: Suede, Virginia cedar, vetiver, and leather",light,daytime,woody,citrus,6a77734b21fc6555b5eab139,
lacoste White,LaW,roll-on,30,1150,30,0,0,442.3333333333333,true,"Top Notes: Grapefruit, rosemary, and cardamom.
Heart/Middle Notes: Ylang-ylang and tuberose (creamy white florals).
Base Notes: Suede, Virginia cedar, vetiver, and leather",light,daytime,woody,citrus,6a77734b21fc6555b5eab139,
lacoste White Spray,LaW_SP,spray,6,280,3.7811999999999997,2.22,0,153.058,true,"Top Notes: Grapefruit, rosemary, and cardamom.
Heart/Middle Notes: Ylang-ylang and tuberose (creamy white florals).
Base Notes: Suede, Virginia cedar, vetiver, and leather",light,daytime,woody,citrus,,{
  material: new ObjectId('6a77734b21fc6555b5eab139'),
  percentage: 45.44,
  _id: new ObjectId('6a8ae1a64e390eec88528907')
},{
  material: new ObjectId('6a3e24312f2b2f71f964fd7a'),
  percentage: 0.87,
  _id: new ObjectId('6a8ae1a64e390eec88528908')
},{
  material: new ObjectId('6a3e24312f2b2f71f964fd73'),
  percentage: 0.87,
  _id: new ObjectId('6a8ae1a64e390eec88528909')
},{
  material: new ObjectId('6a3e24312f2b2f71f964fd82'),
  percentage: 0.87,
  _id: new ObjectId('6a8ae1a64e390eec8852890a')
},{
  material: new ObjectId('6a3e24312f2b2f71f964fd73'),
  percentage: 0.97,
  _id: new ObjectId('6a8ae1a64e390eec8852890b')
},{
  material: new ObjectId('6a3e24312f2b2f71f964fd7a'),
  percentage: 0.97,
  _id: new ObjectId('6a8ae1a64e390eec8852890c')
},{
  material: new ObjectId('6a3e24312f2b2f71f964fd82'),
  percentage: 0.97,
  _id: new ObjectId('6a8ae1a64e390eec8852890d')
},{
  material: new ObjectId('6a3e24312f2b2f71f964fd73'),
  percentage: 0.92,
  _id: new ObjectId('6a8ae1a64e390eec8852890e')
},{
  material: new ObjectId('6a3e24312f2b2f71f964fd7a'),
  percentage: 0.92,
  _id: new ObjectId('6a8ae1a64e390eec8852890f')
},{
  material: new ObjectId('6a3e24312f2b2f71f964fd82'),
  percentage: 0.92,
  _id: new ObjectId('6a8ae1a64e390eec88528910')
},{
  material: new ObjectId('6a3e24312f2b2f71f964fd73'),
  percentage: 0.98,
  _id: new ObjectId('6a8ae1a64e390eec88528911')
},{
  material: new ObjectId('6a3e24312f2b2f71f964fd7a'),
  percentage: 0.98,
  _id: new ObjectId('6a8ae1a64e390eec88528912')
},{
  material: new ObjectId('6a3e24312f2b2f71f964fd82'),
  percentage: 0.98,
  _id: new ObjectId('6a8ae1a64e390eec88528913')
},{
  material: new ObjectId('6a3e24312f2b2f71f964fd73'),
  percentage: 1.03,
  _id: new ObjectId('6a8ae1a64e390eec88528914')
},{
  material: new ObjectId('6a3e24312f2b2f71f964fd7a'),
  percentage: 1.03,
  _id: new ObjectId('6a8ae1a64e390eec88528915')
},{
  material: new ObjectId('6a3e24312f2b2f71f964fd82'),
  percentage: 1.03,
  _id: new ObjectId('6a8ae1a64e390eec88528916')
},{
  material: new ObjectId('6a3e24312f2b2f71f964fd73'),
  percentage: 1.09,
  _id: new ObjectId('6a8ae1a64e390eec88528918')
},{
  material: new ObjectId('6a3e24312f2b2f71f964fd7a'),
  percentage: 1.09,
  _id: new ObjectId('6a8ae1a64e390eec88528919')
},{
  material: new ObjectId('6a3e24312f2b2f71f964fd82'),
  percentage: 1.09,
  _id: new ObjectId('6a8ae1a64e390eec8852891a')
},{
  material: new ObjectId('6a3e242f2f2b2f71f964fd46'),
  percentage: 37,
  _id: new ObjectId('6a8ae1a64e390eec88528917')
}
lacoste White Spray,LaW_SP,spray,15,700,9.453000000000003,5.55,0,210.14499999999998,true,"Top Notes: Grapefruit, rosemary, and cardamom.
Heart/Middle Notes: Ylang-ylang and tuberose (creamy white florals).
Base Notes: Suede, Virginia cedar, vetiver, and leather",light,daytime,woody,citrus,,{
  material: new ObjectId('6a77734b21fc6555b5eab139'),
  percentage: 45.44,
  _id: new ObjectId('6a8ae1a64e390eec88528907')
},{
  material: new ObjectId('6a3e24312f2b2f71f964fd7a'),
  percentage: 0.87,
  _id: new ObjectId('6a8ae1a64e390eec88528908')
},{
  material: new ObjectId('6a3e24312f2b2f71f964fd73'),
  percentage: 0.87,
  _id: new ObjectId('6a8ae1a64e390eec88528909')
},{
  material: new ObjectId('6a3e24312f2b2f71f964fd82'),
  percentage: 0.87,
  _id: new ObjectId('6a8ae1a64e390eec8852890a')
},{
  material: new ObjectId('6a3e24312f2b2f71f964fd73'),
  percentage: 0.97,
  _id: new ObjectId('6a8ae1a64e390eec8852890b')
},{
  material: new ObjectId('6a3e24312f2b2f71f964fd7a'),
  percentage: 0.97,
  _id: new ObjectId('6a8ae1a64e390eec8852890c')
},{
  material: new ObjectId('6a3e24312f2b2f71f964fd82'),
  percentage: 0.97,
  _id: new ObjectId('6a8ae1a64e390eec8852890d')
},{
  material: new ObjectId('6a3e24312f2b2f71f964fd73'),
  percentage: 0.92,
  _id: new ObjectId('6a8ae1a64e390eec8852890e')
},{
  material: new ObjectId('6a3e24312f2b2f71f964fd7a'),
  percentage: 0.92,
  _id: new ObjectId('6a8ae1a64e390eec8852890f')
},{
  material: new ObjectId('6a3e24312f2b2f71f964fd82'),
  percentage: 0.92,
  _id: new ObjectId('6a8ae1a64e390eec88528910')
},{
  material: new ObjectId('6a3e24312f2b2f71f964fd73'),
  percentage: 0.98,
  _id: new ObjectId('6a8ae1a64e390eec88528911')
},{
  material: new ObjectId('6a3e24312f2b2f71f964fd7a'),
  percentage: 0.98,
  _id: new ObjectId('6a8ae1a64e390eec88528912')
},{
  material: new ObjectId('6a3e24312f2b2f71f964fd82'),
  percentage: 0.98,
  _id: new ObjectId('6a8ae1a64e390eec88528913')
},{
  material: new ObjectId('6a3e24312f2b2f71f964fd73'),
  percentage: 1.03,
  _id: new ObjectId('6a8ae1a64e390eec88528914')
},{
  material: new ObjectId('6a3e24312f2b2f71f964fd7a'),
  percentage: 1.03,
  _id: new ObjectId('6a8ae1a64e390eec88528915')
},{
  material: new ObjectId('6a3e24312f2b2f71f964fd82'),
  percentage: 1.03,
  _id: new ObjectId('6a8ae1a64e390eec88528916')
},{
  material: new ObjectId('6a3e24312f2b2f71f964fd73'),
  percentage: 1.09,
  _id: new ObjectId('6a8ae1a64e390eec88528918')
},{
  material: new ObjectId('6a3e24312f2b2f71f964fd7a'),
  percentage: 1.09,
  _id: new ObjectId('6a8ae1a64e390eec88528919')
},{
  material: new ObjectId('6a3e24312f2b2f71f964fd82'),
  percentage: 1.09,
  _id: new ObjectId('6a8ae1a64e390eec8852891a')
},{
  material: new ObjectId('6a3e242f2f2b2f71f964fd46'),
  percentage: 37,
  _id: new ObjectId('6a8ae1a64e390eec88528917')
}
lacoste White Spray,LaW_SP,spray,30,1250,18.906000000000006,11.1,0,362.62333333333333,true,"Top Notes: Grapefruit, rosemary, and cardamom.
Heart/Middle Notes: Ylang-ylang and tuberose (creamy white florals).
Base Notes: Suede, Virginia cedar, vetiver, and leather",light,daytime,woody,citrus,,{
  material: new ObjectId('6a77734b21fc6555b5eab139'),
  percentage: 45.44,
  _id: new ObjectId('6a8ae1a64e390eec88528907')
},{
  material: new ObjectId('6a3e24312f2b2f71f964fd7a'),
  percentage: 0.87,
  _id: new ObjectId('6a8ae1a64e390eec88528908')
},{
  material: new ObjectId('6a3e24312f2b2f71f964fd73'),
  percentage: 0.87,
  _id: new ObjectId('6a8ae1a64e390eec88528909')
},{
  material: new ObjectId('6a3e24312f2b2f71f964fd82'),
  percentage: 0.87,
  _id: new ObjectId('6a8ae1a64e390eec8852890a')
},{
  material: new ObjectId('6a3e24312f2b2f71f964fd73'),
  percentage: 0.97,
  _id: new ObjectId('6a8ae1a64e390eec8852890b')
},{
  material: new ObjectId('6a3e24312f2b2f71f964fd7a'),
  percentage: 0.97,
  _id: new ObjectId('6a8ae1a64e390eec8852890c')
},{
  material: new ObjectId('6a3e24312f2b2f71f964fd82'),
  percentage: 0.97,
  _id: new ObjectId('6a8ae1a64e390eec8852890d')
},{
  material: new ObjectId('6a3e24312f2b2f71f964fd73'),
  percentage: 0.92,
  _id: new ObjectId('6a8ae1a64e390eec8852890e')
},{
  material: new ObjectId('6a3e24312f2b2f71f964fd7a'),
  percentage: 0.92,
  _id: new ObjectId('6a8ae1a64e390eec8852890f')
},{
  material: new ObjectId('6a3e24312f2b2f71f964fd82'),
  percentage: 0.92,
  _id: new ObjectId('6a8ae1a64e390eec88528910')
},{
  material: new ObjectId('6a3e24312f2b2f71f964fd73'),
  percentage: 0.98,
  _id: new ObjectId('6a8ae1a64e390eec88528911')
},{
  material: new ObjectId('6a3e24312f2b2f71f964fd7a'),
  percentage: 0.98,
  _id: new ObjectId('6a8ae1a64e390eec88528912')
},{
  material: new ObjectId('6a3e24312f2b2f71f964fd82'),
  percentage: 0.98,
  _id: new ObjectId('6a8ae1a64e390eec88528913')
},{
  material: new ObjectId('6a3e24312f2b2f71f964fd73'),
  percentage: 1.03,
  _id: new ObjectId('6a8ae1a64e390eec88528914')
},{
  material: new ObjectId('6a3e24312f2b2f71f964fd7a'),
  percentage: 1.03,
  _id: new ObjectId('6a8ae1a64e390eec88528915')
},{
  material: new ObjectId('6a3e24312f2b2f71f964fd82'),
  percentage: 1.03,
  _id: new ObjectId('6a8ae1a64e390eec88528916')
},{
  material: new ObjectId('6a3e24312f2b2f71f964fd73'),
  percentage: 1.09,
  _id: new ObjectId('6a8ae1a64e390eec88528918')
},{
  material: new ObjectId('6a3e24312f2b2f71f964fd7a'),
  percentage: 1.09,
  _id: new ObjectId('6a8ae1a64e390eec88528919')
},{
  material: new ObjectId('6a3e24312f2b2f71f964fd82'),
  percentage: 1.09,
  _id: new ObjectId('6a8ae1a64e390eec8852891a')
},{
  material: new ObjectId('6a3e242f2f2b2f71f964fd46'),
  percentage: 37,
  _id: new ObjectId('6a8ae1a64e390eec88528917')
}
lacoste White Spray,LaW_SP,spray,50,1450,31.509999999999998,18.5,0,492.15,true,"Top Notes: Grapefruit, rosemary, and cardamom.
Heart/Middle Notes: Ylang-ylang and tuberose (creamy white florals).
Base Notes: Suede, Virginia cedar, vetiver, and leather",light,daytime,woody,citrus,,{
  material: new ObjectId('6a77734b21fc6555b5eab139'),
  percentage: 45.44,
  _id: new ObjectId('6a8ae1a64e390eec88528907')
},{
  material: new ObjectId('6a3e24312f2b2f71f964fd7a'),
  percentage: 0.87,
  _id: new ObjectId('6a8ae1a64e390eec88528908')
},{
  material: new ObjectId('6a3e24312f2b2f71f964fd73'),
  percentage: 0.87,
  _id: new ObjectId('6a8ae1a64e390eec88528909')
},{
  material: new ObjectId('6a3e24312f2b2f71f964fd82'),
  percentage: 0.87,
  _id: new ObjectId('6a8ae1a64e390eec8852890a')
},{
  material: new ObjectId('6a3e24312f2b2f71f964fd73'),
  percentage: 0.97,
  _id: new ObjectId('6a8ae1a64e390eec8852890b')
},{
  material: new ObjectId('6a3e24312f2b2f71f964fd7a'),
  percentage: 0.97,
  _id: new ObjectId('6a8ae1a64e390eec8852890c')
},{
  material: new ObjectId('6a3e24312f2b2f71f964fd82'),
  percentage: 0.97,
  _id: new ObjectId('6a8ae1a64e390eec8852890d')
},{
  material: new ObjectId('6a3e24312f2b2f71f964fd73'),
  percentage: 0.92,
  _id: new ObjectId('6a8ae1a64e390eec8852890e')
},{
  material: new ObjectId('6a3e24312f2b2f71f964fd7a'),
  percentage: 0.92,
  _id: new ObjectId('6a8ae1a64e390eec8852890f')
},{
  material: new ObjectId('6a3e24312f2b2f71f964fd82'),
  percentage: 0.92,
  _id: new ObjectId('6a8ae1a64e390eec88528910')
},{
  material: new ObjectId('6a3e24312f2b2f71f964fd73'),
  percentage: 0.98,
  _id: new ObjectId('6a8ae1a64e390eec88528911')
},{
  material: new ObjectId('6a3e24312f2b2f71f964fd7a'),
  percentage: 0.98,
  _id: new ObjectId('6a8ae1a64e390eec88528912')
},{
  material: new ObjectId('6a3e24312f2b2f71f964fd82'),
  percentage: 0.98,
  _id: new ObjectId('6a8ae1a64e390eec88528913')
},{
  material: new ObjectId('6a3e24312f2b2f71f964fd73'),
  percentage: 1.03,
  _id: new ObjectId('6a8ae1a64e390eec88528914')
},{
  material: new ObjectId('6a3e24312f2b2f71f964fd7a'),
  percentage: 1.03,
  _id: new ObjectId('6a8ae1a64e390eec88528915')
},{
  material: new ObjectId('6a3e24312f2b2f71f964fd82'),
  percentage: 1.03,
  _id: new ObjectId('6a8ae1a64e390eec88528916')
},{
  material: new ObjectId('6a3e24312f2b2f71f964fd73'),
  percentage: 1.09,
  _id: new ObjectId('6a8ae1a64e390eec88528918')
},{
  material: new ObjectId('6a3e24312f2b2f71f964fd7a'),
  percentage: 1.09,
  _id: new ObjectId('6a8ae1a64e390eec88528919')
},{
  material: new ObjectId('6a3e24312f2b2f71f964fd82'),
  percentage: 1.09,
  _id: new ObjectId('6a8ae1a64e390eec8852891a')
},{
  material: new ObjectId('6a3e242f2f2b2f71f964fd46'),
  percentage: 37,
  _id: new ObjectId('6a8ae1a64e390eec88528917')
}
lacoste White Spray,LaW_SP,spray,100,1900,63.019999999999996,37,0,799.3,true,"Top Notes: Grapefruit, rosemary, and cardamom.
Heart/Middle Notes: Ylang-ylang and tuberose (creamy white florals).
Base Notes: Suede, Virginia cedar, vetiver, and leather",light,daytime,woody,citrus,,{
  material: new ObjectId('6a77734b21fc6555b5eab139'),
  percentage: 45.44,
  _id: new ObjectId('6a8ae1a64e390eec88528907')
},{
  material: new ObjectId('6a3e24312f2b2f71f964fd7a'),
  percentage: 0.87,
  _id: new ObjectId('6a8ae1a64e390eec88528908')
},{
  material: new ObjectId('6a3e24312f2b2f71f964fd73'),
  percentage: 0.87,
  _id: new ObjectId('6a8ae1a64e390eec88528909')
},{
  material: new ObjectId('6a3e24312f2b2f71f964fd82'),
  percentage: 0.87,
  _id: new ObjectId('6a8ae1a64e390eec8852890a')
},{
  material: new ObjectId('6a3e24312f2b2f71f964fd73'),
  percentage: 0.97,
  _id: new ObjectId('6a8ae1a64e390eec8852890b')
},{
  material: new ObjectId('6a3e24312f2b2f71f964fd7a'),
  percentage: 0.97,
  _id: new ObjectId('6a8ae1a64e390eec8852890c')
},{
  material: new ObjectId('6a3e24312f2b2f71f964fd82'),
  percentage: 0.97,
  _id: new ObjectId('6a8ae1a64e390eec8852890d')
},{
  material: new ObjectId('6a3e24312f2b2f71f964fd73'),
  percentage: 0.92,
  _id: new ObjectId('6a8ae1a64e390eec8852890e')
},{
  material: new ObjectId('6a3e24312f2b2f71f964fd7a'),
  percentage: 0.92,
  _id: new ObjectId('6a8ae1a64e390eec8852890f')
},{
  material: new ObjectId('6a3e24312f2b2f71f964fd82'),
  percentage: 0.92,
  _id: new ObjectId('6a8ae1a64e390eec88528910')
},{
  material: new ObjectId('6a3e24312f2b2f71f964fd73'),
  percentage: 0.98,
  _id: new ObjectId('6a8ae1a64e390eec88528911')
},{
  material: new ObjectId('6a3e24312f2b2f71f964fd7a'),
  percentage: 0.98,
  _id: new ObjectId('6a8ae1a64e390eec88528912')
},{
  material: new ObjectId('6a3e24312f2b2f71f964fd82'),
  percentage: 0.98,
  _id: new ObjectId('6a8ae1a64e390eec88528913')
},{
  material: new ObjectId('6a3e24312f2b2f71f964fd73'),
  percentage: 1.03,
  _id: new ObjectId('6a8ae1a64e390eec88528914')
},{
  material: new ObjectId('6a3e24312f2b2f71f964fd7a'),
  percentage: 1.03,
  _id: new ObjectId('6a8ae1a64e390eec88528915')
},{
  material: new ObjectId('6a3e24312f2b2f71f964fd82'),
  percentage: 1.03,
  _id: new ObjectId('6a8ae1a64e390eec88528916')
},{
  material: new ObjectId('6a3e24312f2b2f71f964fd73'),
  percentage: 1.09,
  _id: new ObjectId('6a8ae1a64e390eec88528918')
},{
  material: new ObjectId('6a3e24312f2b2f71f964fd7a'),
  percentage: 1.09,
  _id: new ObjectId('6a8ae1a64e390eec88528919')
},{
  material: new ObjectId('6a3e24312f2b2f71f964fd82'),
  percentage: 1.09,
  _id: new ObjectId('6a8ae1a64e390eec8852891a')
},{
  material: new ObjectId('6a3e242f2f2b2f71f964fd46'),
  percentage: 37,
  _id: new ObjectId('6a8ae1a64e390eec88528917')
}
le male elixir,LeME,roll-on,3.5,180,3.5,0,0,148.67169697333333,true,Premium perfume oil with a captivating scent.,medium,Night,Evening,honey leather tobacco,6a77727221fc6555b5eaad44,
le male elixir,LeME,roll-on,6,300,6,0,0,200.15315315027027,true,Premium perfume oil with a captivating scent.,medium,Night,Evening,honey leather tobacco,6a77727221fc6555b5eaad44,
le male elixir,LeME,roll-on,15,750,15,0,0,330,true,Premium perfume oil with a captivating scent.,medium,Night,Evening,honey leather tobacco,6a77727221fc6555b5eaad44,
le male elixir,LeME,roll-on,30,1100,30,0,0,505,true,Premium perfume oil with a captivating scent.,medium,Night,Evening,honey leather tobacco,6a77727221fc6555b5eaad44,
le male elixir Spray,LeME__SP,spray,6,330,3.7811999999999997,2.22,0,171.778,true,Premium perfume oil with a captivating scent.,medium,Night,Evening,honey leather tobacco,,{
  material: new ObjectId('6a77727221fc6555b5eaad44'),
  percentage: 45.44,
  _id: new ObjectId('6a8ae1a64e390eec885288d1')
},{
  material: new ObjectId('6a3e24312f2b2f71f964fd73'),
  percentage: 0.87,
  _id: new ObjectId('6a8ae1a64e390eec885288d2')
},{
  material: new ObjectId('6a3e24312f2b2f71f964fd82'),
  percentage: 0.87,
  _id: new ObjectId('6a8ae1a64e390eec885288d3')
},{
  material: new ObjectId('6a3e24312f2b2f71f964fd7a'),
  percentage: 0.87,
  _id: new ObjectId('6a8ae1a64e390eec885288d4')
},{
  material: new ObjectId('6a3e24312f2b2f71f964fd73'),
  percentage: 0.97,
  _id: new ObjectId('6a8ae1a64e390eec885288d5')
},{
  material: new ObjectId('6a3e24312f2b2f71f964fd7a'),
  percentage: 0.97,
  _id: new ObjectId('6a8ae1a64e390eec885288d6')
},{
  material: new ObjectId('6a3e24312f2b2f71f964fd82'),
  percentage: 0.97,
  _id: new ObjectId('6a8ae1a64e390eec885288d7')
},{
  material: new ObjectId('6a3e24312f2b2f71f964fd73'),
  percentage: 0.92,
  _id: new ObjectId('6a8ae1a64e390eec885288d8')
},{
  material: new ObjectId('6a3e24312f2b2f71f964fd7a'),
  percentage: 0.92,
  _id: new ObjectId('6a8ae1a64e390eec885288d9')
},{
  material: new ObjectId('6a3e24312f2b2f71f964fd82'),
  percentage: 0.92,
  _id: new ObjectId('6a8ae1a64e390eec885288da')
},{
  material: new ObjectId('6a3e24312f2b2f71f964fd73'),
  percentage: 0.98,
  _id: new ObjectId('6a8ae1a64e390eec885288db')
},{
  material: new ObjectId('6a3e24312f2b2f71f964fd7a'),
  percentage: 0.98,
  _id: new ObjectId('6a8ae1a64e390eec885288dc')
},{
  material: new ObjectId('6a3e24312f2b2f71f964fd82'),
  percentage: 0.98,
  _id: new ObjectId('6a8ae1a64e390eec885288dd')
},{
  material: new ObjectId('6a3e24312f2b2f71f964fd73'),
  percentage: 1.03,
  _id: new ObjectId('6a8ae1a64e390eec885288de')
},{
  material: new ObjectId('6a3e24312f2b2f71f964fd7a'),
  percentage: 1.03,
  _id: new ObjectId('6a8ae1a64e390eec885288df')
},{
  material: new ObjectId('6a3e24312f2b2f71f964fd82'),
  percentage: 1.03,
  _id: new ObjectId('6a8ae1a64e390eec885288e0')
},{
  material: new ObjectId('6a3e24312f2b2f71f964fd73'),
  percentage: 1.09,
  _id: new ObjectId('6a8ae1a64e390eec885288e2')
},{
  material: new ObjectId('6a3e24312f2b2f71f964fd7a'),
  percentage: 1.09,
  _id: new ObjectId('6a8ae1a64e390eec885288e3')
},{
  material: new ObjectId('6a3e24312f2b2f71f964fd82'),
  percentage: 1.09,
  _id: new ObjectId('6a8ae1a64e390eec885288e4')
},{
  material: new ObjectId('6a3e242f2f2b2f71f964fd46'),
  percentage: 37,
  _id: new ObjectId('6a8ae1a64e390eec885288e1')
}
le male elixir Spray,LeME__SP,spray,15,800,9.453000000000003,5.55,0,256.945,true,Premium perfume oil with a captivating scent.,medium,Night,Evening,honey leather tobacco,,{
  material: new ObjectId('6a77727221fc6555b5eaad44'),
  percentage: 45.44,
  _id: new ObjectId('6a8ae1a64e390eec885288d1')
},{
  material: new ObjectId('6a3e24312f2b2f71f964fd73'),
  percentage: 0.87,
  _id: new ObjectId('6a8ae1a64e390eec885288d2')
},{
  material: new ObjectId('6a3e24312f2b2f71f964fd82'),
  percentage: 0.87,
  _id: new ObjectId('6a8ae1a64e390eec885288d3')
},{
  material: new ObjectId('6a3e24312f2b2f71f964fd7a'),
  percentage: 0.87,
  _id: new ObjectId('6a8ae1a64e390eec885288d4')
},{
  material: new ObjectId('6a3e24312f2b2f71f964fd73'),
  percentage: 0.97,
  _id: new ObjectId('6a8ae1a64e390eec885288d5')
},{
  material: new ObjectId('6a3e24312f2b2f71f964fd7a'),
  percentage: 0.97,
  _id: new ObjectId('6a8ae1a64e390eec885288d6')
},{
  material: new ObjectId('6a3e24312f2b2f71f964fd82'),
  percentage: 0.97,
  _id: new ObjectId('6a8ae1a64e390eec885288d7')
},{
  material: new ObjectId('6a3e24312f2b2f71f964fd73'),
  percentage: 0.92,
  _id: new ObjectId('6a8ae1a64e390eec885288d8')
},{
  material: new ObjectId('6a3e24312f2b2f71f964fd7a'),
  percentage: 0.92,
  _id: new ObjectId('6a8ae1a64e390eec885288d9')
},{
  material: new ObjectId('6a3e24312f2b2f71f964fd82'),
  percentage: 0.92,
  _id: new ObjectId('6a8ae1a64e390eec885288da')
},{
  material: new ObjectId('6a3e24312f2b2f71f964fd73'),
  percentage: 0.98,
  _id: new ObjectId('6a8ae1a64e390eec885288db')
},{
  material: new ObjectId('6a3e24312f2b2f71f964fd7a'),
  percentage: 0.98,
  _id: new ObjectId('6a8ae1a64e390eec885288dc')
},{
  material: new ObjectId('6a3e24312f2b2f71f964fd82'),
  percentage: 0.98,
  _id: new ObjectId('6a8ae1a64e390eec885288dd')
},{
  material: new ObjectId('6a3e24312f2b2f71f964fd73'),
  percentage: 1.03,
  _id: new ObjectId('6a8ae1a64e390eec885288de')
},{
  material: new ObjectId('6a3e24312f2b2f71f964fd7a'),
  percentage: 1.03,
  _id: new ObjectId('6a8ae1a64e390eec885288df')
},{
  material: new ObjectId('6a3e24312f2b2f71f964fd82'),
  percentage: 1.03,
  _id: new ObjectId('6a8ae1a64e390eec885288e0')
},{
  material: new ObjectId('6a3e24312f2b2f71f964fd73'),
  percentage: 1.09,
  _id: new ObjectId('6a8ae1a64e390eec885288e2')
},{
  material: new ObjectId('6a3e24312f2b2f71f964fd7a'),
  percentage: 1.09,
  _id: new ObjectId('6a8ae1a64e390eec885288e3')
},{
  material: new ObjectId('6a3e24312f2b2f71f964fd82'),
  percentage: 1.09,
  _id: new ObjectId('6a8ae1a64e390eec885288e4')
},{
  material: new ObjectId('6a3e242f2f2b2f71f964fd46'),
  percentage: 37,
  _id: new ObjectId('6a8ae1a64e390eec885288e1')
}
le male elixir Spray,LeME__SP,spray,30,1100,18.906000000000006,11.1,0,456.22333333333336,true,Premium perfume oil with a captivating scent.,medium,Night,Evening,honey leather tobacco,,{
  material: new ObjectId('6a77727221fc6555b5eaad44'),
  percentage: 45.44,
  _id: new ObjectId('6a8ae1a64e390eec885288d1')
},{
  material: new ObjectId('6a3e24312f2b2f71f964fd73'),
  percentage: 0.87,
  _id: new ObjectId('6a8ae1a64e390eec885288d2')
},{
  material: new ObjectId('6a3e24312f2b2f71f964fd82'),
  percentage: 0.87,
  _id: new ObjectId('6a8ae1a64e390eec885288d3')
},{
  material: new ObjectId('6a3e24312f2b2f71f964fd7a'),
  percentage: 0.87,
  _id: new ObjectId('6a8ae1a64e390eec885288d4')
},{
  material: new ObjectId('6a3e24312f2b2f71f964fd73'),
  percentage: 0.97,
  _id: new ObjectId('6a8ae1a64e390eec885288d5')
},{
  material: new ObjectId('6a3e24312f2b2f71f964fd7a'),
  percentage: 0.97,
  _id: new ObjectId('6a8ae1a64e390eec885288d6')
},{
  material: new ObjectId('6a3e24312f2b2f71f964fd82'),
  percentage: 0.97,
  _id: new ObjectId('6a8ae1a64e390eec885288d7')
},{
  material: new ObjectId('6a3e24312f2b2f71f964fd73'),
  percentage: 0.92,
  _id: new ObjectId('6a8ae1a64e390eec885288d8')
},{
  material: new ObjectId('6a3e24312f2b2f71f964fd7a'),
  percentage: 0.92,
  _id: new ObjectId('6a8ae1a64e390eec885288d9')
},{
  material: new ObjectId('6a3e24312f2b2f71f964fd82'),
  percentage: 0.92,
  _id: new ObjectId('6a8ae1a64e390eec885288da')
},{
  material: new ObjectId('6a3e24312f2b2f71f964fd73'),
  percentage: 0.98,
  _id: new ObjectId('6a8ae1a64e390eec885288db')
},{
  material: new ObjectId('6a3e24312f2b2f71f964fd7a'),
  percentage: 0.98,
  _id: new ObjectId('6a8ae1a64e390eec885288dc')
},{
  material: new ObjectId('6a3e24312f2b2f71f964fd82'),
  percentage: 0.98,
  _id: new ObjectId('6a8ae1a64e390eec885288dd')
},{
  material: new ObjectId('6a3e24312f2b2f71f964fd73'),
  percentage: 1.03,
  _id: new ObjectId('6a8ae1a64e390eec885288de')
},{
  material: new ObjectId('6a3e24312f2b2f71f964fd7a'),
  percentage: 1.03,
  _id: new ObjectId('6a8ae1a64e390eec885288df')
},{
  material: new ObjectId('6a3e24312f2b2f71f964fd82'),
  percentage: 1.03,
  _id: new ObjectId('6a8ae1a64e390eec885288e0')
},{
  material: new ObjectId('6a3e24312f2b2f71f964fd73'),
  percentage: 1.09,
  _id: new ObjectId('6a8ae1a64e390eec885288e2')
},{
  material: new ObjectId('6a3e24312f2b2f71f964fd7a'),
  percentage: 1.09,
  _id: new ObjectId('6a8ae1a64e390eec885288e3')
},{
  material: new ObjectId('6a3e24312f2b2f71f964fd82'),
  percentage: 1.09,
  _id: new ObjectId('6a8ae1a64e390eec885288e4')
},{
  material: new ObjectId('6a3e242f2f2b2f71f964fd46'),
  percentage: 37,
  _id: new ObjectId('6a8ae1a64e390eec885288e1')
}
le male elixir Spray,LeME__SP,spray,50,1500,31.509999999999998,18.5,0,648.15,true,Premium perfume oil with a captivating scent.,medium,Night,Evening,honey leather tobacco,,{
  material: new ObjectId('6a77727221fc6555b5eaad44'),
  percentage: 45.44,
  _id: new ObjectId('6a8ae1a64e390eec885288d1')
},{
  material: new ObjectId('6a3e24312f2b2f71f964fd73'),
  percentage: 0.87,
  _id: new ObjectId('6a8ae1a64e390eec885288d2')
},{
  material: new ObjectId('6a3e24312f2b2f71f964fd82'),
  percentage: 0.87,
  _id: new ObjectId('6a8ae1a64e390eec885288d3')
},{
  material: new ObjectId('6a3e24312f2b2f71f964fd7a'),
  percentage: 0.87,
  _id: new ObjectId('6a8ae1a64e390eec885288d4')
},{
  material: new ObjectId('6a3e24312f2b2f71f964fd73'),
  percentage: 0.97,
  _id: new ObjectId('6a8ae1a64e390eec885288d5')
},{
  material: new ObjectId('6a3e24312f2b2f71f964fd7a'),
  percentage: 0.97,
  _id: new ObjectId('6a8ae1a64e390eec885288d6')
},{
  material: new ObjectId('6a3e24312f2b2f71f964fd82'),
  percentage: 0.97,
  _id: new ObjectId('6a8ae1a64e390eec885288d7')
},{
  material: new ObjectId('6a3e24312f2b2f71f964fd73'),
  percentage: 0.92,
  _id: new ObjectId('6a8ae1a64e390eec885288d8')
},{
  material: new ObjectId('6a3e24312f2b2f71f964fd7a'),
  percentage: 0.92,
  _id: new ObjectId('6a8ae1a64e390eec885288d9')
},{
  material: new ObjectId('6a3e24312f2b2f71f964fd82'),
  percentage: 0.92,
  _id: new ObjectId('6a8ae1a64e390eec885288da')
},{
  material: new ObjectId('6a3e24312f2b2f71f964fd73'),
  percentage: 0.98,
  _id: new ObjectId('6a8ae1a64e390eec885288db')
},{
  material: new ObjectId('6a3e24312f2b2f71f964fd7a'),
  percentage: 0.98,
  _id: new ObjectId('6a8ae1a64e390eec885288dc')
},{
  material: new ObjectId('6a3e24312f2b2f71f964fd82'),
  percentage: 0.98,
  _id: new ObjectId('6a8ae1a64e390eec885288dd')
},{
  material: new ObjectId('6a3e24312f2b2f71f964fd73'),
  percentage: 1.03,
  _id: new ObjectId('6a8ae1a64e390eec885288de')
},{
  material: new ObjectId('6a3e24312f2b2f71f964fd7a'),
  percentage: 1.03,
  _id: new ObjectId('6a8ae1a64e390eec885288df')
},{
  material: new ObjectId('6a3e24312f2b2f71f964fd82'),
  percentage: 1.03,
  _id: new ObjectId('6a8ae1a64e390eec885288e0')
},{
  material: new ObjectId('6a3e24312f2b2f71f964fd73'),
  percentage: 1.09,
  _id: new ObjectId('6a8ae1a64e390eec885288e2')
},{
  material: new ObjectId('6a3e24312f2b2f71f964fd7a'),
  percentage: 1.09,
  _id: new ObjectId('6a8ae1a64e390eec885288e3')
},{
  material: new ObjectId('6a3e24312f2b2f71f964fd82'),
  percentage: 1.09,
  _id: new ObjectId('6a8ae1a64e390eec885288e4')
},{
  material: new ObjectId('6a3e242f2f2b2f71f964fd46'),
  percentage: 37,
  _id: new ObjectId('6a8ae1a64e390eec885288e1')
}
le male elixir Spray,LeME__SP,spray,100,2000,63.019999999999996,37,0,1111.3,true,Premium perfume oil with a captivating scent.,medium,Night,Evening,honey leather tobacco,,{
  material: new ObjectId('6a77727221fc6555b5eaad44'),
  percentage: 45.44,
  _id: new ObjectId('6a8ae1a64e390eec885288d1')
},{
  material: new ObjectId('6a3e24312f2b2f71f964fd73'),
  percentage: 0.87,
  _id: new ObjectId('6a8ae1a64e390eec885288d2')
},{
  material: new ObjectId('6a3e24312f2b2f71f964fd82'),
  percentage: 0.87,
  _id: new ObjectId('6a8ae1a64e390eec885288d3')
},{
  material: new ObjectId('6a3e24312f2b2f71f964fd7a'),
  percentage: 0.87,
  _id: new ObjectId('6a8ae1a64e390eec885288d4')
},{
  material: new ObjectId('6a3e24312f2b2f71f964fd73'),
  percentage: 0.97,
  _id: new ObjectId('6a8ae1a64e390eec885288d5')
},{
  material: new ObjectId('6a3e24312f2b2f71f964fd7a'),
  percentage: 0.97,
  _id: new ObjectId('6a8ae1a64e390eec885288d6')
},{
  material: new ObjectId('6a3e24312f2b2f71f964fd82'),
  percentage: 0.97,
  _id: new ObjectId('6a8ae1a64e390eec885288d7')
},{
  material: new ObjectId('6a3e24312f2b2f71f964fd73'),
  percentage: 0.92,
  _id: new ObjectId('6a8ae1a64e390eec885288d8')
},{
  material: new ObjectId('6a3e24312f2b2f71f964fd7a'),
  percentage: 0.92,
  _id: new ObjectId('6a8ae1a64e390eec885288d9')
},{
  material: new ObjectId('6a3e24312f2b2f71f964fd82'),
  percentage: 0.92,
  _id: new ObjectId('6a8ae1a64e390eec885288da')
},{
  material: new ObjectId('6a3e24312f2b2f71f964fd73'),
  percentage: 0.98,
  _id: new ObjectId('6a8ae1a64e390eec885288db')
},{
  material: new ObjectId('6a3e24312f2b2f71f964fd7a'),
  percentage: 0.98,
  _id: new ObjectId('6a8ae1a64e390eec885288dc')
},{
  material: new ObjectId('6a3e24312f2b2f71f964fd82'),
  percentage: 0.98,
  _id: new ObjectId('6a8ae1a64e390eec885288dd')
},{
  material: new ObjectId('6a3e24312f2b2f71f964fd73'),
  percentage: 1.03,
  _id: new ObjectId('6a8ae1a64e390eec885288de')
},{
  material: new ObjectId('6a3e24312f2b2f71f964fd7a'),
  percentage: 1.03,
  _id: new ObjectId('6a8ae1a64e390eec885288df')
},{
  material: new ObjectId('6a3e24312f2b2f71f964fd82'),
  percentage: 1.03,
  _id: new ObjectId('6a8ae1a64e390eec885288e0')
},{
  material: new ObjectId('6a3e24312f2b2f71f964fd73'),
  percentage: 1.09,
  _id: new ObjectId('6a8ae1a64e390eec885288e2')
},{
  material: new ObjectId('6a3e24312f2b2f71f964fd7a'),
  percentage: 1.09,
  _id: new ObjectId('6a8ae1a64e390eec885288e3')
},{
  material: new ObjectId('6a3e24312f2b2f71f964fd82'),
  percentage: 1.09,
  _id: new ObjectId('6a8ae1a64e390eec885288e4')
},{
  material: new ObjectId('6a3e242f2f2b2f71f964fd46'),
  percentage: 37,
  _id: new ObjectId('6a8ae1a64e390eec885288e1')
}
victoriya secret,VicSec,roll-on,3.5,180,3.5,0,0,0,true,Seductive floral and vanilla fragrance. Light and sweet for daytime.,light,daytime,floral vanilla sweet,6a3e242e2f2b2f71f964fd1b,
victoriya secret,VicSec,roll-on,6,280,6,0,0,0,true,Seductive floral and vanilla fragrance. Light and sweet for daytime.,light,daytime,floral vanilla sweet,6a3e242e2f2b2f71f964fd1b,
victoriya secret,VicSec,roll-on,15,750,15,0,0,0,true,Seductive floral and vanilla fragrance. Light and sweet for daytime.,light,daytime,floral vanilla sweet,6a3e242e2f2b2f71f964fd1b,
victoriya secret,VicSec,roll-on,30,1500,30,0,0,0,true,Seductive floral and vanilla fragrance. Light and sweet for daytime.,light,daytime,floral vanilla sweet,6a3e242e2f2b2f71f964fd1b,
victoriya secret Spray,VicSec_SP,spray,6,750,3.78,2.2206,0,0,true,Seductive floral and vanilla fragrance. Light and sweet for daytime.,light,daytime,floral vanilla sweet,,{
  material: new ObjectId('6a3e242e2f2b2f71f964fd1b'),
  percentage: 48.03,
  _id: new ObjectId('6a8ae19f4e390eec88528553')
},{
  material: new ObjectId('6a3e24312f2b2f71f964fd73'),
  percentage: 0.97,
  _id: new ObjectId('6a8ae19f4e390eec88528554')
},{
  material: new ObjectId('6a3e24312f2b2f71f964fd7a'),
  percentage: 0.97,
  _id: new ObjectId('6a8ae19f4e390eec88528555')
},{
  material: new ObjectId('6a3e24312f2b2f71f964fd82'),
  percentage: 0.97,
  _id: new ObjectId('6a8ae19f4e390eec88528556')
},{
  material: new ObjectId('6a3e24312f2b2f71f964fd73'),
  percentage: 0.92,
  _id: new ObjectId('6a8ae19f4e390eec88528557')
},{
  material: new ObjectId('6a3e24312f2b2f71f964fd7a'),
  percentage: 0.92,
  _id: new ObjectId('6a8ae19f4e390eec88528558')
},{
  material: new ObjectId('6a3e24312f2b2f71f964fd82'),
  percentage: 0.92,
  _id: new ObjectId('6a8ae19f4e390eec88528559')
},{
  material: new ObjectId('6a3e24312f2b2f71f964fd73'),
  percentage: 0.98,
  _id: new ObjectId('6a8ae19f4e390eec8852855a')
},{
  material: new ObjectId('6a3e24312f2b2f71f964fd7a'),
  percentage: 0.98,
  _id: new ObjectId('6a8ae19f4e390eec8852855b')
},{
  material: new ObjectId('6a3e24312f2b2f71f964fd82'),
  percentage: 0.98,
  _id: new ObjectId('6a8ae19f4e390eec8852855c')
},{
  material: new ObjectId('6a3e24312f2b2f71f964fd73'),
  percentage: 1.03,
  _id: new ObjectId('6a8ae19f4e390eec8852855d')
},{
  material: new ObjectId('6a3e24312f2b2f71f964fd7a'),
  percentage: 1.03,
  _id: new ObjectId('6a8ae19f4e390eec8852855e')
},{
  material: new ObjectId('6a3e24312f2b2f71f964fd82'),
  percentage: 1.03,
  _id: new ObjectId('6a8ae19f4e390eec8852855f')
},{
  material: new ObjectId('6a3e24312f2b2f71f964fd73'),
  percentage: 1.09,
  _id: new ObjectId('6a8ae19f4e390eec88528561')
},{
  material: new ObjectId('6a3e24312f2b2f71f964fd7a'),
  percentage: 1.09,
  _id: new ObjectId('6a8ae19f4e390eec88528562')
},{
  material: new ObjectId('6a3e24312f2b2f71f964fd82'),
  percentage: 1.09,
  _id: new ObjectId('6a8ae19f4e390eec88528563')
},{
  material: new ObjectId('6a3e242f2f2b2f71f964fd46'),
  percentage: 37.01,
  _id: new ObjectId('6a8ae19f4e390eec88528560')
}
victoriya secret Spray,VicSec_SP,spray,15,1500,9.450000000000006,5.5515,0,0,true,Seductive floral and vanilla fragrance. Light and sweet for daytime.,light,daytime,floral vanilla sweet,,{
  material: new ObjectId('6a3e242e2f2b2f71f964fd1b'),
  percentage: 48.03,
  _id: new ObjectId('6a8ae19f4e390eec88528553')
},{
  material: new ObjectId('6a3e24312f2b2f71f964fd73'),
  percentage: 0.97,
  _id: new ObjectId('6a8ae19f4e390eec88528554')
},{
  material: new ObjectId('6a3e24312f2b2f71f964fd7a'),
  percentage: 0.97,
  _id: new ObjectId('6a8ae19f4e390eec88528555')
},{
  material: new ObjectId('6a3e24312f2b2f71f964fd82'),
  percentage: 0.97,
  _id: new ObjectId('6a8ae19f4e390eec88528556')
},{
  material: new ObjectId('6a3e24312f2b2f71f964fd73'),
  percentage: 0.92,
  _id: new ObjectId('6a8ae19f4e390eec88528557')
},{
  material: new ObjectId('6a3e24312f2b2f71f964fd7a'),
  percentage: 0.92,
  _id: new ObjectId('6a8ae19f4e390eec88528558')
},{
  material: new ObjectId('6a3e24312f2b2f71f964fd82'),
  percentage: 0.92,
  _id: new ObjectId('6a8ae19f4e390eec88528559')
},{
  material: new ObjectId('6a3e24312f2b2f71f964fd73'),
  percentage: 0.98,
  _id: new ObjectId('6a8ae19f4e390eec8852855a')
},{
  material: new ObjectId('6a3e24312f2b2f71f964fd7a'),
  percentage: 0.98,
  _id: new ObjectId('6a8ae19f4e390eec8852855b')
},{
  material: new ObjectId('6a3e24312f2b2f71f964fd82'),
  percentage: 0.98,
  _id: new ObjectId('6a8ae19f4e390eec8852855c')
},{
  material: new ObjectId('6a3e24312f2b2f71f964fd73'),
  percentage: 1.03,
  _id: new ObjectId('6a8ae19f4e390eec8852855d')
},{
  material: new ObjectId('6a3e24312f2b2f71f964fd7a'),
  percentage: 1.03,
  _id: new ObjectId('6a8ae19f4e390eec8852855e')
},{
  material: new ObjectId('6a3e24312f2b2f71f964fd82'),
  percentage: 1.03,
  _id: new ObjectId('6a8ae19f4e390eec8852855f')
},{
  material: new ObjectId('6a3e24312f2b2f71f964fd73'),
  percentage: 1.09,
  _id: new ObjectId('6a8ae19f4e390eec88528561')
},{
  material: new ObjectId('6a3e24312f2b2f71f964fd7a'),
  percentage: 1.09,
  _id: new ObjectId('6a8ae19f4e390eec88528562')
},{
  material: new ObjectId('6a3e24312f2b2f71f964fd82'),
  percentage: 1.09,
  _id: new ObjectId('6a8ae19f4e390eec88528563')
},{
  material: new ObjectId('6a3e242f2f2b2f71f964fd46'),
  percentage: 37.01,
  _id: new ObjectId('6a8ae19f4e390eec88528560')
}
victoriya secret Spray,VicSec_SP,spray,30,1050,18.900000000000013,11.103,0,0,true,Seductive floral and vanilla fragrance. Light and sweet for daytime.,light,daytime,floral vanilla sweet,,{
  material: new ObjectId('6a3e242e2f2b2f71f964fd1b'),
  percentage: 48.03,
  _id: new ObjectId('6a8ae19f4e390eec88528553')
},{
  material: new ObjectId('6a3e24312f2b2f71f964fd73'),
  percentage: 0.97,
  _id: new ObjectId('6a8ae19f4e390eec88528554')
},{
  material: new ObjectId('6a3e24312f2b2f71f964fd7a'),
  percentage: 0.97,
  _id: new ObjectId('6a8ae19f4e390eec88528555')
},{
  material: new ObjectId('6a3e24312f2b2f71f964fd82'),
  percentage: 0.97,
  _id: new ObjectId('6a8ae19f4e390eec88528556')
},{
  material: new ObjectId('6a3e24312f2b2f71f964fd73'),
  percentage: 0.92,
  _id: new ObjectId('6a8ae19f4e390eec88528557')
},{
  material: new ObjectId('6a3e24312f2b2f71f964fd7a'),
  percentage: 0.92,
  _id: new ObjectId('6a8ae19f4e390eec88528558')
},{
  material: new ObjectId('6a3e24312f2b2f71f964fd82'),
  percentage: 0.92,
  _id: new ObjectId('6a8ae19f4e390eec88528559')
},{
  material: new ObjectId('6a3e24312f2b2f71f964fd73'),
  percentage: 0.98,
  _id: new ObjectId('6a8ae19f4e390eec8852855a')
},{
  material: new ObjectId('6a3e24312f2b2f71f964fd7a'),
  percentage: 0.98,
  _id: new ObjectId('6a8ae19f4e390eec8852855b')
},{
  material: new ObjectId('6a3e24312f2b2f71f964fd82'),
  percentage: 0.98,
  _id: new ObjectId('6a8ae19f4e390eec8852855c')
},{
  material: new ObjectId('6a3e24312f2b2f71f964fd73'),
  percentage: 1.03,
  _id: new ObjectId('6a8ae19f4e390eec8852855d')
},{
  material: new ObjectId('6a3e24312f2b2f71f964fd7a'),
  percentage: 1.03,
  _id: new ObjectId('6a8ae19f4e390eec8852855e')
},{
  material: new ObjectId('6a3e24312f2b2f71f964fd82'),
  percentage: 1.03,
  _id: new ObjectId('6a8ae19f4e390eec8852855f')
},{
  material: new ObjectId('6a3e24312f2b2f71f964fd73'),
  percentage: 1.09,
  _id: new ObjectId('6a8ae19f4e390eec88528561')
},{
  material: new ObjectId('6a3e24312f2b2f71f964fd7a'),
  percentage: 1.09,
  _id: new ObjectId('6a8ae19f4e390eec88528562')
},{
  material: new ObjectId('6a3e24312f2b2f71f964fd82'),
  percentage: 1.09,
  _id: new ObjectId('6a8ae19f4e390eec88528563')
},{
  material: new ObjectId('6a3e242f2f2b2f71f964fd46'),
  percentage: 37.01,
  _id: new ObjectId('6a8ae19f4e390eec88528560')
}
victoriya secret Spray,VicSec_SP,spray,50,1300,31.500000000000004,18.505,0,0,true,Seductive floral and vanilla fragrance. Light and sweet for daytime.,light,daytime,floral vanilla sweet,,{
  material: new ObjectId('6a3e242e2f2b2f71f964fd1b'),
  percentage: 48.03,
  _id: new ObjectId('6a8ae19f4e390eec88528553')
},{
  material: new ObjectId('6a3e24312f2b2f71f964fd73'),
  percentage: 0.97,
  _id: new ObjectId('6a8ae19f4e390eec88528554')
},{
  material: new ObjectId('6a3e24312f2b2f71f964fd7a'),
  percentage: 0.97,
  _id: new ObjectId('6a8ae19f4e390eec88528555')
},{
  material: new ObjectId('6a3e24312f2b2f71f964fd82'),
  percentage: 0.97,
  _id: new ObjectId('6a8ae19f4e390eec88528556')
},{
  material: new ObjectId('6a3e24312f2b2f71f964fd73'),
  percentage: 0.92,
  _id: new ObjectId('6a8ae19f4e390eec88528557')
},{
  material: new ObjectId('6a3e24312f2b2f71f964fd7a'),
  percentage: 0.92,
  _id: new ObjectId('6a8ae19f4e390eec88528558')
},{
  material: new ObjectId('6a3e24312f2b2f71f964fd82'),
  percentage: 0.92,
  _id: new ObjectId('6a8ae19f4e390eec88528559')
},{
  material: new ObjectId('6a3e24312f2b2f71f964fd73'),
  percentage: 0.98,
  _id: new ObjectId('6a8ae19f4e390eec8852855a')
},{
  material: new ObjectId('6a3e24312f2b2f71f964fd7a'),
  percentage: 0.98,
  _id: new ObjectId('6a8ae19f4e390eec8852855b')
},{
  material: new ObjectId('6a3e24312f2b2f71f964fd82'),
  percentage: 0.98,
  _id: new ObjectId('6a8ae19f4e390eec8852855c')
},{
  material: new ObjectId('6a3e24312f2b2f71f964fd73'),
  percentage: 1.03,
  _id: new ObjectId('6a8ae19f4e390eec8852855d')
},{
  material: new ObjectId('6a3e24312f2b2f71f964fd7a'),
  percentage: 1.03,
  _id: new ObjectId('6a8ae19f4e390eec8852855e')
},{
  material: new ObjectId('6a3e24312f2b2f71f964fd82'),
  percentage: 1.03,
  _id: new ObjectId('6a8ae19f4e390eec8852855f')
},{
  material: new ObjectId('6a3e24312f2b2f71f964fd73'),
  percentage: 1.09,
  _id: new ObjectId('6a8ae19f4e390eec88528561')
},{
  material: new ObjectId('6a3e24312f2b2f71f964fd7a'),
  percentage: 1.09,
  _id: new ObjectId('6a8ae19f4e390eec88528562')
},{
  material: new ObjectId('6a3e24312f2b2f71f964fd82'),
  percentage: 1.09,
  _id: new ObjectId('6a8ae19f4e390eec88528563')
},{
  material: new ObjectId('6a3e242f2f2b2f71f964fd46'),
  percentage: 37.01,
  _id: new ObjectId('6a8ae19f4e390eec88528560')
}
victoriya secret Spray,VicSec_SP,spray,100,1650,63.00000000000001,37.01,0,0,true,Seductive floral and vanilla fragrance. Light and sweet for daytime.,light,daytime,floral vanilla sweet,,{
  material: new ObjectId('6a3e242e2f2b2f71f964fd1b'),
  percentage: 48.03,
  _id: new ObjectId('6a8ae19f4e390eec88528553')
},{
  material: new ObjectId('6a3e24312f2b2f71f964fd73'),
  percentage: 0.97,
  _id: new ObjectId('6a8ae19f4e390eec88528554')
},{
  material: new ObjectId('6a3e24312f2b2f71f964fd7a'),
  percentage: 0.97,
  _id: new ObjectId('6a8ae19f4e390eec88528555')
},{
  material: new ObjectId('6a3e24312f2b2f71f964fd82'),
  percentage: 0.97,
  _id: new ObjectId('6a8ae19f4e390eec88528556')
},{
  material: new ObjectId('6a3e24312f2b2f71f964fd73'),
  percentage: 0.92,
  _id: new ObjectId('6a8ae19f4e390eec88528557')
},{
  material: new ObjectId('6a3e24312f2b2f71f964fd7a'),
  percentage: 0.92,
  _id: new ObjectId('6a8ae19f4e390eec88528558')
},{
  material: new ObjectId('6a3e24312f2b2f71f964fd82'),
  percentage: 0.92,
  _id: new ObjectId('6a8ae19f4e390eec88528559')
},{
  material: new ObjectId('6a3e24312f2b2f71f964fd73'),
  percentage: 0.98,
  _id: new ObjectId('6a8ae19f4e390eec8852855a')
},{
  material: new ObjectId('6a3e24312f2b2f71f964fd7a'),
  percentage: 0.98,
  _id: new ObjectId('6a8ae19f4e390eec8852855b')
},{
  material: new ObjectId('6a3e24312f2b2f71f964fd82'),
  percentage: 0.98,
  _id: new ObjectId('6a8ae19f4e390eec8852855c')
},{
  material: new ObjectId('6a3e24312f2b2f71f964fd73'),
  percentage: 1.03,
  _id: new ObjectId('6a8ae19f4e390eec8852855d')
},{
  material: new ObjectId('6a3e24312f2b2f71f964fd7a'),
  percentage: 1.03,
  _id: new ObjectId('6a8ae19f4e390eec8852855e')
},{
  material: new ObjectId('6a3e24312f2b2f71f964fd82'),
  percentage: 1.03,
  _id: new ObjectId('6a8ae19f4e390eec8852855f')
},{
  material: new ObjectId('6a3e24312f2b2f71f964fd73'),
  percentage: 1.09,
  _id: new ObjectId('6a8ae19f4e390eec88528561')
},{
  material: new ObjectId('6a3e24312f2b2f71f964fd7a'),
  percentage: 1.09,
  _id: new ObjectId('6a8ae19f4e390eec88528562')
},{
  material: new ObjectId('6a3e24312f2b2f71f964fd82'),
  percentage: 1.09,
  _id: new ObjectId('6a8ae19f4e390eec88528563')
},{
  material: new ObjectId('6a3e242f2f2b2f71f964fd46'),
  percentage: 37.01,
  _id: new ObjectId('6a8ae19f4e390eec88528560')
}