name,sku,type,description,intensity,bestFor,notes,isBestseller,isActive,createdAt,updatedAt,baseOil,blendComponents,minPrice,maxPrice,sizes
Ahsas al Arabia,AhsAra,roll-on,Medium oriental woody floral blend. Best for evening elegance.,medium,evening,oriental woody floral,false,true,2026-06-27T19:11:43.561Z,2026-09-10T19:27:56.325Z,Ahsas al Arabia,,150,1250,"[{""sizeMl"":3.5,""bottleType"":"""",""sellingPrice"":150,""oilMlUsed"":3.5,""ethanolMlUsed"":0,""fixativeMlUsed"":0,""makingCost"":127.61296137339056,""bottleId"":""6a3fa869a6a41926cb0c6e7e""},{""sizeMl"":6,""bottleType"":"""",""sellingPrice"":250,""oilMlUsed"":6,""ethanolMlUsed"":0,""fixativeMlUsed"":0,""makingCost"":162.60169491525426,""bottleId"":""6a3fa869a6a41926cb0c6e7f""},{""sizeMl"":15,""bottleType"":"""",""sellingPrice"":650,""oilMlUsed"":15,""ethanolMlUsed"":0,""fixativeMlUsed"":0,""makingCost"":241.42857142857144,""bottleId"":""6a3fa869a6a41926cb0c6e80""},{""sizeMl"":30,""bottleType"":"""",""sellingPrice"":1250,""oilMlUsed"":30,""ethanolMlUsed"":0,""fixativeMlUsed"":0,""makingCost"":325,""bottleId"":""6a3fa869a6a41926cb0c6e81""}]"
Ahsas al Arabia Spray,AhsAra_SP,spray,Medium oriental woody floral blend. Best for evening elegance.,medium,evening,oriental woody floral,false,false,2026-06-27T19:11:44.418Z,2026-09-02T21:51:23.855Z,,Ahsas al Arabia (55%); Ethanol (42%); Iso E Super (1%); Galaxolide (1%); Ambroxan (1%),300,1700,"[{""sizeMl"":6,""bottleType"":"""",""sellingPrice"":300,""oilMlUsed"":3.3,""ethanolMlUsed"":2.52,""fixativeMlUsed"":0.18,""makingCost"":158.3192258064516,""bottleId"":""6a3fa86aa6a41926cb0c6e82""},{""sizeMl"":15,""bottleType"":"""",""sellingPrice"":700,""oilMlUsed"":8.25,""ethanolMlUsed"":6.3,""fixativeMlUsed"":0.44999999999999996,""makingCost"":223.54000000000002,""bottleId"":""6a3fa86aa6a41926cb0c6e83""},{""sizeMl"":30,""bottleType"":"""",""sellingPrice"":1000,""oilMlUsed"":16.5,""ethanolMlUsed"":12.6,""fixativeMlUsed"":0.8999999999999999,""makingCost"":384.4646153846154,""bottleId"":""6a3fa86aa6a41926cb0c6e84""},{""sizeMl"":50,""bottleType"":"""",""sellingPrice"":1300,""oilMlUsed"":27.5,""ethanolMlUsed"":21,""fixativeMlUsed"":1.5,""makingCost"":526.8,""bottleId"":""6a3fa86aa6a41926cb0c6e85""},{""sizeMl"":100,""bottleType"":"""",""sellingPrice"":1700,""oilMlUsed"":55,""ethanolMlUsed"":42,""fixativeMlUsed"":3,""makingCost"":888.6,""bottleId"":""6a3fa86aa6a41926cb0c6e86""}]"
Ameer Al oud,AmeOud,roll-on,Strong oriental woody spicy fragrance. Perfect for evening sophistication.,strong,evening,oriental woody spicy,false,true,2026-06-27T19:11:41.848Z,2026-09-10T19:27:57.223Z,Ameer Al oud,,150,1250,"[{""sizeMl"":3.5,""bottleType"":"""",""sellingPrice"":150,""oilMlUsed"":3.5,""ethanolMlUsed"":0,""fixativeMlUsed"":0,""makingCost"":127.61296137339056,""bottleId"":""6a3fa869a6a41926cb0c6e7e""},{""sizeMl"":6,""bottleType"":"""",""sellingPrice"":250,""oilMlUsed"":6,""ethanolMlUsed"":0,""fixativeMlUsed"":0,""makingCost"":162.60169491525426,""bottleId"":""6a3fa869a6a41926cb0c6e7f""},{""sizeMl"":15,""bottleType"":"""",""sellingPrice"":650,""oilMlUsed"":15,""ethanolMlUsed"":0,""fixativeMlUsed"":0,""makingCost"":241.42857142857144,""bottleId"":""6a3fa869a6a41926cb0c6e80""},{""sizeMl"":30,""bottleType"":"""",""sellingPrice"":1250,""oilMlUsed"":30,""ethanolMlUsed"":0,""fixativeMlUsed"":0,""makingCost"":325,""bottleId"":""6a3fa869a6a41926cb0c6e81""}]"
Ameer Al oud Spray,AmeOud_SP,spray,Strong oriental woody spicy fragrance. Perfect for evening sophistication.,strong,evening,oriental woody spicy,false,false,2026-06-27T19:11:42.701Z,2026-09-02T21:50:45.154Z,,Ameer Al oud (55%); Ethanol (42%); Iso E Super (1%); Galaxolide (1%); Ambroxan (1%),300,1700,"[{""sizeMl"":6,""bottleType"":"""",""sellingPrice"":300,""oilMlUsed"":3.3,""ethanolMlUsed"":2.52,""fixativeMlUsed"":0.18,""makingCost"":158.3192258064516,""bottleId"":""6a3fa86aa6a41926cb0c6e82""},{""sizeMl"":15,""bottleType"":"""",""sellingPrice"":700,""oilMlUsed"":8.25,""ethanolMlUsed"":6.3,""fixativeMlUsed"":0.44999999999999996,""makingCost"":223.54000000000002,""bottleId"":""6a3fa86aa6a41926cb0c6e83""},{""sizeMl"":30,""bottleType"":"""",""sellingPrice"":1000,""oilMlUsed"":16.5,""ethanolMlUsed"":12.6,""fixativeMlUsed"":0.8999999999999999,""makingCost"":384.4646153846154,""bottleId"":""6a3fa86aa6a41926cb0c6e84""},{""sizeMl"":50,""bottleType"":"""",""sellingPrice"":1300,""oilMlUsed"":27.5,""ethanolMlUsed"":21,""fixativeMlUsed"":1.5,""makingCost"":526.8,""bottleId"":""6a3fa86aa6a41926cb0c6e85""},{""sizeMl"":100,""bottleType"":"""",""sellingPrice"":1700,""oilMlUsed"":55,""ethanolMlUsed"":42,""fixativeMlUsed"":3,""makingCost"":888.6,""bottleId"":""6a3fa86aa6a41926cb0c6e86""}]"
Aqua DI Gio,AquGio,roll-on,Fresh aquatic citrus fragrance. A daytime classic.,medium,daytime,aquatic citrus,false,true,2026-06-27T19:11:47.003Z,2026-09-10T19:27:17.864Z,Aqua DI Gio,,180,1500,"[{""sizeMl"":3.5,""bottleType"":"""",""sellingPrice"":180,""oilMlUsed"":3.5,""ethanolMlUsed"":0,""fixativeMlUsed"":0,""makingCost"":148.61296137339056,""bottleId"":""6a3fa869a6a41926cb0c6e7e""},{""sizeMl"":6,""bottleType"":"""",""sellingPrice"":280,""oilMlUsed"":6,""ethanolMlUsed"":0,""fixativeMlUsed"":0,""makingCost"":198.60169491525426,""bottleId"":""6a3fa869a6a41926cb0c6e7f""},{""sizeMl"":15,""bottleType"":"""",""sellingPrice"":750,""oilMlUsed"":15,""ethanolMlUsed"":0,""fixativeMlUsed"":0,""makingCost"":331.42857142857144,""bottleId"":""6a3fa869a6a41926cb0c6e80""},{""sizeMl"":30,""bottleType"":"""",""sellingPrice"":1500,""oilMlUsed"":30,""ethanolMlUsed"":0,""fixativeMlUsed"":0,""makingCost"":505,""bottleId"":""6a3fa869a6a41926cb0c6e81""}]"
Aqua DI Gio Spray,AquGio_SP,spray,Fresh aquatic citrus fragrance. A daytime classic.,medium,daytime,aquatic citrus,false,true,2026-06-27T19:11:47.860Z,2026-09-27T01:16:01.676Z,,,330,1650,"[{""sizeMl"":6,""bottleType"":"""",""sellingPrice"":330,""oilMlUsed"":3.3120000000000003,""ethanolMlUsed"":2.6879999999999997,""fixativeMlUsed"":0,""makingCost"":173.20299047619045,""bottleId"":""6a3fa86aa6a41926cb0c6e82""},{""sizeMl"":15,""bottleType"":"""",""sellingPrice"":780,""oilMlUsed"":7.5,""ethanolMlUsed"":7.05,""fixativeMlUsed"":0.44999999999999996,""makingCost"":261.817,""bottleId"":""6a3fa86aa6a41926cb0c6e83""},{""sizeMl"":30,""bottleType"":"""",""sellingPrice"":1050,""oilMlUsed"":15.6,""ethanolMlUsed"":13.5,""fixativeMlUsed"":0.8999999999999999,""makingCost"":463.59052173913045,""bottleId"":""6a3fa86aa6a41926cb0c6e84""},{""sizeMl"":50,""bottleType"":"""",""sellingPrice"":1300,""oilMlUsed"":27.5,""ethanolMlUsed"":21,""fixativeMlUsed"":1.5,""makingCost"":654.39,""bottleId"":""6a3fa86aa6a41926cb0c6e85""},{""sizeMl"":100,""bottleType"":"""",""sellingPrice"":1650,""oilMlUsed"":60,""ethanolMlUsed"":37,""fixativeMlUsed"":3,""makingCost"":1143.78,""bottleId"":""6a3fa86aa6a41926cb0c6e86""}]"
Ariana Grande Cloud,AGC,roll-on,"Top Notes: Lavender, pear, and bergamot.
Heart/Middle Notes: Whipped cream, praline, coconut, and vanilla orchid.
Base Notes: Musk and woody notes.",medium,daytime,"floral, fruity, gourmand",false,true,2026-08-09T10:33:40.871Z,2026-09-10T19:23:01.647Z,Ariana Grande Cloud,,170,1350,"[{""sizeMl"":3.5,""bottleType"":"""",""sellingPrice"":170,""oilMlUsed"":3.5,""ethanolMlUsed"":0,""fixativeMlUsed"":0,""makingCost"":148.61296137339056,""bottleId"":""6a3fa869a6a41926cb0c6e7e""},{""sizeMl"":6,""bottleType"":"""",""sellingPrice"":330,""oilMlUsed"":6,""ethanolMlUsed"":0,""fixativeMlUsed"":0,""makingCost"":198.60169491525426,""bottleId"":""6a3fa869a6a41926cb0c6e7f""},{""sizeMl"":15,""bottleType"":"""",""sellingPrice"":770,""oilMlUsed"":15,""ethanolMlUsed"":0,""fixativeMlUsed"":0,""makingCost"":331.42857142857144,""bottleId"":""6a3fa869a6a41926cb0c6e80""},{""sizeMl"":30,""bottleType"":"""",""sellingPrice"":1350,""oilMlUsed"":30,""ethanolMlUsed"":0,""fixativeMlUsed"":0,""makingCost"":505,""bottleId"":""6a3fa869a6a41926cb0c6e81""}]"
Ariana Grande Cloud Spray,AGC_SP,spray,"Top Notes: Lavender, pear, and bergamot.
Heart/Middle Notes: Whipped cream, praline, coconut, and vanilla orchid.
Base Notes: Musk and woody notes.",medium,daytime,"floral, fruity, gourmand",false,true,2026-08-09T10:34:39.218Z,2026-09-27T01:16:18.630Z,,,350,2200,"[{""sizeMl"":6,""bottleType"":"""",""sellingPrice"":350,""oilMlUsed"":3.3120000000000003,""ethanolMlUsed"":2.6879999999999997,""fixativeMlUsed"":0,""makingCost"":173.20299047619045,""bottleId"":""6a3fa86aa6a41926cb0c6e82""},{""sizeMl"":15,""bottleType"":"""",""sellingPrice"":800,""oilMlUsed"":7.5,""ethanolMlUsed"":7.05,""fixativeMlUsed"":0.44999999999999996,""makingCost"":261.817,""bottleId"":""6a3fa86aa6a41926cb0c6e83""},{""sizeMl"":30,""bottleType"":"""",""sellingPrice"":1500,""oilMlUsed"":15.6,""ethanolMlUsed"":13.5,""fixativeMlUsed"":0.8999999999999999,""makingCost"":463.59052173913045,""bottleId"":""6a3fa86aa6a41926cb0c6e84""},{""sizeMl"":50,""bottleType"":"""",""sellingPrice"":1700,""oilMlUsed"":27.5,""ethanolMlUsed"":21,""fixativeMlUsed"":1.5,""makingCost"":654.39,""bottleId"":""6a3fa86aa6a41926cb0c6e85""},{""sizeMl"":100,""bottleType"":"""",""sellingPrice"":2200,""oilMlUsed"":60,""ethanolMlUsed"":37,""fixativeMlUsed"":3,""makingCost"":1143.78,""bottleId"":""6a3fa86aa6a41926cb0c6e86""}]"
Ariana Grande thank you,AG-Thnk,roll-on,"Top Notes: White raspberry and pear.
Heart/Middle Notes: Coconut cream and pink rose petals.
Base Notes: Macaron sugar and velvet musk",medium,"daytime, evening","floral, fruity, gourmand",false,true,2026-08-08T19:50:08.794Z,2026-09-10T19:23:17.174Z,Ariana Grande thank you,,210,1400,"[{""sizeMl"":3.5,""bottleType"":"""",""sellingPrice"":210,""oilMlUsed"":3.5,""ethanolMlUsed"":0,""fixativeMlUsed"":0,""makingCost"":155.61296137339056,""bottleId"":""6a3fa869a6a41926cb0c6e7e""},{""sizeMl"":6,""bottleType"":"""",""sellingPrice"":350,""oilMlUsed"":6,""ethanolMlUsed"":0,""fixativeMlUsed"":0,""makingCost"":210.60169491525426,""bottleId"":""6a3fa869a6a41926cb0c6e7f""},{""sizeMl"":15,""bottleType"":"""",""sellingPrice"":800,""oilMlUsed"":15,""ethanolMlUsed"":0,""fixativeMlUsed"":0,""makingCost"":361.42857142857144,""bottleId"":""6a3fa869a6a41926cb0c6e80""},{""sizeMl"":30,""bottleType"":"""",""sellingPrice"":1400,""oilMlUsed"":30,""ethanolMlUsed"":0,""fixativeMlUsed"":0,""makingCost"":565,""bottleId"":""6a3fa869a6a41926cb0c6e81""}]"
Ariana Grande thank you Spray,AG-Thnk_SP,spray,"Top Notes: White raspberry and pear.
Heart/Middle Notes: Coconut cream and pink rose petals.
Base Notes: Macaron sugar and velvet musk",medium,"daytime, evening","floral, fruity, gourmand",false,true,2026-08-08T19:51:01.757Z,2026-09-27T01:16:17.198Z,,,370,2000,"[{""sizeMl"":6,""bottleType"":"""",""sellingPrice"":370,""oilMlUsed"":3.3120000000000003,""ethanolMlUsed"":2.6879999999999997,""fixativeMlUsed"":0,""makingCost"":179.80299047619047,""bottleId"":""6a3fa86aa6a41926cb0c6e82""},{""sizeMl"":15,""bottleType"":"""",""sellingPrice"":830,""oilMlUsed"":7.5,""ethanolMlUsed"":7.05,""fixativeMlUsed"":0.44999999999999996,""makingCost"":278.317,""bottleId"":""6a3fa86aa6a41926cb0c6e83""},{""sizeMl"":30,""bottleType"":"""",""sellingPrice"":1430,""oilMlUsed"":15.6,""ethanolMlUsed"":13.5,""fixativeMlUsed"":0.8999999999999999,""makingCost"":496.59052173913045,""bottleId"":""6a3fa86aa6a41926cb0c6e84""},{""sizeMl"":50,""bottleType"":"""",""sellingPrice"":1600,""oilMlUsed"":27.5,""ethanolMlUsed"":21,""fixativeMlUsed"":1.5,""makingCost"":709.39,""bottleId"":""6a3fa86aa6a41926cb0c6e85""},{""sizeMl"":100,""bottleType"":"""",""sellingPrice"":2000,""oilMlUsed"":60,""ethanolMlUsed"":37,""fixativeMlUsed"":3,""makingCost"":1253.78,""bottleId"":""6a3fa86aa6a41926cb0c6e86""}]"
Armanis.w.y,ArmWy,roll-on,Spicy sweet woody fragrance. A strong statement for evening events.,medium,evening,spicy sweet woody,false,true,2026-06-27T19:11:29.563Z,2026-09-10T19:28:31.056Z,Armanis.w.y,,150,1400,"[{""sizeMl"":3.5,""bottleType"":"""",""sellingPrice"":150,""oilMlUsed"":3.5,""ethanolMlUsed"":0,""fixativeMlUsed"":0,""makingCost"":127.61296137339056,""bottleId"":""6a3fa869a6a41926cb0c6e7e""},{""sizeMl"":6,""bottleType"":"""",""sellingPrice"":250,""oilMlUsed"":6,""ethanolMlUsed"":0,""fixativeMlUsed"":0,""makingCost"":162.60169491525426,""bottleId"":""6a3fa869a6a41926cb0c6e7f""},{""sizeMl"":15,""bottleType"":"""",""sellingPrice"":700,""oilMlUsed"":15,""ethanolMlUsed"":0,""fixativeMlUsed"":0,""makingCost"":241.42857142857144,""bottleId"":""6a3fa869a6a41926cb0c6e80""},{""sizeMl"":30,""bottleType"":"""",""sellingPrice"":1400,""oilMlUsed"":30,""ethanolMlUsed"":0,""fixativeMlUsed"":0,""makingCost"":325,""bottleId"":""6a3fa869a6a41926cb0c6e81""}]"
Armanis.w.y Spray,ArmWy_SP,spray,Spicy sweet woody fragrance. A strong statement for evening events.,medium,evening,spicy sweet woody,true,true,2026-06-27T19:11:30.435Z,2026-09-27T01:15:52.645Z,,,300,1900,"[{""sizeMl"":6,""bottleType"":"""",""sellingPrice"":300,""oilMlUsed"":3.3120000000000003,""ethanolMlUsed"":2.6879999999999997,""fixativeMlUsed"":0,""makingCost"":153.40299047619047,""bottleId"":""6a3fa86aa6a41926cb0c6e82""},{""sizeMl"":15,""bottleType"":"""",""sellingPrice"":700,""oilMlUsed"":7.5,""ethanolMlUsed"":7.05,""fixativeMlUsed"":0.44999999999999996,""makingCost"":212.317,""bottleId"":""6a3fa86aa6a41926cb0c6e83""},{""sizeMl"":30,""bottleType"":"""",""sellingPrice"":1100,""oilMlUsed"":15.6,""ethanolMlUsed"":13.5,""fixativeMlUsed"":0.8999999999999999,""makingCost"":364.5905217391304,""bottleId"":""6a3fa86aa6a41926cb0c6e84""},{""sizeMl"":50,""bottleType"":"""",""sellingPrice"":1500,""oilMlUsed"":27.5,""ethanolMlUsed"":21,""fixativeMlUsed"":1.5,""makingCost"":489.39,""bottleId"":""6a3fa86aa6a41926cb0c6e85""},{""sizeMl"":100,""bottleType"":"""",""sellingPrice"":1900,""oilMlUsed"":60,""ethanolMlUsed"":37,""fixativeMlUsed"":3,""makingCost"":813.78,""bottleId"":""6a3fa86aa6a41926cb0c6e86""}]"
Baccarat rouge,BacRou,roll-on,Luxury saffron amber woody fragrance. For special occasions.,strong,special,saffron amber woody,false,true,2026-06-27T19:11:45.280Z,2026-09-10T19:27:29.190Z,Baccarat rouge,,180,1500,"[{""sizeMl"":3.5,""bottleType"":"""",""sellingPrice"":180,""oilMlUsed"":3.5,""ethanolMlUsed"":0,""fixativeMlUsed"":0,""makingCost"":148.61296137339056,""bottleId"":""6a3fa869a6a41926cb0c6e7e""},{""sizeMl"":6,""bottleType"":"""",""sellingPrice"":280,""oilMlUsed"":6,""ethanolMlUsed"":0,""fixativeMlUsed"":0,""makingCost"":198.60169491525426,""bottleId"":""6a3fa869a6a41926cb0c6e7f""},{""sizeMl"":15,""bottleType"":"""",""sellingPrice"":750,""oilMlUsed"":15,""ethanolMlUsed"":0,""fixativeMlUsed"":0,""makingCost"":331.42857142857144,""bottleId"":""6a3fa869a6a41926cb0c6e80""},{""sizeMl"":30,""bottleType"":"""",""sellingPrice"":1500,""oilMlUsed"":30,""ethanolMlUsed"":0,""fixativeMlUsed"":0,""makingCost"":505,""bottleId"":""6a3fa869a6a41926cb0c6e81""}]"
Baccarat rouge Spray,BacRou_SP,spray,Luxury saffron amber woody fragrance. For special occasions.,strong,special,saffron amber woody,false,true,2026-06-27T19:11:46.138Z,2026-09-27T01:15:58.880Z,,,330,1650,"[{""sizeMl"":6,""bottleType"":"""",""sellingPrice"":330,""oilMlUsed"":3.3120000000000003,""ethanolMlUsed"":2.6879999999999997,""fixativeMlUsed"":0,""makingCost"":173.20299047619045,""bottleId"":""6a3fa86aa6a41926cb0c6e82""},{""sizeMl"":15,""bottleType"":"""",""sellingPrice"":780,""oilMlUsed"":7.5,""ethanolMlUsed"":7.05,""fixativeMlUsed"":0.44999999999999996,""makingCost"":261.817,""bottleId"":""6a3fa86aa6a41926cb0c6e83""},{""sizeMl"":30,""bottleType"":"""",""sellingPrice"":1050,""oilMlUsed"":15.6,""ethanolMlUsed"":13.5,""fixativeMlUsed"":0.8999999999999999,""makingCost"":463.59052173913045,""bottleId"":""6a3fa86aa6a41926cb0c6e84""},{""sizeMl"":50,""bottleType"":"""",""sellingPrice"":1300,""oilMlUsed"":27.5,""ethanolMlUsed"":21,""fixativeMlUsed"":1.5,""makingCost"":654.39,""bottleId"":""6a3fa86aa6a41926cb0c6e85""},{""sizeMl"":100,""bottleType"":"""",""sellingPrice"":1650,""oilMlUsed"":60,""ethanolMlUsed"":37,""fixativeMlUsed"":3,""makingCost"":1143.78,""bottleId"":""6a3fa86aa6a41926cb0c6e86""}]"
Black Opium,BlOp,roll-on,"A seductive, warm and addictive fragrance blending rich coffee with sweet vanilla and soft florals.",medium,"Evening, Date Night, Parties, Special Occasions, Cooler Weather","Coffee, Vanilla, White Flowers, Jasmine, Cedarwood, Patchouli",false,true,2026-09-08T11:23:54.182Z,2026-09-30T14:09:43.772Z,Black Opium,,180,1150,"[{""sizeMl"":3.5,""bottleType"":"""",""sellingPrice"":180,""oilMlUsed"":3.5,""ethanolMlUsed"":0,""fixativeMlUsed"":0,""makingCost"":148.61296137339056,""bottleId"":""6a3fa869a6a41926cb0c6e7e""},{""sizeMl"":6,""bottleType"":"""",""sellingPrice"":300,""oilMlUsed"":6,""ethanolMlUsed"":0,""fixativeMlUsed"":0,""makingCost"":198.89189189189187,""bottleId"":""6a3fa869a6a41926cb0c6e7f""},{""sizeMl"":15,""bottleType"":"""",""sellingPrice"":750,""oilMlUsed"":15,""ethanolMlUsed"":0,""fixativeMlUsed"":0,""makingCost"":331.53846153846155,""bottleId"":""6a3fa869a6a41926cb0c6e80""},{""sizeMl"":30,""bottleType"":"""",""sellingPrice"":1150,""oilMlUsed"":30,""ethanolMlUsed"":0,""fixativeMlUsed"":0,""makingCost"":505,""bottleId"":""6a3fa869a6a41926cb0c6e81""}]"
Black Opium Spray,BlOp_SP,spray,"A seductive, warm and addictive fragrance blending rich coffee with sweet vanilla and soft florals.",medium,"Evening, Date Night, Parties, Special Occasions, Cooler Weather","Coffee, Vanilla, White Flowers, Jasmine, Cedarwood, Patchouli",false,true,2026-09-30T14:01:37.255Z,2026-09-30T17:21:56.380Z,,,330,1900,"[{""sizeMl"":6,""bottleType"":"""",""sellingPrice"":330,""oilMlUsed"":3.3120000000000003,""ethanolMlUsed"":2.6879999999999997,""fixativeMlUsed"":0,""makingCost"":172.14918530612243,""bottleId"":""6a3fa86aa6a41926cb0c6e82""},{""sizeMl"":15,""bottleType"":"""",""sellingPrice"":800,""oilMlUsed"":7.5,""ethanolMlUsed"":7.05,""fixativeMlUsed"":0.44999999999999996,""makingCost"":252.0845,""bottleId"":""6a3fa86aa6a41926cb0c6e83""},{""sizeMl"":30,""bottleType"":"""",""sellingPrice"":1200,""oilMlUsed"":15.6,""ethanolMlUsed"":13.5,""fixativeMlUsed"":0.8999999999999999,""makingCost"":452.87152173913046,""bottleId"":""6a3fa86aa6a41926cb0c6e84""},{""sizeMl"":50,""bottleType"":"""",""sellingPrice"":1450,""oilMlUsed"":27.5,""ethanolMlUsed"":21,""fixativeMlUsed"":1.5,""makingCost"":654.39,""bottleId"":""6a3fa86aa6a41926cb0c6e85""},{""sizeMl"":100,""bottleType"":"""",""sellingPrice"":1900,""oilMlUsed"":60,""ethanolMlUsed"":37,""fixativeMlUsed"":3,""makingCost"":1203.33,""bottleId"":""6a3fa86aa6a41926cb0c6e86""}]"
Black Orchid,BLOr,roll-on,"Top Notes: Black truffle, ylang-ylang, black currant, gardenia, jasmine, bergamot, mandarin orange, and Amalfi lemon.
Heart/Middle Notes: Orchid, spices, fruity notes, lotus, gardenia, and jasmine.
Base Notes: Mexican chocolate, patchouli, vanille, incense, amber, sandalwood, vetiver, and white musk",medium,"evening, special","amber, floral",false,true,2026-08-09T10:19:22.951Z,2026-09-10T19:23:05.427Z,Black Orchid,,180,1300,"[{""sizeMl"":6,""bottleType"":"""",""sellingPrice"":330,""oilMlUsed"":6,""ethanolMlUsed"":0,""fixativeMlUsed"":0,""makingCost"":192.60169491525426,""bottleId"":""6a3fa869a6a41926cb0c6e7f""},{""sizeMl"":15,""bottleType"":"""",""sellingPrice"":700,""oilMlUsed"":15,""ethanolMlUsed"":0,""fixativeMlUsed"":0,""makingCost"":316.42857142857144,""bottleId"":""6a3fa869a6a41926cb0c6e80""},{""sizeMl"":30,""bottleType"":"""",""sellingPrice"":1300,""oilMlUsed"":30,""ethanolMlUsed"":0,""fixativeMlUsed"":0,""makingCost"":475,""bottleId"":""6a3fa869a6a41926cb0c6e81""},{""sizeMl"":3.5,""bottleType"":"""",""sellingPrice"":180,""oilMlUsed"":3.5,""ethanolMlUsed"":0,""fixativeMlUsed"":0,""makingCost"":145.11296137339056,""bottleId"":""6a3fa869a6a41926cb0c6e7e""}]"
Black Orchid Spray,BLOr_SP,spray,"Top Notes: Black truffle, ylang-ylang, black currant, gardenia, jasmine, bergamot, mandarin orange, and Amalfi lemon.
Heart/Middle Notes: Orchid, spices, fruity notes, lotus, gardenia, and jasmine.
Base Notes: Mexican chocolate, patchouli, vanille, incense, amber, sandalwood, vetiver, and white musk",medium,"evening, special","amber, floral",false,true,2026-08-09T10:23:06.158Z,2026-09-27T01:16:18.158Z,,,350,2000,"[{""sizeMl"":6,""bottleType"":"""",""sellingPrice"":350,""oilMlUsed"":3.3120000000000003,""ethanolMlUsed"":2.6879999999999997,""fixativeMlUsed"":0,""makingCost"":169.90299047619047,""bottleId"":""6a3fa86aa6a41926cb0c6e82""},{""sizeMl"":15,""bottleType"":"""",""sellingPrice"":800,""oilMlUsed"":7.5,""ethanolMlUsed"":7.05,""fixativeMlUsed"":0.44999999999999996,""makingCost"":253.567,""bottleId"":""6a3fa86aa6a41926cb0c6e83""},{""sizeMl"":30,""bottleType"":"""",""sellingPrice"":1400,""oilMlUsed"":15.6,""ethanolMlUsed"":13.5,""fixativeMlUsed"":0.8999999999999999,""makingCost"":447.0905217391304,""bottleId"":""6a3fa86aa6a41926cb0c6e84""},{""sizeMl"":50,""bottleType"":"""",""sellingPrice"":1650,""oilMlUsed"":27.5,""ethanolMlUsed"":21,""fixativeMlUsed"":1.5,""makingCost"":626.89,""bottleId"":""6a3fa86aa6a41926cb0c6e85""},{""sizeMl"":100,""bottleType"":"""",""sellingPrice"":2000,""oilMlUsed"":60,""ethanolMlUsed"":37,""fixativeMlUsed"":3,""makingCost"":1088.78,""bottleId"":""6a3fa86aa6a41926cb0c6e86""}]"
Blue berry,BluBer,roll-on,"A light, sweet fruity fragrance with juicy blueberry notes. Perfect for daytime freshness.",light,daytime,fruity sweet,true,true,2026-06-27T19:11:15.386Z,2026-09-28T17:39:43.010Z,Blue berry,,150,1250,"[{""sizeMl"":3.5,""bottleType"":"""",""sellingPrice"":150,""oilMlUsed"":3.5,""ethanolMlUsed"":0,""fixativeMlUsed"":0,""makingCost"":141.61296137339056,""bottleId"":""6a3fa869a6a41926cb0c6e7e""},{""sizeMl"":6,""bottleType"":"""",""sellingPrice"":250,""oilMlUsed"":6,""ethanolMlUsed"":0,""fixativeMlUsed"":0,""makingCost"":186.89189189189187,""bottleId"":""6a3fa869a6a41926cb0c6e7f""},{""sizeMl"":15,""bottleType"":"""",""sellingPrice"":650,""oilMlUsed"":15,""ethanolMlUsed"":0,""fixativeMlUsed"":0,""makingCost"":301.53846153846155,""bottleId"":""6a3fa869a6a41926cb0c6e80""},{""sizeMl"":30,""bottleType"":"""",""sellingPrice"":1250,""oilMlUsed"":30,""ethanolMlUsed"":0,""fixativeMlUsed"":0,""makingCost"":445,""bottleId"":""6a3fa869a6a41926cb0c6e81""}]"
Blue berry Spray,BluBer_SP,spray,"A light, sweet fruity fragrance with juicy blueberry notes. Perfect for daytime freshness.",light,daytime,fruity sweet,false,true,2026-06-27T19:11:16.262Z,2026-09-27T01:15:48.848Z,,,300,1700,"[{""sizeMl"":6,""bottleType"":"""",""sellingPrice"":300,""oilMlUsed"":3.3120000000000003,""ethanolMlUsed"":2.6879999999999997,""fixativeMlUsed"":0,""makingCost"":166.60299047619048,""bottleId"":""6a3fa86aa6a41926cb0c6e82""},{""sizeMl"":15,""bottleType"":"""",""sellingPrice"":700,""oilMlUsed"":7.5,""ethanolMlUsed"":7.05,""fixativeMlUsed"":0.44999999999999996,""makingCost"":245.317,""bottleId"":""6a3fa86aa6a41926cb0c6e83""},{""sizeMl"":30,""bottleType"":"""",""sellingPrice"":1000,""oilMlUsed"":15.6,""ethanolMlUsed"":13.5,""fixativeMlUsed"":0.8999999999999999,""makingCost"":430.5905217391304,""bottleId"":""6a3fa86aa6a41926cb0c6e84""},{""sizeMl"":50,""bottleType"":"""",""sellingPrice"":1300,""oilMlUsed"":27.5,""ethanolMlUsed"":21,""fixativeMlUsed"":1.5,""makingCost"":599.39,""bottleId"":""6a3fa86aa6a41926cb0c6e85""},{""sizeMl"":100,""bottleType"":"""",""sellingPrice"":1700,""oilMlUsed"":60,""ethanolMlUsed"":37,""fixativeMlUsed"":3,""makingCost"":1033.78,""bottleId"":""6a3fa86aa6a41926cb0c6e86""}]"
Blue de Chanel,BluCha,roll-on,Fresh citrus with a woody base. Versatile for any occasion.,medium,all,citrus woody fresh,false,true,2026-06-27T19:11:25.981Z,2026-09-10T20:07:10.548Z,Blue de Chanel,,180,1650,"[{""sizeMl"":3.5,""bottleType"":"""",""sellingPrice"":1300,""oilMlUsed"":3.5,""ethanolMlUsed"":0,""fixativeMlUsed"":0,""makingCost"":145.11296137339056,""bottleId"":""6a3fa869a6a41926cb0c6e7e""},{""sizeMl"":6,""bottleType"":"""",""sellingPrice"":1650,""oilMlUsed"":6,""ethanolMlUsed"":0,""fixativeMlUsed"":0,""makingCost"":192.60169491525426,""bottleId"":""6a3fa869a6a41926cb0c6e7f""},{""sizeMl"":15,""bottleType"":"""",""sellingPrice"":180,""oilMlUsed"":15,""ethanolMlUsed"":0,""fixativeMlUsed"":0,""makingCost"":316.42857142857144,""bottleId"":""6a3fa869a6a41926cb0c6e80""},{""sizeMl"":30,""bottleType"":"""",""sellingPrice"":280,""oilMlUsed"":30,""ethanolMlUsed"":0,""fixativeMlUsed"":0,""makingCost"":475,""bottleId"":""6a3fa869a6a41926cb0c6e81""}]"
Blue de Chanel Spray,BluCha_SP,spray,Fresh citrus with a woody base. Versatile for any occasion.,medium,all,citrus woody fresh,false,true,2026-06-27T19:11:26.833Z,2026-09-27T01:15:51.700Z,,,330,1050,"[{""sizeMl"":6,""bottleType"":"""",""sellingPrice"":330,""oilMlUsed"":3.3120000000000003,""ethanolMlUsed"":2.6879999999999997,""fixativeMlUsed"":0,""makingCost"":169.90299047619047,""bottleId"":""6a3fa86aa6a41926cb0c6e82""},{""sizeMl"":15,""bottleType"":"""",""sellingPrice"":780,""oilMlUsed"":7.5,""ethanolMlUsed"":7.05,""fixativeMlUsed"":0.44999999999999996,""makingCost"":253.567,""bottleId"":""6a3fa86aa6a41926cb0c6e83""},{""sizeMl"":30,""bottleType"":"""",""sellingPrice"":330,""oilMlUsed"":15.6,""ethanolMlUsed"":13.5,""fixativeMlUsed"":0.8999999999999999,""makingCost"":447.0905217391304,""bottleId"":""6a3fa86aa6a41926cb0c6e84""},{""sizeMl"":50,""bottleType"":"""",""sellingPrice"":780,""oilMlUsed"":27.5,""ethanolMlUsed"":21,""fixativeMlUsed"":1.5,""makingCost"":626.89,""bottleId"":""6a3fa86aa6a41926cb0c6e85""},{""sizeMl"":100,""bottleType"":"""",""sellingPrice"":1050,""oilMlUsed"":60,""ethanolMlUsed"":37,""fixativeMlUsed"":3,""makingCost"":1088.78,""bottleId"":""6a3fa86aa6a41926cb0c6e86""}]"
Burberry Her,BurH,roll-on,Medium floral fruity fragrance. A modern daytime classic.,medium,daytime,floral fruity,false,true,2026-06-27T19:11:59.167Z,2026-09-10T19:26:12.662Z,Burberry Her,,180,1500,"[{""sizeMl"":3.5,""bottleType"":"""",""sellingPrice"":180,""oilMlUsed"":3.5,""ethanolMlUsed"":0,""fixativeMlUsed"":0,""makingCost"":148.61296137339056,""bottleId"":""6a3fa869a6a41926cb0c6e7e""},{""sizeMl"":6,""bottleType"":"""",""sellingPrice"":280,""oilMlUsed"":6,""ethanolMlUsed"":0,""fixativeMlUsed"":0,""makingCost"":198.60169491525426,""bottleId"":""6a3fa869a6a41926cb0c6e7f""},{""sizeMl"":15,""bottleType"":"""",""sellingPrice"":750,""oilMlUsed"":15,""ethanolMlUsed"":0,""fixativeMlUsed"":0,""makingCost"":331.42857142857144,""bottleId"":""6a3fa869a6a41926cb0c6e80""},{""sizeMl"":30,""bottleType"":"""",""sellingPrice"":1500,""oilMlUsed"":30,""ethanolMlUsed"":0,""fixativeMlUsed"":0,""makingCost"":505,""bottleId"":""6a3fa869a6a41926cb0c6e81""}]"
Burberry Her Spray,BurH_SP,spray,Medium floral fruity fragrance. A modern daytime classic.,medium,daytime,floral fruity,false,true,2026-06-27T19:12:00.044Z,2026-09-27T01:16:08.694Z,,,330,1650,"[{""sizeMl"":6,""bottleType"":"""",""sellingPrice"":330,""oilMlUsed"":3.3120000000000003,""ethanolMlUsed"":2.6879999999999997,""fixativeMlUsed"":0,""makingCost"":173.20299047619045,""bottleId"":""6a3fa86aa6a41926cb0c6e82""},{""sizeMl"":15,""bottleType"":"""",""sellingPrice"":780,""oilMlUsed"":7.5,""ethanolMlUsed"":7.05,""fixativeMlUsed"":0.44999999999999996,""makingCost"":261.817,""bottleId"":""6a3fa86aa6a41926cb0c6e83""},{""sizeMl"":30,""bottleType"":"""",""sellingPrice"":1050,""oilMlUsed"":15.6,""ethanolMlUsed"":13.5,""fixativeMlUsed"":0.8999999999999999,""makingCost"":463.59052173913045,""bottleId"":""6a3fa86aa6a41926cb0c6e84""},{""sizeMl"":50,""bottleType"":"""",""sellingPrice"":1300,""oilMlUsed"":27.5,""ethanolMlUsed"":21,""fixativeMlUsed"":1.5,""makingCost"":654.39,""bottleId"":""6a3fa86aa6a41926cb0c6e85""},{""sizeMl"":100,""bottleType"":"""",""sellingPrice"":1650,""oilMlUsed"":60,""ethanolMlUsed"":37,""fixativeMlUsed"":3,""makingCost"":1143.78,""bottleId"":""6a3fa86aa6a41926cb0c6e86""}]"
CK-1,CK1,roll-on,Unisex fresh citrus fragrance with green notes. A timeless daytime scent.,light,daytime,citrus fresh green,false,true,2026-06-27T19:11:19.064Z,2026-09-10T20:06:36.752Z,CK-1,,150,1250,"[{""sizeMl"":3.5,""bottleType"":"""",""sellingPrice"":150,""oilMlUsed"":3.5,""ethanolMlUsed"":0,""fixativeMlUsed"":0,""makingCost"":127.61296137339056,""bottleId"":""6a3fa869a6a41926cb0c6e7e""},{""sizeMl"":6,""bottleType"":"""",""sellingPrice"":250,""oilMlUsed"":6,""ethanolMlUsed"":0,""fixativeMlUsed"":0,""makingCost"":162.60169491525426,""bottleId"":""6a3fa869a6a41926cb0c6e7f""},{""sizeMl"":15,""bottleType"":"""",""sellingPrice"":650,""oilMlUsed"":15,""ethanolMlUsed"":0,""fixativeMlUsed"":0,""makingCost"":241.42857142857144,""bottleId"":""6a3fa869a6a41926cb0c6e80""},{""sizeMl"":30,""bottleType"":"""",""sellingPrice"":1250,""oilMlUsed"":30,""ethanolMlUsed"":0,""fixativeMlUsed"":0,""makingCost"":325,""bottleId"":""6a3fa869a6a41926cb0c6e81""}]"
CK-1 Spray,CK1_SP,spray,Unisex fresh citrus fragrance with green notes. A timeless daytime scent.,light,daytime,citrus fresh green,false,true,2026-06-27T19:11:19.918Z,2026-09-27T01:15:49.798Z,,,300,1700,"[{""sizeMl"":6,""bottleType"":"""",""sellingPrice"":300,""oilMlUsed"":3.3120000000000003,""ethanolMlUsed"":2.6879999999999997,""fixativeMlUsed"":0,""makingCost"":153.40299047619047,""bottleId"":""6a3fa86aa6a41926cb0c6e82""},{""sizeMl"":15,""bottleType"":"""",""sellingPrice"":700,""oilMlUsed"":7.5,""ethanolMlUsed"":7.05,""fixativeMlUsed"":0.44999999999999996,""makingCost"":212.317,""bottleId"":""6a3fa86aa6a41926cb0c6e83""},{""sizeMl"":30,""bottleType"":"""",""sellingPrice"":1000,""oilMlUsed"":15.6,""ethanolMlUsed"":13.5,""fixativeMlUsed"":0.8999999999999999,""makingCost"":364.5905217391304,""bottleId"":""6a3fa86aa6a41926cb0c6e84""},{""sizeMl"":50,""bottleType"":"""",""sellingPrice"":1300,""oilMlUsed"":27.5,""ethanolMlUsed"":21,""fixativeMlUsed"":1.5,""makingCost"":489.39,""bottleId"":""6a3fa86aa6a41926cb0c6e85""},{""sizeMl"":100,""bottleType"":"""",""sellingPrice"":1700,""oilMlUsed"":60,""ethanolMlUsed"":37,""fixativeMlUsed"":3,""makingCost"":813.78,""bottleId"":""6a3fa86aa6a41926cb0c6e86""}]"
Chanel chance,ChaCha,roll-on,Fresh floral fragrance for any occasion. Light and elegant.,medium,all,floral fresh,false,true,2026-06-27T19:11:55.769Z,2026-09-10T19:26:25.539Z,Chanel chance,,180,1500,"[{""sizeMl"":3.5,""bottleType"":"""",""sellingPrice"":180,""oilMlUsed"":3.5,""ethanolMlUsed"":0,""fixativeMlUsed"":0,""makingCost"":150.36296137339056,""bottleId"":""6a3fa869a6a41926cb0c6e7e""},{""sizeMl"":6,""bottleType"":"""",""sellingPrice"":280,""oilMlUsed"":6,""ethanolMlUsed"":0,""fixativeMlUsed"":0,""makingCost"":201.60169491525426,""bottleId"":""6a3fa869a6a41926cb0c6e7f""},{""sizeMl"":15,""bottleType"":"""",""sellingPrice"":750,""oilMlUsed"":15,""ethanolMlUsed"":0,""fixativeMlUsed"":0,""makingCost"":338.92857142857144,""bottleId"":""6a3fa869a6a41926cb0c6e80""},{""sizeMl"":30,""bottleType"":"""",""sellingPrice"":1500,""oilMlUsed"":30,""ethanolMlUsed"":0,""fixativeMlUsed"":0,""makingCost"":520,""bottleId"":""6a3fa869a6a41926cb0c6e81""}]"
Chanel chance Spray,ChaCha_SP,spray,Fresh floral fragrance for any occasion. Light and elegant.,medium,all,floral fresh,false,true,2026-06-27T19:11:56.622Z,2026-09-27T01:16:07.738Z,,,330,1650,"[{""sizeMl"":6,""bottleType"":"""",""sellingPrice"":330,""oilMlUsed"":3.3120000000000003,""ethanolMlUsed"":2.6879999999999997,""fixativeMlUsed"":0,""makingCost"":174.85299047619048,""bottleId"":""6a3fa86aa6a41926cb0c6e82""},{""sizeMl"":15,""bottleType"":"""",""sellingPrice"":780,""oilMlUsed"":7.5,""ethanolMlUsed"":7.05,""fixativeMlUsed"":0.44999999999999996,""makingCost"":265.942,""bottleId"":""6a3fa86aa6a41926cb0c6e83""},{""sizeMl"":30,""bottleType"":"""",""sellingPrice"":1050,""oilMlUsed"":15.6,""ethanolMlUsed"":13.5,""fixativeMlUsed"":0.8999999999999999,""makingCost"":471.84052173913045,""bottleId"":""6a3fa86aa6a41926cb0c6e84""},{""sizeMl"":50,""bottleType"":"""",""sellingPrice"":1300,""oilMlUsed"":27.5,""ethanolMlUsed"":21,""fixativeMlUsed"":1.5,""makingCost"":668.14,""bottleId"":""6a3fa86aa6a41926cb0c6e85""},{""sizeMl"":100,""bottleType"":"""",""sellingPrice"":1650,""oilMlUsed"":60,""ethanolMlUsed"":37,""fixativeMlUsed"":3,""makingCost"":1171.28,""bottleId"":""6a3fa86aa6a41926cb0c6e86""}]"
Chocolate,CoCo,roll-on,Light gourmand sweet fragrance. Delicious and comforting.,light,daytime,gourmand sweet,false,true,2026-06-27T19:11:57.468Z,2026-09-10T19:26:14.513Z,Chocolate,,150,1250,"[{""sizeMl"":3.5,""bottleType"":"""",""sellingPrice"":150,""oilMlUsed"":3.5,""ethanolMlUsed"":0,""fixativeMlUsed"":0,""makingCost"":120.39421137339056,""bottleId"":""6a3fa869a6a41926cb0c6e7e""},{""sizeMl"":6,""bottleType"":"""",""sellingPrice"":250,""oilMlUsed"":6,""ethanolMlUsed"":0,""fixativeMlUsed"":0,""makingCost"":150.22669491525426,""bottleId"":""6a3fa869a6a41926cb0c6e7f""},{""sizeMl"":15,""bottleType"":"""",""sellingPrice"":650,""oilMlUsed"":15,""ethanolMlUsed"":0,""fixativeMlUsed"":0,""makingCost"":210.49107142857144,""bottleId"":""6a3fa869a6a41926cb0c6e80""},{""sizeMl"":30,""bottleType"":"""",""sellingPrice"":1250,""oilMlUsed"":30,""ethanolMlUsed"":0,""fixativeMlUsed"":0,""makingCost"":263.125,""bottleId"":""6a3fa869a6a41926cb0c6e81""}]"
Chocolate Spray,CoCo_SP,spray,Light gourmand sweet fragrance. Delicious and comforting.,light,daytime,gourmand sweet,false,true,2026-06-27T19:11:58.321Z,2026-09-27T01:16:08.214Z,,,300,1700,"[{""sizeMl"":6,""bottleType"":"""",""sellingPrice"":300,""oilMlUsed"":3.3120000000000003,""ethanolMlUsed"":2.6879999999999997,""fixativeMlUsed"":0,""makingCost"":146.59674047619046,""bottleId"":""6a3fa86aa6a41926cb0c6e82""},{""sizeMl"":15,""bottleType"":"""",""sellingPrice"":700,""oilMlUsed"":7.5,""ethanolMlUsed"":7.05,""fixativeMlUsed"":0.44999999999999996,""makingCost"":195.301375,""bottleId"":""6a3fa86aa6a41926cb0c6e83""},{""sizeMl"":30,""bottleType"":"""",""sellingPrice"":1000,""oilMlUsed"":15.6,""ethanolMlUsed"":13.5,""fixativeMlUsed"":0.8999999999999999,""makingCost"":330.55927173913045,""bottleId"":""6a3fa86aa6a41926cb0c6e84""},{""sizeMl"":50,""bottleType"":"""",""sellingPrice"":1300,""oilMlUsed"":27.5,""ethanolMlUsed"":21,""fixativeMlUsed"":1.5,""makingCost"":432.67125,""bottleId"":""6a3fa86aa6a41926cb0c6e85""},{""sizeMl"":100,""bottleType"":"""",""sellingPrice"":1700,""oilMlUsed"":60,""ethanolMlUsed"":37,""fixativeMlUsed"":3,""makingCost"":700.3425,""bottleId"":""6a3fa86aa6a41926cb0c6e86""}]"
Creed Aventus,CreAve,roll-on,Strong fruity woody smoky fragrance. A statement evening scent.,strong,evening,fruity woody smoky,false,true,2026-06-27T19:12:13.050Z,2026-09-10T19:24:42.593Z,Creed Aventus,,150,1250,"[{""sizeMl"":3.5,""bottleType"":"""",""sellingPrice"":150,""oilMlUsed"":3.5,""ethanolMlUsed"":0,""fixativeMlUsed"":0,""makingCost"":141.61296137339056,""bottleId"":""6a3fa869a6a41926cb0c6e7e""},{""sizeMl"":6,""bottleType"":"""",""sellingPrice"":250,""oilMlUsed"":6,""ethanolMlUsed"":0,""fixativeMlUsed"":0,""makingCost"":186.60169491525426,""bottleId"":""6a3fa869a6a41926cb0c6e7f""},{""sizeMl"":15,""bottleType"":"""",""sellingPrice"":650,""oilMlUsed"":15,""ethanolMlUsed"":0,""fixativeMlUsed"":0,""makingCost"":301.42857142857144,""bottleId"":""6a3fa869a6a41926cb0c6e80""},{""sizeMl"":30,""bottleType"":"""",""sellingPrice"":1250,""oilMlUsed"":30,""ethanolMlUsed"":0,""fixativeMlUsed"":0,""makingCost"":445,""bottleId"":""6a3fa869a6a41926cb0c6e81""}]"
Creed Aventus Spray,CreAve_SP,spray,Strong fruity woody smoky fragrance. A statement evening scent.,strong,evening,fruity woody smoky,false,true,2026-06-27T19:12:13.918Z,2026-09-27T01:16:12.034Z,,,300,1700,"[{""sizeMl"":6,""bottleType"":"""",""sellingPrice"":300,""oilMlUsed"":3.3120000000000003,""ethanolMlUsed"":2.6879999999999997,""fixativeMlUsed"":0,""makingCost"":166.60299047619048,""bottleId"":""6a3fa86aa6a41926cb0c6e82""},{""sizeMl"":15,""bottleType"":"""",""sellingPrice"":700,""oilMlUsed"":7.5,""ethanolMlUsed"":7.05,""fixativeMlUsed"":0.44999999999999996,""makingCost"":245.317,""bottleId"":""6a3fa86aa6a41926cb0c6e83""},{""sizeMl"":30,""bottleType"":"""",""sellingPrice"":1000,""oilMlUsed"":15.6,""ethanolMlUsed"":13.5,""fixativeMlUsed"":0.8999999999999999,""makingCost"":430.5905217391304,""bottleId"":""6a3fa86aa6a41926cb0c6e84""},{""sizeMl"":50,""bottleType"":"""",""sellingPrice"":1300,""oilMlUsed"":27.5,""ethanolMlUsed"":21,""fixativeMlUsed"":1.5,""makingCost"":599.39,""bottleId"":""6a3fa86aa6a41926cb0c6e85""},{""sizeMl"":100,""bottleType"":"""",""sellingPrice"":1700,""oilMlUsed"":60,""ethanolMlUsed"":37,""fixativeMlUsed"":3,""makingCost"":1033.78,""bottleId"":""6a3fa86aa6a41926cb0c6e86""}]"
Creed absolute,CreAbs,roll-on,Strong woody floral fragrance. For special occasions.,strong,special,woody floral,false,true,2026-06-27T19:12:16.615Z,2026-09-10T20:10:52.778Z,Creed absolute,,230,1950,"[{""sizeMl"":3.5,""bottleType"":"""",""sellingPrice"":230,""oilMlUsed"":3.5,""ethanolMlUsed"":0,""fixativeMlUsed"":0,""makingCost"":211.44154673924422,""bottleId"":""6a3fa869a6a41926cb0c6e7e""},{""sizeMl"":6,""bottleType"":"""",""sellingPrice"":400,""oilMlUsed"":6,""ethanolMlUsed"":0,""fixativeMlUsed"":0,""makingCost"":306.30784125671767,""bottleId"":""6a3fa869a6a41926cb0c6e7f""},{""sizeMl"":15,""bottleType"":"""",""sellingPrice"":950,""oilMlUsed"":15,""ethanolMlUsed"":0,""fixativeMlUsed"":0,""makingCost"":600.69393728223,""bottleId"":""6a3fa869a6a41926cb0c6e80""},{""sizeMl"":30,""bottleType"":"""",""sellingPrice"":1950,""oilMlUsed"":30,""ethanolMlUsed"":0,""fixativeMlUsed"":0,""makingCost"":1043.530731707317,""bottleId"":""6a3fa869a6a41926cb0c6e81""}]"
Creed absolute Spray,CreAbs_SP,spray,Strong woody floral fragrance. For special occasions.,strong,special,woody floral,false,true,2026-06-27T19:12:17.496Z,2026-09-27T01:16:13.174Z,,,450,4000,"[{""sizeMl"":6,""bottleType"":"""",""sellingPrice"":450,""oilMlUsed"":3.3120000000000003,""ethanolMlUsed"":2.6879999999999997,""fixativeMlUsed"":0,""makingCost"":232.44137096399533,""bottleId"":""6a3fa86aa6a41926cb0c6e82""},{""sizeMl"":15,""bottleType"":"""",""sellingPrice"":1000,""oilMlUsed"":7.5,""ethanolMlUsed"":7.05,""fixativeMlUsed"":0.44999999999999996,""makingCost"":409.9129512195122,""bottleId"":""6a3fa86aa6a41926cb0c6e83""},{""sizeMl"":30,""bottleType"":"""",""sellingPrice"":1800,""oilMlUsed"":15.6,""ethanolMlUsed"":13.5,""fixativeMlUsed"":0.8999999999999999,""makingCost"":759.7824241781548,""bottleId"":""6a3fa86aa6a41926cb0c6e84""},{""sizeMl"":50,""bottleType"":"""",""sellingPrice"":2800,""oilMlUsed"":27.5,""ethanolMlUsed"":21,""fixativeMlUsed"":1.5,""makingCost"":1148.0431707317073,""bottleId"":""6a3fa86aa6a41926cb0c6e85""},{""sizeMl"":100,""bottleType"":"""",""sellingPrice"":4000,""oilMlUsed"":60,""ethanolMlUsed"":37,""fixativeMlUsed"":3,""makingCost"":2131.0863414634146,""bottleId"":""6a3fa86aa6a41926cb0c6e86""}]"
Davidoff Cool Water,DavCoo,roll-on,"Fresh aquatic fragrance with a clean, refreshing scent. Ideal for daytime.",medium,daytime,aquatic fresh,false,true,2026-06-27T19:11:40.002Z,2026-09-10T19:27:58.652Z,Davidoff Cool Water,,150,1250,"[{""sizeMl"":3.5,""bottleType"":"""",""sellingPrice"":150,""oilMlUsed"":3.5,""ethanolMlUsed"":0,""fixativeMlUsed"":0,""makingCost"":131.11296137339056,""bottleId"":""6a3fa869a6a41926cb0c6e7e""},{""sizeMl"":6,""bottleType"":"""",""sellingPrice"":250,""oilMlUsed"":6,""ethanolMlUsed"":0,""fixativeMlUsed"":0,""makingCost"":168.60169491525426,""bottleId"":""6a3fa869a6a41926cb0c6e7f""},{""sizeMl"":15,""bottleType"":"""",""sellingPrice"":650,""oilMlUsed"":15,""ethanolMlUsed"":0,""fixativeMlUsed"":0,""makingCost"":256.42857142857144,""bottleId"":""6a3fa869a6a41926cb0c6e80""},{""sizeMl"":30,""bottleType"":"""",""sellingPrice"":1250,""oilMlUsed"":30,""ethanolMlUsed"":0,""fixativeMlUsed"":0,""makingCost"":355,""bottleId"":""6a3fa869a6a41926cb0c6e81""}]"
Davidoff Cool Water Spray,DavCoo_SP,spray,"Fresh aquatic fragrance with a clean, refreshing scent. Ideal for daytime.",medium,daytime,aquatic fresh,true,true,2026-06-27T19:11:40.961Z,2026-09-27T01:15:57.277Z,,,300,1700,"[{""sizeMl"":6,""bottleType"":"""",""sellingPrice"":300,""oilMlUsed"":3.3120000000000003,""ethanolMlUsed"":2.6879999999999997,""fixativeMlUsed"":0,""makingCost"":156.70299047619048,""bottleId"":""6a3fa86aa6a41926cb0c6e82""},{""sizeMl"":15,""bottleType"":"""",""sellingPrice"":700,""oilMlUsed"":7.5,""ethanolMlUsed"":7.05,""fixativeMlUsed"":0.44999999999999996,""makingCost"":220.567,""bottleId"":""6a3fa86aa6a41926cb0c6e83""},{""sizeMl"":30,""bottleType"":"""",""sellingPrice"":1000,""oilMlUsed"":15.6,""ethanolMlUsed"":13.5,""fixativeMlUsed"":0.8999999999999999,""makingCost"":381.0905217391304,""bottleId"":""6a3fa86aa6a41926cb0c6e84""},{""sizeMl"":50,""bottleType"":"""",""sellingPrice"":1300,""oilMlUsed"":27.5,""ethanolMlUsed"":21,""fixativeMlUsed"":1.5,""makingCost"":516.89,""bottleId"":""6a3fa86aa6a41926cb0c6e85""},{""sizeMl"":100,""bottleType"":"""",""sellingPrice"":1700,""oilMlUsed"":60,""ethanolMlUsed"":37,""fixativeMlUsed"":3,""makingCost"":868.78,""bottleId"":""6a3fa86aa6a41926cb0c6e86""}]"
Dior Sauvage,DioSau,roll-on,Spicy fresh woody fragrance with strong character. Suitable for all occasions.,strong,all,spicy fresh woody,true,true,2026-06-27T19:11:31.289Z,2026-09-10T19:28:29.326Z,Dior Sauvage,,180,1500,"[{""sizeMl"":3.5,""bottleType"":"""",""sellingPrice"":180,""oilMlUsed"":3.5,""ethanolMlUsed"":0,""fixativeMlUsed"":0,""makingCost"":145.11296137339056,""bottleId"":""6a3fa869a6a41926cb0c6e7e""},{""sizeMl"":6,""bottleType"":"""",""sellingPrice"":300,""oilMlUsed"":6,""ethanolMlUsed"":0,""fixativeMlUsed"":0,""makingCost"":192.60169491525426,""bottleId"":""6a3fa869a6a41926cb0c6e7f""},{""sizeMl"":15,""bottleType"":"""",""sellingPrice"":750,""oilMlUsed"":15,""ethanolMlUsed"":0,""fixativeMlUsed"":0,""makingCost"":316.42857142857144,""bottleId"":""6a3fa869a6a41926cb0c6e80""},{""sizeMl"":30,""bottleType"":"""",""sellingPrice"":1500,""oilMlUsed"":30,""ethanolMlUsed"":0,""fixativeMlUsed"":0,""makingCost"":475,""bottleId"":""6a3fa869a6a41926cb0c6e81""}]"
Dior Sauvage Spray,DioSau_SP,spray,Spicy fresh woody fragrance with strong character. Suitable for all occasions.,strong,all,spicy fresh woody,true,true,2026-06-27T19:11:32.151Z,2026-09-27T01:15:53.119Z,,,330,1800,"[{""sizeMl"":6,""bottleType"":"""",""sellingPrice"":330,""oilMlUsed"":3.3120000000000003,""ethanolMlUsed"":2.6879999999999997,""fixativeMlUsed"":0,""makingCost"":169.90299047619047,""bottleId"":""6a3fa86aa6a41926cb0c6e82""},{""sizeMl"":15,""bottleType"":"""",""sellingPrice"":800,""oilMlUsed"":7.5,""ethanolMlUsed"":7.05,""fixativeMlUsed"":0.44999999999999996,""makingCost"":253.567,""bottleId"":""6a3fa86aa6a41926cb0c6e83""},{""sizeMl"":30,""bottleType"":"""",""sellingPrice"":1100,""oilMlUsed"":15.6,""ethanolMlUsed"":13.5,""fixativeMlUsed"":0.8999999999999999,""makingCost"":447.0905217391304,""bottleId"":""6a3fa86aa6a41926cb0c6e84""},{""sizeMl"":50,""bottleType"":"""",""sellingPrice"":1400,""oilMlUsed"":27.5,""ethanolMlUsed"":21,""fixativeMlUsed"":1.5,""makingCost"":626.89,""bottleId"":""6a3fa86aa6a41926cb0c6e85""},{""sizeMl"":100,""bottleType"":"""",""sellingPrice"":1800,""oilMlUsed"":60,""ethanolMlUsed"":37,""fixativeMlUsed"":3,""makingCost"":1088.78,""bottleId"":""6a3fa86aa6a41926cb0c6e86""}]"
Diptyque tam dao,DipTam,roll-on,Medium woody spicy fragrance. Calming and elegant.,medium,evening,woody spicy,false,true,2026-06-27T19:12:11.316Z,2026-09-10T19:24:54.187Z,Diptyque tam dao,,200,1450,"[{""sizeMl"":3.5,""bottleType"":"""",""sellingPrice"":200,""oilMlUsed"":3.5,""ethanolMlUsed"":0,""fixativeMlUsed"":0,""makingCost"":162.61296137339056,""bottleId"":""6a3fa869a6a41926cb0c6e7e""},{""sizeMl"":6,""bottleType"":"""",""sellingPrice"":300,""oilMlUsed"":6,""ethanolMlUsed"":0,""fixativeMlUsed"":0,""makingCost"":222.60169491525423,""bottleId"":""6a3fa869a6a41926cb0c6e7f""},{""sizeMl"":15,""bottleType"":"""",""sellingPrice"":800,""oilMlUsed"":15,""ethanolMlUsed"":0,""fixativeMlUsed"":0,""makingCost"":391.42857142857144,""bottleId"":""6a3fa869a6a41926cb0c6e80""},{""sizeMl"":30,""bottleType"":"""",""sellingPrice"":1450,""oilMlUsed"":30,""ethanolMlUsed"":0,""fixativeMlUsed"":0,""makingCost"":625,""bottleId"":""6a3fa869a6a41926cb0c6e81""}]"
Diptyque tam dao Spray,DipTam_SP,spray,Medium woody spicy fragrance. Calming and elegant.,medium,evening,woody spicy,false,true,2026-06-27T19:12:12.196Z,2026-09-27T01:16:11.546Z,,,350,2500,"[{""sizeMl"":6,""bottleType"":"""",""sellingPrice"":350,""oilMlUsed"":3.3120000000000003,""ethanolMlUsed"":2.6879999999999997,""fixativeMlUsed"":0,""makingCost"":186.40299047619047,""bottleId"":""6a3fa86aa6a41926cb0c6e82""},{""sizeMl"":15,""bottleType"":"""",""sellingPrice"":850,""oilMlUsed"":7.5,""ethanolMlUsed"":7.05,""fixativeMlUsed"":0.44999999999999996,""makingCost"":294.817,""bottleId"":""6a3fa86aa6a41926cb0c6e83""},{""sizeMl"":30,""bottleType"":"""",""sellingPrice"":1500,""oilMlUsed"":15.6,""ethanolMlUsed"":13.5,""fixativeMlUsed"":0.8999999999999999,""makingCost"":529.5905217391305,""bottleId"":""6a3fa86aa6a41926cb0c6e84""},{""sizeMl"":50,""bottleType"":"""",""sellingPrice"":1900,""oilMlUsed"":27.5,""ethanolMlUsed"":21,""fixativeMlUsed"":1.5,""makingCost"":764.39,""bottleId"":""6a3fa86aa6a41926cb0c6e85""},{""sizeMl"":100,""bottleType"":"""",""sellingPrice"":2500,""oilMlUsed"":60,""ethanolMlUsed"":37,""fixativeMlUsed"":3,""makingCost"":1363.78,""bottleId"":""6a3fa86aa6a41926cb0c6e86""}]"
Dunhil desire,DunDes,roll-on,"A warm, masculine fragrance with amber and woody notes. Perfect for evening occasions.",medium,evening,amber woody,true,true,2026-06-27T19:11:11.878Z,2026-09-10T20:05:54.599Z,Dunhil desire,,150,1250,"[{""sizeMl"":3.5,""bottleType"":"""",""sellingPrice"":150,""oilMlUsed"":3.5,""ethanolMlUsed"":0,""fixativeMlUsed"":0,""makingCost"":127.61296137339056,""bottleId"":""6a3fa869a6a41926cb0c6e7e""},{""sizeMl"":6,""bottleType"":"""",""sellingPrice"":250,""oilMlUsed"":6,""ethanolMlUsed"":0,""fixativeMlUsed"":0,""makingCost"":162.60169491525426,""bottleId"":""6a3fa869a6a41926cb0c6e7f""},{""sizeMl"":15,""bottleType"":"""",""sellingPrice"":650,""oilMlUsed"":15,""ethanolMlUsed"":0,""fixativeMlUsed"":0,""makingCost"":241.42857142857144,""bottleId"":""6a3fa869a6a41926cb0c6e80""},{""sizeMl"":30,""bottleType"":"""",""sellingPrice"":1250,""oilMlUsed"":30,""ethanolMlUsed"":0,""fixativeMlUsed"":0,""makingCost"":325,""bottleId"":""6a3fa869a6a41926cb0c6e81""}]"
Dunhil desire Spray,DunDes_SP,spray,"A warm, masculine fragrance with amber and woody notes. Perfect for evening occasions.",medium,evening,amber woody,false,true,2026-06-27T19:11:12.766Z,2026-09-27T01:15:47.881Z,,,300,1700,"[{""sizeMl"":6,""bottleType"":"""",""sellingPrice"":300,""oilMlUsed"":3.3120000000000003,""ethanolMlUsed"":2.6879999999999997,""fixativeMlUsed"":0,""makingCost"":153.40299047619047,""bottleId"":""6a3fa86aa6a41926cb0c6e82""},{""sizeMl"":15,""bottleType"":"""",""sellingPrice"":700,""oilMlUsed"":7.5,""ethanolMlUsed"":7.05,""fixativeMlUsed"":0.44999999999999996,""makingCost"":212.317,""bottleId"":""6a3fa86aa6a41926cb0c6e83""},{""sizeMl"":30,""bottleType"":"""",""sellingPrice"":1000,""oilMlUsed"":15.6,""ethanolMlUsed"":13.5,""fixativeMlUsed"":0.8999999999999999,""makingCost"":364.5905217391304,""bottleId"":""6a3fa86aa6a41926cb0c6e84""},{""sizeMl"":50,""bottleType"":"""",""sellingPrice"":1300,""oilMlUsed"":27.5,""ethanolMlUsed"":21,""fixativeMlUsed"":1.5,""makingCost"":489.39,""bottleId"":""6a3fa86aa6a41926cb0c6e85""},{""sizeMl"":100,""bottleType"":"""",""sellingPrice"":1700,""oilMlUsed"":60,""ethanolMlUsed"":37,""fixativeMlUsed"":3,""makingCost"":813.78,""bottleId"":""6a3fa86aa6a41926cb0c6e86""}]"
Dunhill Icon,DunIco,roll-on,Medium woody spicy fragrance. Sophisticated evening wear.,medium,evening,woody spicy,false,true,2026-06-27T19:12:09.620Z,2026-09-10T19:25:05.634Z,Dunhill Icon,,200,1450,"[{""sizeMl"":3.5,""bottleType"":"""",""sellingPrice"":200,""oilMlUsed"":3.5,""ethanolMlUsed"":0,""fixativeMlUsed"":0,""makingCost"":148.61296137339056,""bottleId"":""6a3fa869a6a41926cb0c6e7e""},{""sizeMl"":6,""bottleType"":"""",""sellingPrice"":300,""oilMlUsed"":6,""ethanolMlUsed"":0,""fixativeMlUsed"":0,""makingCost"":198.60169491525426,""bottleId"":""6a3fa869a6a41926cb0c6e7f""},{""sizeMl"":15,""bottleType"":"""",""sellingPrice"":750,""oilMlUsed"":15,""ethanolMlUsed"":0,""fixativeMlUsed"":0,""makingCost"":331.42857142857144,""bottleId"":""6a3fa869a6a41926cb0c6e80""},{""sizeMl"":30,""bottleType"":"""",""sellingPrice"":1450,""oilMlUsed"":30,""ethanolMlUsed"":0,""fixativeMlUsed"":0,""makingCost"":505,""bottleId"":""6a3fa869a6a41926cb0c6e81""}]"
Dunhill Icon,DunIco_2,roll-on,Dunhill Icon – a roll‑on fragrance with distinctive notes.,medium,all,"premium, aromatic",false,true,2026-06-27T19:12:23.867Z,2026-09-10T20:14:24.541Z,Dunhill Icon,,112,960,"[{""sizeMl"":3.5,""bottleType"":"""",""sellingPrice"":112,""oilMlUsed"":3.5,""ethanolMlUsed"":0,""fixativeMlUsed"":0,""makingCost"":99.61296137339056,""bottleId"":""6a3fa869a6a41926cb0c6e7e""},{""sizeMl"":6,""bottleType"":"""",""sellingPrice"":192,""oilMlUsed"":6,""ethanolMlUsed"":0,""fixativeMlUsed"":0,""makingCost"":114.60169491525424,""bottleId"":""6a3fa869a6a41926cb0c6e7f""},{""sizeMl"":15,""bottleType"":"""",""sellingPrice"":480,""oilMlUsed"":15,""ethanolMlUsed"":0,""fixativeMlUsed"":0,""makingCost"":121.42857142857143,""bottleId"":""6a3fa869a6a41926cb0c6e80""},{""sizeMl"":30,""bottleType"":"""",""sellingPrice"":960,""oilMlUsed"":30,""ethanolMlUsed"":0,""fixativeMlUsed"":0,""makingCost"":85,""bottleId"":""6a3fa869a6a41926cb0c6e81""}]"
Dunhill Icon Spray,DunIco_SP,spray,Medium woody spicy fragrance. Sophisticated evening wear.,medium,evening,woody spicy,false,true,2026-06-27T19:12:10.468Z,2026-09-27T01:16:11.073Z,,,350,2200,"[{""sizeMl"":6,""bottleType"":"""",""sellingPrice"":350,""oilMlUsed"":3.3120000000000003,""ethanolMlUsed"":2.6879999999999997,""fixativeMlUsed"":0,""makingCost"":173.20299047619045,""bottleId"":""6a3fa86aa6a41926cb0c6e82""},{""sizeMl"":15,""bottleType"":"""",""sellingPrice"":850,""oilMlUsed"":7.5,""ethanolMlUsed"":7.05,""fixativeMlUsed"":0.44999999999999996,""makingCost"":261.817,""bottleId"":""6a3fa86aa6a41926cb0c6e83""},{""sizeMl"":30,""bottleType"":"""",""sellingPrice"":1550,""oilMlUsed"":15.6,""ethanolMlUsed"":13.5,""fixativeMlUsed"":0.8999999999999999,""makingCost"":463.59052173913045,""bottleId"":""6a3fa86aa6a41926cb0c6e84""},{""sizeMl"":50,""bottleType"":"""",""sellingPrice"":1850,""oilMlUsed"":27.5,""ethanolMlUsed"":21,""fixativeMlUsed"":1.5,""makingCost"":654.39,""bottleId"":""6a3fa86aa6a41926cb0c6e85""},{""sizeMl"":100,""bottleType"":"""",""sellingPrice"":2200,""oilMlUsed"":60,""ethanolMlUsed"":37,""fixativeMlUsed"":3,""makingCost"":1143.78,""bottleId"":""6a3fa86aa6a41926cb0c6e86""}]"
Dunhill Icon Spray,DunIco_2_SP,spray,Dunhill Icon Spray – a spray fragrance with distinctive notes.,medium,all,"premium, aromatic",false,false,2026-06-27T19:12:24.779Z,2026-09-10T20:13:47.029Z,,Dunhill Icon (55%); Ethanol (42%); Iso E Super (1%); Galaxolide (1%); Ambroxan (1%),240,4000,"[{""sizeMl"":6,""bottleType"":"""",""sellingPrice"":240,""oilMlUsed"":3.3,""ethanolMlUsed"":2.52,""fixativeMlUsed"":0.18,""makingCost"":127.00299047619048,""bottleId"":""6a3fa86aa6a41926cb0c6e82""},{""sizeMl"":15,""bottleType"":"""",""sellingPrice"":600,""oilMlUsed"":8.25,""ethanolMlUsed"":6.3,""fixativeMlUsed"":0.44999999999999996,""makingCost"":146.317,""bottleId"":""6a3fa86aa6a41926cb0c6e83""},{""sizeMl"":30,""bottleType"":"""",""sellingPrice"":1200,""oilMlUsed"":16.5,""ethanolMlUsed"":12.6,""fixativeMlUsed"":0.8999999999999999,""makingCost"":232.59052173913042,""bottleId"":""6a3fa86aa6a41926cb0c6e84""},{""sizeMl"":50,""bottleType"":"""",""sellingPrice"":2000,""oilMlUsed"":27.5,""ethanolMlUsed"":21,""fixativeMlUsed"":1.5,""makingCost"":269.39,""bottleId"":""6a3fa86aa6a41926cb0c6e85""},{""sizeMl"":100,""bottleType"":"""",""sellingPrice"":4000,""oilMlUsed"":55,""ethanolMlUsed"":42,""fixativeMlUsed"":3,""makingCost"":373.78,""bottleId"":""6a3fa86aa6a41926cb0c6e86""}]"
Fantasy,Fant,roll-on,Fruity floral fragrance with sweet undertones. Perfect for daytime elegance.,medium,daytime,fruity floral sweet,false,true,2026-06-27T19:11:24.250Z,2026-09-10T19:29:32.285Z,Fantasy,,150,1250,"[{""sizeMl"":3.5,""bottleType"":"""",""sellingPrice"":150,""oilMlUsed"":3.5,""ethanolMlUsed"":0,""fixativeMlUsed"":0,""makingCost"":127.61296137339056,""bottleId"":""6a3fa869a6a41926cb0c6e7e""},{""sizeMl"":6,""bottleType"":"""",""sellingPrice"":250,""oilMlUsed"":6,""ethanolMlUsed"":0,""fixativeMlUsed"":0,""makingCost"":162.60169491525426,""bottleId"":""6a3fa869a6a41926cb0c6e7f""},{""sizeMl"":15,""bottleType"":"""",""sellingPrice"":650,""oilMlUsed"":15,""ethanolMlUsed"":0,""fixativeMlUsed"":0,""makingCost"":241.42857142857144,""bottleId"":""6a3fa869a6a41926cb0c6e80""},{""sizeMl"":30,""bottleType"":"""",""sellingPrice"":1250,""oilMlUsed"":30,""ethanolMlUsed"":0,""fixativeMlUsed"":0,""makingCost"":325,""bottleId"":""6a3fa869a6a41926cb0c6e81""}]"
Fantasy,Fant_2,roll-on,Fantasy – a roll‑on fragrance with distinctive notes.,medium,all,"premium, aromatic",false,true,2026-06-27T19:12:22.135Z,2026-09-10T19:24:08.833Z,Fantasy Perfume (ready),,112,960,"[{""sizeMl"":3.5,""bottleType"":"""",""sellingPrice"":112,""oilMlUsed"":3.5,""ethanolMlUsed"":0,""fixativeMlUsed"":0,""makingCost"":169.61296137339056,""bottleId"":""6a3fa869a6a41926cb0c6e7e""},{""sizeMl"":6,""bottleType"":"""",""sellingPrice"":192,""oilMlUsed"":6,""ethanolMlUsed"":0,""fixativeMlUsed"":0,""makingCost"":234.60169491525423,""bottleId"":""6a3fa869a6a41926cb0c6e7f""},{""sizeMl"":15,""bottleType"":"""",""sellingPrice"":480,""oilMlUsed"":15,""ethanolMlUsed"":0,""fixativeMlUsed"":0,""makingCost"":421.42857142857144,""bottleId"":""6a3fa869a6a41926cb0c6e80""},{""sizeMl"":30,""bottleType"":"""",""sellingPrice"":960,""oilMlUsed"":30,""ethanolMlUsed"":0,""fixativeMlUsed"":0,""makingCost"":685,""bottleId"":""6a3fa869a6a41926cb0c6e81""}]"
Fantasy Spray,Fant_SP,spray,Fruity floral fragrance with sweet undertones. Perfect for daytime elegance.,medium,daytime,fruity floral sweet,false,true,2026-06-27T19:11:25.117Z,2026-09-27T01:15:51.228Z,,,300,1700,"[{""sizeMl"":6,""bottleType"":"""",""sellingPrice"":300,""oilMlUsed"":3.3120000000000003,""ethanolMlUsed"":2.6879999999999997,""fixativeMlUsed"":0,""makingCost"":153.40299047619047,""bottleId"":""6a3fa86aa6a41926cb0c6e82""},{""sizeMl"":15,""bottleType"":"""",""sellingPrice"":700,""oilMlUsed"":7.5,""ethanolMlUsed"":7.05,""fixativeMlUsed"":0.44999999999999996,""makingCost"":212.317,""bottleId"":""6a3fa86aa6a41926cb0c6e83""},{""sizeMl"":30,""bottleType"":"""",""sellingPrice"":1000,""oilMlUsed"":15.6,""ethanolMlUsed"":13.5,""fixativeMlUsed"":0.8999999999999999,""makingCost"":364.5905217391304,""bottleId"":""6a3fa86aa6a41926cb0c6e84""},{""sizeMl"":50,""bottleType"":"""",""sellingPrice"":1300,""oilMlUsed"":27.5,""ethanolMlUsed"":21,""fixativeMlUsed"":1.5,""makingCost"":489.39,""bottleId"":""6a3fa86aa6a41926cb0c6e85""},{""sizeMl"":100,""bottleType"":"""",""sellingPrice"":1700,""oilMlUsed"":60,""ethanolMlUsed"":37,""fixativeMlUsed"":3,""makingCost"":813.78,""bottleId"":""6a3fa86aa6a41926cb0c6e86""}]"
Fantasy Spray,Fant_2_SP,spray,Fantasy Spray – a spray fragrance with distinctive notes.,medium,all,"premium, aromatic",false,true,2026-06-27T19:12:22.998Z,2026-09-27T01:16:13.648Z,,,240,4000,"[{""sizeMl"":6,""bottleType"":"""",""sellingPrice"":240,""oilMlUsed"":3.3120000000000003,""ethanolMlUsed"":2.6879999999999997,""fixativeMlUsed"":0,""makingCost"":193.00299047619046,""bottleId"":""6a3fa86aa6a41926cb0c6e82""},{""sizeMl"":15,""bottleType"":"""",""sellingPrice"":600,""oilMlUsed"":7.5,""ethanolMlUsed"":7.05,""fixativeMlUsed"":0.44999999999999996,""makingCost"":311.317,""bottleId"":""6a3fa86aa6a41926cb0c6e83""},{""sizeMl"":30,""bottleType"":"""",""sellingPrice"":1200,""oilMlUsed"":15.6,""ethanolMlUsed"":13.5,""fixativeMlUsed"":0.8999999999999999,""makingCost"":562.5905217391305,""bottleId"":""6a3fa86aa6a41926cb0c6e84""},{""sizeMl"":50,""bottleType"":"""",""sellingPrice"":2000,""oilMlUsed"":27.5,""ethanolMlUsed"":21,""fixativeMlUsed"":1.5,""makingCost"":819.39,""bottleId"":""6a3fa86aa6a41926cb0c6e85""},{""sizeMl"":100,""bottleType"":"""",""sellingPrice"":4000,""oilMlUsed"":60,""ethanolMlUsed"":37,""fixativeMlUsed"":3,""makingCost"":1473.78,""bottleId"":""6a3fa86aa6a41926cb0c6e86""}]"
Fogg,Fgg,roll-on,Fresh aquatic fragrance. Clean and refreshing for daytime.,medium,daytime,aquatic fresh,false,true,2026-06-27T19:12:07.886Z,2026-09-10T19:25:16.847Z,Fogg,,150,1250,"[{""sizeMl"":3.5,""bottleType"":"""",""sellingPrice"":150,""oilMlUsed"":3.5,""ethanolMlUsed"":0,""fixativeMlUsed"":0,""makingCost"":124.11296137339056,""bottleId"":""6a3fa869a6a41926cb0c6e7e""},{""sizeMl"":6,""bottleType"":"""",""sellingPrice"":250,""oilMlUsed"":6,""ethanolMlUsed"":0,""fixativeMlUsed"":0,""makingCost"":156.60169491525426,""bottleId"":""6a3fa869a6a41926cb0c6e7f""},{""sizeMl"":15,""bottleType"":"""",""sellingPrice"":650,""oilMlUsed"":15,""ethanolMlUsed"":0,""fixativeMlUsed"":0,""makingCost"":226.42857142857144,""bottleId"":""6a3fa869a6a41926cb0c6e80""},{""sizeMl"":30,""bottleType"":"""",""sellingPrice"":1250,""oilMlUsed"":30,""ethanolMlUsed"":0,""fixativeMlUsed"":0,""makingCost"":295,""bottleId"":""6a3fa869a6a41926cb0c6e81""}]"
Fogg Spray,Fgg_SP,spray,Fresh aquatic fragrance. Clean and refreshing for daytime.,medium,daytime,aquatic fresh,false,true,2026-06-27T19:12:08.766Z,2026-09-27T01:16:10.584Z,,,300,1700,"[{""sizeMl"":6,""bottleType"":"""",""sellingPrice"":300,""oilMlUsed"":3.3120000000000003,""ethanolMlUsed"":2.6879999999999997,""fixativeMlUsed"":0,""makingCost"":150.10299047619048,""bottleId"":""6a3fa86aa6a41926cb0c6e82""},{""sizeMl"":15,""bottleType"":"""",""sellingPrice"":700,""oilMlUsed"":7.5,""ethanolMlUsed"":7.05,""fixativeMlUsed"":0.44999999999999996,""makingCost"":204.067,""bottleId"":""6a3fa86aa6a41926cb0c6e83""},{""sizeMl"":30,""bottleType"":"""",""sellingPrice"":1000,""oilMlUsed"":15.6,""ethanolMlUsed"":13.5,""fixativeMlUsed"":0.8999999999999999,""makingCost"":348.0905217391304,""bottleId"":""6a3fa86aa6a41926cb0c6e84""},{""sizeMl"":50,""bottleType"":"""",""sellingPrice"":1300,""oilMlUsed"":27.5,""ethanolMlUsed"":21,""fixativeMlUsed"":1.5,""makingCost"":461.89,""bottleId"":""6a3fa86aa6a41926cb0c6e85""},{""sizeMl"":100,""bottleType"":"""",""sellingPrice"":1700,""oilMlUsed"":60,""ethanolMlUsed"":37,""fixativeMlUsed"":3,""makingCost"":758.78,""bottleId"":""6a3fa86aa6a41926cb0c6e86""}]"
Good Girl,GooGir,roll-on,Floral gourmand sweet fragrance with strong presence. Ideal for evening glamour.,strong,evening,floral gourmand sweet,false,true,2026-06-27T19:11:36.534Z,2026-09-10T19:28:11.989Z,Good Girl,,180,1500,"[{""sizeMl"":3.5,""bottleType"":"""",""sellingPrice"":180,""oilMlUsed"":3.5,""ethanolMlUsed"":0,""fixativeMlUsed"":0,""makingCost"":145.81296137339055,""bottleId"":""6a3fa869a6a41926cb0c6e7e""},{""sizeMl"":6,""bottleType"":"""",""sellingPrice"":280,""oilMlUsed"":6,""ethanolMlUsed"":0,""fixativeMlUsed"":0,""makingCost"":193.80169491525425,""bottleId"":""6a3fa869a6a41926cb0c6e7f""},{""sizeMl"":15,""bottleType"":"""",""sellingPrice"":750,""oilMlUsed"":15,""ethanolMlUsed"":0,""fixativeMlUsed"":0,""makingCost"":319.42857142857144,""bottleId"":""6a3fa869a6a41926cb0c6e80""},{""sizeMl"":30,""bottleType"":"""",""sellingPrice"":1500,""oilMlUsed"":30,""ethanolMlUsed"":0,""fixativeMlUsed"":0,""makingCost"":481,""bottleId"":""6a3fa869a6a41926cb0c6e81""}]"
Good Girl Spray,GooGir_SP,spray,Floral gourmand sweet fragrance with strong presence. Ideal for evening glamour.,strong,evening,floral gourmand sweet,true,true,2026-06-27T19:11:37.389Z,2026-09-27T01:15:54.588Z,,,330,1650,"[{""sizeMl"":6,""bottleType"":"""",""sellingPrice"":330,""oilMlUsed"":3.3120000000000003,""ethanolMlUsed"":2.6879999999999997,""fixativeMlUsed"":0,""makingCost"":170.56299047619046,""bottleId"":""6a3fa86aa6a41926cb0c6e82""},{""sizeMl"":15,""bottleType"":"""",""sellingPrice"":780,""oilMlUsed"":7.5,""ethanolMlUsed"":7.05,""fixativeMlUsed"":0.44999999999999996,""makingCost"":255.21699999999998,""bottleId"":""6a3fa86aa6a41926cb0c6e83""},{""sizeMl"":30,""bottleType"":"""",""sellingPrice"":1050,""oilMlUsed"":15.6,""ethanolMlUsed"":13.5,""fixativeMlUsed"":0.8999999999999999,""makingCost"":450.3905217391304,""bottleId"":""6a3fa86aa6a41926cb0c6e84""},{""sizeMl"":50,""bottleType"":"""",""sellingPrice"":1300,""oilMlUsed"":27.5,""ethanolMlUsed"":21,""fixativeMlUsed"":1.5,""makingCost"":632.39,""bottleId"":""6a3fa86aa6a41926cb0c6e85""},{""sizeMl"":100,""bottleType"":"""",""sellingPrice"":1650,""oilMlUsed"":60,""ethanolMlUsed"":37,""fixativeMlUsed"":3,""makingCost"":1099.78,""bottleId"":""6a3fa86aa6a41926cb0c6e86""}]"
Gucci Flora,GucFla,roll-on,Medium floral fresh fragrance. A daytime floral classic.,medium,daytime,floral fresh,false,true,2026-06-27T19:12:14.880Z,2026-09-10T19:24:39.448Z,Gucci Flora,,180,1000,"[{""sizeMl"":3.5,""bottleType"":"""",""sellingPrice"":180,""oilMlUsed"":3.5,""ethanolMlUsed"":0,""fixativeMlUsed"":0,""makingCost"":145.11296137339056,""bottleId"":""6a3fa869a6a41926cb0c6e7e""},{""sizeMl"":6,""bottleType"":"""",""sellingPrice"":270,""oilMlUsed"":6,""ethanolMlUsed"":0,""fixativeMlUsed"":0,""makingCost"":192.60169491525426,""bottleId"":""6a3fa869a6a41926cb0c6e7f""},{""sizeMl"":15,""bottleType"":"""",""sellingPrice"":700,""oilMlUsed"":15,""ethanolMlUsed"":0,""fixativeMlUsed"":0,""makingCost"":316.42857142857144,""bottleId"":""6a3fa869a6a41926cb0c6e80""},{""sizeMl"":30,""bottleType"":"""",""sellingPrice"":1000,""oilMlUsed"":30,""ethanolMlUsed"":0,""fixativeMlUsed"":0,""makingCost"":475,""bottleId"":""6a3fa869a6a41926cb0c6e81""}]"
Gucci Flora Spray,GucFla_SP,spray,Medium floral fresh fragrance. A daytime floral classic.,medium,daytime,floral fresh,false,true,2026-06-27T19:12:15.742Z,2026-09-27T01:16:12.506Z,,,330,2300,"[{""sizeMl"":6,""bottleType"":"""",""sellingPrice"":330,""oilMlUsed"":3.3120000000000003,""ethanolMlUsed"":2.6879999999999997,""fixativeMlUsed"":0,""makingCost"":169.90299047619047,""bottleId"":""6a3fa86aa6a41926cb0c6e82""},{""sizeMl"":15,""bottleType"":"""",""sellingPrice"":800,""oilMlUsed"":7.5,""ethanolMlUsed"":7.05,""fixativeMlUsed"":0.44999999999999996,""makingCost"":253.567,""bottleId"":""6a3fa86aa6a41926cb0c6e83""},{""sizeMl"":30,""bottleType"":"""",""sellingPrice"":1400,""oilMlUsed"":15.6,""ethanolMlUsed"":13.5,""fixativeMlUsed"":0.8999999999999999,""makingCost"":447.0905217391304,""bottleId"":""6a3fa86aa6a41926cb0c6e84""},{""sizeMl"":50,""bottleType"":"""",""sellingPrice"":1900,""oilMlUsed"":27.5,""ethanolMlUsed"":21,""fixativeMlUsed"":1.5,""makingCost"":626.89,""bottleId"":""6a3fa86aa6a41926cb0c6e85""},{""sizeMl"":100,""bottleType"":"""",""sellingPrice"":2300,""oilMlUsed"":60,""ethanolMlUsed"":37,""fixativeMlUsed"":3,""makingCost"":1088.78,""bottleId"":""6a3fa86aa6a41926cb0c6e86""}]"
Hawas For Him,HFH,roll-on,Strong aquatic spicy fragrance. Evening freshness.,strong,evening,aquatic spicy,false,true,2026-06-27T19:12:00.907Z,2026-09-10T19:26:10.387Z,Hawas For Him,,180,1500,"[{""sizeMl"":3.5,""bottleType"":"""",""sellingPrice"":180,""oilMlUsed"":3.5,""ethanolMlUsed"":0,""fixativeMlUsed"":0,""makingCost"":138.98796137339056,""bottleId"":""6a3fa869a6a41926cb0c6e7e""},{""sizeMl"":6,""bottleType"":"""",""sellingPrice"":280,""oilMlUsed"":6,""ethanolMlUsed"":0,""fixativeMlUsed"":0,""makingCost"":182.10169491525426,""bottleId"":""6a3fa869a6a41926cb0c6e7f""},{""sizeMl"":15,""bottleType"":"""",""sellingPrice"":750,""oilMlUsed"":15,""ethanolMlUsed"":0,""fixativeMlUsed"":0,""makingCost"":290.17857142857144,""bottleId"":""6a3fa869a6a41926cb0c6e80""},{""sizeMl"":30,""bottleType"":"""",""sellingPrice"":1500,""oilMlUsed"":30,""ethanolMlUsed"":0,""fixativeMlUsed"":0,""makingCost"":422.5,""bottleId"":""6a3fa869a6a41926cb0c6e81""}]"
Hawas For Him Spray,HFH_SP,spray,Strong aquatic spicy fragrance. Evening freshness.,strong,evening,aquatic spicy,false,true,2026-06-27T19:12:01.758Z,2026-09-27T01:16:09.168Z,,,330,1650,"[{""sizeMl"":6,""bottleType"":"""",""sellingPrice"":330,""oilMlUsed"":3.3120000000000003,""ethanolMlUsed"":2.6879999999999997,""fixativeMlUsed"":0,""makingCost"":164.12799047619046,""bottleId"":""6a3fa86aa6a41926cb0c6e82""},{""sizeMl"":15,""bottleType"":"""",""sellingPrice"":780,""oilMlUsed"":7.5,""ethanolMlUsed"":7.05,""fixativeMlUsed"":0.44999999999999996,""makingCost"":239.1295,""bottleId"":""6a3fa86aa6a41926cb0c6e83""},{""sizeMl"":30,""bottleType"":"""",""sellingPrice"":1050,""oilMlUsed"":15.6,""ethanolMlUsed"":13.5,""fixativeMlUsed"":0.8999999999999999,""makingCost"":418.2155217391304,""bottleId"":""6a3fa86aa6a41926cb0c6e84""},{""sizeMl"":50,""bottleType"":"""",""sellingPrice"":1300,""oilMlUsed"":27.5,""ethanolMlUsed"":21,""fixativeMlUsed"":1.5,""makingCost"":578.765,""bottleId"":""6a3fa86aa6a41926cb0c6e85""},{""sizeMl"":100,""bottleType"":"""",""sellingPrice"":1650,""oilMlUsed"":60,""ethanolMlUsed"":37,""fixativeMlUsed"":3,""makingCost"":992.53,""bottleId"":""6a3fa86aa6a41926cb0c6e86""}]"
Hawas Ice,HI,roll-on,"Top Notes: Frozen apple, Italian lemon, Sicilian bergamot, and star anise.Heart/
Middle Notes: Plum, orange blossom, and cardamom.
Base Notes: Musk, amber, driftwood, and moss.",medium,Daytime,"aromatic, aquatic",false,true,2026-08-09T10:14:52.075Z,2026-09-10T19:23:06.590Z,Hawas Ice,,150,1000,"[{""sizeMl"":3.5,""bottleType"":"""",""sellingPrice"":150,""oilMlUsed"":3.5,""ethanolMlUsed"":0,""fixativeMlUsed"":0,""makingCost"":138.11296137339056,""bottleId"":""6a3fa869a6a41926cb0c6e7e""},{""sizeMl"":6,""bottleType"":"""",""sellingPrice"":250,""oilMlUsed"":6,""ethanolMlUsed"":0,""fixativeMlUsed"":0,""makingCost"":180.60169491525426,""bottleId"":""6a3fa869a6a41926cb0c6e7f""},{""sizeMl"":15,""bottleType"":"""",""sellingPrice"":600,""oilMlUsed"":15,""ethanolMlUsed"":0,""fixativeMlUsed"":0,""makingCost"":295,""bottleId"":""6a3fa86aa6a41926cb0c6e83""},{""sizeMl"":30,""bottleType"":"""",""sellingPrice"":1000,""oilMlUsed"":30,""ethanolMlUsed"":0,""fixativeMlUsed"":0,""makingCost"":529.9565217391305,""bottleId"":""6a3fa86aa6a41926cb0c6e84""}]"
Hawas Ice Spray,HI_SP,spray,"Top Notes: Frozen apple, Italian lemon, Sicilian bergamot, and star anise.Heart/
Middle Notes: Plum, orange blossom, and cardamom.
Base Notes: Musk, amber, driftwood, and moss.",medium,Daytime,"aromatic, aquatic",false,true,2026-08-09T10:14:11.775Z,2026-09-27T01:16:17.682Z,,,270,1300,"[{""sizeMl"":6,""bottleType"":"""",""sellingPrice"":270,""oilMlUsed"":3.3120000000000003,""ethanolMlUsed"":2.6879999999999997,""fixativeMlUsed"":0,""makingCost"":163.30299047619047,""bottleId"":""6a3fa86aa6a41926cb0c6e82""},{""sizeMl"":15,""bottleType"":"""",""sellingPrice"":600,""oilMlUsed"":7.5,""ethanolMlUsed"":7.05,""fixativeMlUsed"":0.44999999999999996,""makingCost"":237.067,""bottleId"":""6a3fa86aa6a41926cb0c6e83""},{""sizeMl"":30,""bottleType"":"""",""sellingPrice"":900,""oilMlUsed"":15.6,""ethanolMlUsed"":13.5,""fixativeMlUsed"":0.8999999999999999,""makingCost"":414.0905217391304,""bottleId"":""6a3fa86aa6a41926cb0c6e84""},{""sizeMl"":50,""bottleType"":"""",""sellingPrice"":1050,""oilMlUsed"":27.5,""ethanolMlUsed"":21,""fixativeMlUsed"":1.5,""makingCost"":571.89,""bottleId"":""6a3fa86aa6a41926cb0c6e85""},{""sizeMl"":100,""bottleType"":"""",""sellingPrice"":1300,""oilMlUsed"":60,""ethanolMlUsed"":37,""fixativeMlUsed"":3,""makingCost"":978.78,""bottleId"":""6a3fa86aa6a41926cb0c6e86""}]"
LOST Cherry,LostChe,roll-on,Sweet cherry with almond and gourmand notes. A luxurious evening fragrance.,medium,evening,fruity gourmand almond,true,true,2026-06-27T19:11:20.781Z,2026-09-10T19:29:19.388Z,LOST Cherry,,150,1250,"[{""sizeMl"":3.5,""bottleType"":"""",""sellingPrice"":150,""oilMlUsed"":3.5,""ethanolMlUsed"":0,""fixativeMlUsed"":0,""makingCost"":130.65643963426012,""bottleId"":""6a3fa869a6a41926cb0c6e7e""},{""sizeMl"":6,""bottleType"":"""",""sellingPrice"":250,""oilMlUsed"":6,""ethanolMlUsed"":0,""fixativeMlUsed"":0,""makingCost"":167.81908621960207,""bottleId"":""6a3fa869a6a41926cb0c6e7f""},{""sizeMl"":15,""bottleType"":"""",""sellingPrice"":650,""oilMlUsed"":15,""ethanolMlUsed"":0,""fixativeMlUsed"":0,""makingCost"":254.472049689441,""bottleId"":""6a3fa869a6a41926cb0c6e80""},{""sizeMl"":30,""bottleType"":"""",""sellingPrice"":1250,""oilMlUsed"":30,""ethanolMlUsed"":0,""fixativeMlUsed"":0,""makingCost"":351.0869565217391,""bottleId"":""6a3fa869a6a41926cb0c6e81""}]"
LOST Cherry Spray,LostChe_SP,spray,Sweet cherry with almond and gourmand notes. A luxurious evening fragrance.,medium,evening,fruity gourmand almond,true,true,2026-06-27T19:11:21.653Z,2026-09-27T01:15:50.277Z,,,300,1700,"[{""sizeMl"":6,""bottleType"":"""",""sellingPrice"":300,""oilMlUsed"":3.3120000000000003,""ethanolMlUsed"":2.6879999999999997,""fixativeMlUsed"":0,""makingCost"":156.27255569358178,""bottleId"":""6a3fa86aa6a41926cb0c6e82""},{""sizeMl"":15,""bottleType"":"""",""sellingPrice"":700,""oilMlUsed"":7.5,""ethanolMlUsed"":7.05,""fixativeMlUsed"":0.44999999999999996,""makingCost"":219.49091304347826,""bottleId"":""6a3fa86aa6a41926cb0c6e83""},{""sizeMl"":30,""bottleType"":"""",""sellingPrice"":1000,""oilMlUsed"":15.6,""ethanolMlUsed"":13.5,""fixativeMlUsed"":0.8999999999999999,""makingCost"":378.93834782608695,""bottleId"":""6a3fa86aa6a41926cb0c6e84""},{""sizeMl"":50,""bottleType"":"""",""sellingPrice"":1300,""oilMlUsed"":27.5,""ethanolMlUsed"":21,""fixativeMlUsed"":1.5,""makingCost"":513.3030434782609,""bottleId"":""6a3fa86aa6a41926cb0c6e85""},{""sizeMl"":100,""bottleType"":"""",""sellingPrice"":1700,""oilMlUsed"":60,""ethanolMlUsed"":37,""fixativeMlUsed"":3,""makingCost"":861.6060869565217,""bottleId"":""6a3fa86aa6a41926cb0c6e86""}]"
LOUIS VUITTON IMAGINATION,LVIM,roll-on,"Louis Vuitton Imagination is a luxury, contemporary fragrance that brilliantly juxtaposes the sparkling, crisp freshness of premium Mediterranean citruses with the rich, sensual warmth of an oversized dose of ambroxan and smoky Chinese black tea.",medium,"Spring, Summer, Daytime, Luxury","citrus, spicy, Sicilian orange, wood",false,true,2026-09-30T14:06:43.688Z,2026-09-30T17:21:10.248Z,LOUIS VUITTON IMAGINATION,,180,1100,"[{""sizeMl"":3.5,""bottleType"":"""",""sellingPrice"":180,""oilMlUsed"":3.5,""ethanolMlUsed"":0,""fixativeMlUsed"":0,""makingCost"":145.11296137339056,""bottleId"":""6a3fa869a6a41926cb0c6e7e""},{""sizeMl"":6,""bottleType"":"""",""sellingPrice"":300,""oilMlUsed"":6,""ethanolMlUsed"":0,""fixativeMlUsed"":0,""makingCost"":192.89189189189187,""bottleId"":""6a3fa869a6a41926cb0c6e7f""},{""sizeMl"":15,""bottleType"":"""",""sellingPrice"":750,""oilMlUsed"":15,""ethanolMlUsed"":0,""fixativeMlUsed"":0,""makingCost"":316.53846153846155,""bottleId"":""6a3fa869a6a41926cb0c6e80""},{""sizeMl"":30,""bottleType"":"""",""sellingPrice"":1100,""oilMlUsed"":30,""ethanolMlUsed"":0,""fixativeMlUsed"":0,""makingCost"":475,""bottleId"":""6a3fa869a6a41926cb0c6e81""}]"
LOUIS VUITTON IMAGINATION Spray,LVIM_SP,spray,"Louis Vuitton Imagination is a luxury, contemporary fragrance that brilliantly juxtaposes the sparkling, crisp freshness of premium Mediterranean citruses with the rich, sensual warmth of an oversized dose of ambroxan and smoky Chinese black tea.",medium,"Spring, Summer, Daytime, Luxury","citrus, spicy, Sicilian orange, wood",false,true,2026-09-30T14:15:55.543Z,2026-09-30T17:20:19.661Z,,,330,1900,"[{""sizeMl"":6,""bottleType"":"""",""sellingPrice"":330,""oilMlUsed"":3.3120000000000003,""ethanolMlUsed"":2.6879999999999997,""fixativeMlUsed"":0,""makingCost"":168.83718530612245,""bottleId"":""6a3fa86aa6a41926cb0c6e82""},{""sizeMl"":15,""bottleType"":"""",""sellingPrice"":750,""oilMlUsed"":7.5,""ethanolMlUsed"":7.05,""fixativeMlUsed"":0.44999999999999996,""makingCost"":244.5845,""bottleId"":""6a3fa86aa6a41926cb0c6e83""},{""sizeMl"":30,""bottleType"":"""",""sellingPrice"":1250,""oilMlUsed"":15.6,""ethanolMlUsed"":13.5,""fixativeMlUsed"":0.8999999999999999,""makingCost"":437.27152173913043,""bottleId"":""6a3fa86aa6a41926cb0c6e84""},{""sizeMl"":50,""bottleType"":"""",""sellingPrice"":1500,""oilMlUsed"":27.5,""ethanolMlUsed"":21,""fixativeMlUsed"":1.5,""makingCost"":626.89,""bottleId"":""6a3fa86aa6a41926cb0c6e85""},{""sizeMl"":100,""bottleType"":"""",""sellingPrice"":1900,""oilMlUsed"":60,""ethanolMlUsed"":37,""fixativeMlUsed"":3,""makingCost"":1143.33,""bottleId"":""6a3fa86aa6a41926cb0c6e86""}]"
Luxe Special,LUXE1,roll-on,Medium luxury blend fragrance. Versatile for any occasion.,medium,all,luxury blend,false,false,2026-06-27T19:12:20.418Z,2026-08-24T18:24:36.906Z,,,220,1500,"[{""sizeMl"":3.5,""bottleType"":"""",""sellingPrice"":220,""oilMlUsed"":3.5,""ethanolMlUsed"":0,""fixativeMlUsed"":0,""makingCost"":99.89878787878789,""bottleId"":""6a3fa869a6a41926cb0c6e7e""},{""sizeMl"":6,""bottleType"":"""",""sellingPrice"":350,""oilMlUsed"":6,""ethanolMlUsed"":0,""fixativeMlUsed"":0,""makingCost"":115.27906976744185,""bottleId"":""6a3fa869a6a41926cb0c6e7f""},{""sizeMl"":15,""bottleType"":"""",""sellingPrice"":800,""oilMlUsed"":15,""ethanolMlUsed"":0,""fixativeMlUsed"":0,""makingCost"":121.53846153846155,""bottleId"":""6a3fa869a6a41926cb0c6e80""},{""sizeMl"":30,""bottleType"":"""",""sellingPrice"":1500,""oilMlUsed"":30,""ethanolMlUsed"":0,""fixativeMlUsed"":0,""makingCost"":185,""bottleId"":""6a3fa869a6a41926cb0c6e81""}]"
Luxe Special Spray,LUXE1_SP,spray,Medium luxury blend fragrance. Versatile for any occasion.,medium,all,luxury blend,false,true,2026-06-27T19:12:21.284Z,2026-09-27T00:48:00.317Z,,,370,4500,"[{""sizeMl"":6,""bottleType"":"""",""sellingPrice"":370,""oilMlUsed"":3.3000000000000003,""ethanolMlUsed"":2.7,""fixativeMlUsed"":0,""makingCost"":160.94799047619045,""bottleId"":""6a3fa86aa6a41926cb0c6e82""},{""sizeMl"":15,""bottleType"":"""",""sellingPrice"":850,""oilMlUsed"":8.25,""ethanolMlUsed"":6.3,""fixativeMlUsed"":0.44999999999999996,""makingCost"":231.17949999999996,""bottleId"":""6a3fa86aa6a41926cb0c6e83""},{""sizeMl"":30,""bottleType"":"""",""sellingPrice"":1600,""oilMlUsed"":16.5,""ethanolMlUsed"":12.6,""fixativeMlUsed"":0.8999999999999999,""makingCost"":402.3155217391304,""bottleId"":""6a3fa86aa6a41926cb0c6e84""},{""sizeMl"":50,""bottleType"":"""",""sellingPrice"":3000,""oilMlUsed"":27.5,""ethanolMlUsed"":21,""fixativeMlUsed"":1.5,""makingCost"":552.2649999999999,""bottleId"":""6a3fa86aa6a41926cb0c6e85""},{""sizeMl"":100,""bottleType"":"""",""sellingPrice"":4500,""oilMlUsed"":60,""ethanolMlUsed"":37,""fixativeMlUsed"":3,""makingCost"":939.5299999999999,""bottleId"":""6a3fa86aa6a41926cb0c6e86""}]"
Miss Dior,MisDio,roll-on,Floral fruity fragrance with medium intensity. Elegant evening scent.,medium,evening,floral fruity,false,true,2026-06-27T19:11:52.362Z,2026-09-10T19:26:39.088Z,Miss Dior,,180,1500,"[{""sizeMl"":3.5,""bottleType"":"""",""sellingPrice"":180,""oilMlUsed"":3.5,""ethanolMlUsed"":0,""fixativeMlUsed"":0,""makingCost"":148.61296137339056,""bottleId"":""6a3fa869a6a41926cb0c6e7e""},{""sizeMl"":6,""bottleType"":"""",""sellingPrice"":280,""oilMlUsed"":6,""ethanolMlUsed"":0,""fixativeMlUsed"":0,""makingCost"":198.60169491525426,""bottleId"":""6a3fa869a6a41926cb0c6e7f""},{""sizeMl"":15,""bottleType"":"""",""sellingPrice"":750,""oilMlUsed"":15,""ethanolMlUsed"":0,""fixativeMlUsed"":0,""makingCost"":331.42857142857144,""bottleId"":""6a3fa869a6a41926cb0c6e80""},{""sizeMl"":30,""bottleType"":"""",""sellingPrice"":1500,""oilMlUsed"":30,""ethanolMlUsed"":0,""fixativeMlUsed"":0,""makingCost"":505,""bottleId"":""6a3fa869a6a41926cb0c6e81""}]"
Miss Dior Spray,MisDio_SP,spray,Floral fruity fragrance with medium intensity. Elegant evening scent.,medium,evening,floral fruity,false,true,2026-06-27T19:11:53.214Z,2026-09-27T01:16:06.492Z,,,330,1650,"[{""sizeMl"":6,""bottleType"":"""",""sellingPrice"":330,""oilMlUsed"":3.3120000000000003,""ethanolMlUsed"":2.6879999999999997,""fixativeMlUsed"":0,""makingCost"":173.20299047619045,""bottleId"":""6a3fa86aa6a41926cb0c6e82""},{""sizeMl"":15,""bottleType"":"""",""sellingPrice"":780,""oilMlUsed"":7.5,""ethanolMlUsed"":7.05,""fixativeMlUsed"":0.44999999999999996,""makingCost"":261.817,""bottleId"":""6a3fa86aa6a41926cb0c6e83""},{""sizeMl"":30,""bottleType"":"""",""sellingPrice"":1050,""oilMlUsed"":15.6,""ethanolMlUsed"":13.5,""fixativeMlUsed"":0.8999999999999999,""makingCost"":463.59052173913045,""bottleId"":""6a3fa86aa6a41926cb0c6e84""},{""sizeMl"":50,""bottleType"":"""",""sellingPrice"":1300,""oilMlUsed"":27.5,""ethanolMlUsed"":21,""fixativeMlUsed"":1.5,""makingCost"":654.39,""bottleId"":""6a3fa86aa6a41926cb0c6e85""},{""sizeMl"":100,""bottleType"":"""",""sellingPrice"":1650,""oilMlUsed"":60,""ethanolMlUsed"":37,""fixativeMlUsed"":3,""makingCost"":1143.78,""bottleId"":""6a3fa86aa6a41926cb0c6e86""}]"
Nautica voyage,NV,roll-on,Fresh aquatic fruity fragrance. Perfect for summer days.,medium,daytime,aquatic fruity,false,true,2026-06-27T19:12:27.579Z,2026-09-10T19:23:54.938Z,Nautica voyage,,180,1250,"[{""sizeMl"":3.5,""bottleType"":"""",""sellingPrice"":180,""oilMlUsed"":3.5,""ethanolMlUsed"":0,""fixativeMlUsed"":0,""makingCost"":143.9462947067239,""bottleId"":""6a3fa869a6a41926cb0c6e7e""},{""sizeMl"":6,""bottleType"":"""",""sellingPrice"":270,""oilMlUsed"":6,""ethanolMlUsed"":0,""fixativeMlUsed"":0,""makingCost"":190.60169491525426,""bottleId"":""6a3fa869a6a41926cb0c6e7f""},{""sizeMl"":15,""bottleType"":"""",""sellingPrice"":670,""oilMlUsed"":15,""ethanolMlUsed"":0,""fixativeMlUsed"":0,""makingCost"":311.42857142857144,""bottleId"":""6a3fa869a6a41926cb0c6e80""},{""sizeMl"":30,""bottleType"":"""",""sellingPrice"":1250,""oilMlUsed"":30,""ethanolMlUsed"":0,""fixativeMlUsed"":0,""makingCost"":465,""bottleId"":""6a3fa869a6a41926cb0c6e81""}]"
Nautica voyage Spray,NV_SP,spray,Fresh aquatic fruity fragrance. Perfect for summer days.,medium,daytime,aquatic fruity,false,true,2026-06-27T19:12:28.452Z,2026-09-27T01:16:14.121Z,,,300,2500,"[{""sizeMl"":6,""bottleType"":"""",""sellingPrice"":300,""oilMlUsed"":3.3120000000000003,""ethanolMlUsed"":2.6879999999999997,""fixativeMlUsed"":0,""makingCost"":171.97599047619047,""bottleId"":""6a3fa86aa6a41926cb0c6e82""},{""sizeMl"":15,""bottleType"":"""",""sellingPrice"":720,""oilMlUsed"":7.5,""ethanolMlUsed"":7.05,""fixativeMlUsed"":0.44999999999999996,""makingCost"":258.7495,""bottleId"":""6a3fa86aa6a41926cb0c6e83""},{""sizeMl"":30,""bottleType"":"""",""sellingPrice"":1350,""oilMlUsed"":15.6,""ethanolMlUsed"":13.5,""fixativeMlUsed"":0.8999999999999999,""makingCost"":457.45552173913046,""bottleId"":""6a3fa86aa6a41926cb0c6e84""},{""sizeMl"":50,""bottleType"":"""",""sellingPrice"":1700,""oilMlUsed"":27.5,""ethanolMlUsed"":21,""fixativeMlUsed"":1.5,""makingCost"":644.165,""bottleId"":""6a3fa86aa6a41926cb0c6e85""},{""sizeMl"":100,""bottleType"":"""",""sellingPrice"":2500,""oilMlUsed"":60,""ethanolMlUsed"":37,""fixativeMlUsed"":3,""makingCost"":1123.33,""bottleId"":""6a3fa86aa6a41926cb0c6e86""}]"
Paris Hilton,ParHil,roll-on,Light floral fruity sweet fragrance. Perfect for daytime fun.,light,daytime,floral fruity sweet,false,true,2026-06-27T19:11:54.060Z,2026-09-10T20:09:10.975Z,Paris Hilton,,150,1250,"[{""sizeMl"":3.5,""bottleType"":"""",""sellingPrice"":150,""oilMlUsed"":3.5,""ethanolMlUsed"":0,""fixativeMlUsed"":0,""makingCost"":127.61296137339056,""bottleId"":""6a3fa869a6a41926cb0c6e7e""},{""sizeMl"":6,""bottleType"":"""",""sellingPrice"":250,""oilMlUsed"":6,""ethanolMlUsed"":0,""fixativeMlUsed"":0,""makingCost"":162.60169491525426,""bottleId"":""6a3fa869a6a41926cb0c6e7f""},{""sizeMl"":15,""bottleType"":"""",""sellingPrice"":650,""oilMlUsed"":15,""ethanolMlUsed"":0,""fixativeMlUsed"":0,""makingCost"":241.42857142857144,""bottleId"":""6a3fa869a6a41926cb0c6e80""},{""sizeMl"":30,""bottleType"":"""",""sellingPrice"":1250,""oilMlUsed"":30,""ethanolMlUsed"":0,""fixativeMlUsed"":0,""makingCost"":325,""bottleId"":""6a3fa869a6a41926cb0c6e81""}]"
Paris Hilton Spray,ParHil_SP,spray,Light floral fruity sweet fragrance. Perfect for daytime fun.,light,daytime,floral fruity sweet,false,true,2026-06-27T19:11:54.917Z,2026-09-27T01:16:07.178Z,,,300,1700,"[{""sizeMl"":6,""bottleType"":"""",""sellingPrice"":300,""oilMlUsed"":3.3120000000000003,""ethanolMlUsed"":2.6879999999999997,""fixativeMlUsed"":0,""makingCost"":153.40299047619047,""bottleId"":""6a3fa86aa6a41926cb0c6e82""},{""sizeMl"":15,""bottleType"":"""",""sellingPrice"":700,""oilMlUsed"":7.5,""ethanolMlUsed"":7.05,""fixativeMlUsed"":0.44999999999999996,""makingCost"":212.317,""bottleId"":""6a3fa86aa6a41926cb0c6e83""},{""sizeMl"":30,""bottleType"":"""",""sellingPrice"":1000,""oilMlUsed"":15.6,""ethanolMlUsed"":13.5,""fixativeMlUsed"":0.8999999999999999,""makingCost"":364.5905217391304,""bottleId"":""6a3fa86aa6a41926cb0c6e84""},{""sizeMl"":50,""bottleType"":"""",""sellingPrice"":1300,""oilMlUsed"":27.5,""ethanolMlUsed"":21,""fixativeMlUsed"":1.5,""makingCost"":489.39,""bottleId"":""6a3fa86aa6a41926cb0c6e85""},{""sizeMl"":100,""bottleType"":"""",""sellingPrice"":1700,""oilMlUsed"":60,""ethanolMlUsed"":37,""fixativeMlUsed"":3,""makingCost"":813.78,""bottleId"":""6a3fa86aa6a41926cb0c6e86""}]"
Prada Candy,PRCn,roll-on,Medium gourmand sweet fragrance. Sweet evening indulgence.,medium,evening,gourmand sweet,false,true,2026-06-27T19:12:06.153Z,2026-09-10T19:25:19.736Z,Prada Candy,,180,1500,"[{""sizeMl"":3.5,""bottleType"":"""",""sellingPrice"":180,""oilMlUsed"":3.5,""ethanolMlUsed"":0,""fixativeMlUsed"":0,""makingCost"":141.61296137339056,""bottleId"":""6a3fa869a6a41926cb0c6e7e""},{""sizeMl"":6,""bottleType"":"""",""sellingPrice"":280,""oilMlUsed"":6,""ethanolMlUsed"":0,""fixativeMlUsed"":0,""makingCost"":186.60169491525426,""bottleId"":""6a3fa869a6a41926cb0c6e7f""},{""sizeMl"":15,""bottleType"":"""",""sellingPrice"":750,""oilMlUsed"":15,""ethanolMlUsed"":0,""fixativeMlUsed"":0,""makingCost"":301.42857142857144,""bottleId"":""6a3fa869a6a41926cb0c6e80""},{""sizeMl"":30,""bottleType"":"""",""sellingPrice"":1500,""oilMlUsed"":30,""ethanolMlUsed"":0,""fixativeMlUsed"":0,""makingCost"":445,""bottleId"":""6a3fa869a6a41926cb0c6e81""}]"
Prada Candy Spray,PRCn_SP,spray,Medium gourmand sweet fragrance. Sweet evening indulgence.,medium,evening,gourmand sweet,false,true,2026-06-27T19:12:07.005Z,2026-09-27T01:16:10.112Z,,,330,1650,"[{""sizeMl"":6,""bottleType"":"""",""sellingPrice"":330,""oilMlUsed"":3.3120000000000003,""ethanolMlUsed"":2.6879999999999997,""fixativeMlUsed"":0,""makingCost"":166.60299047619048,""bottleId"":""6a3fa86aa6a41926cb0c6e82""},{""sizeMl"":15,""bottleType"":"""",""sellingPrice"":780,""oilMlUsed"":7.5,""ethanolMlUsed"":7.05,""fixativeMlUsed"":0.44999999999999996,""makingCost"":245.317,""bottleId"":""6a3fa86aa6a41926cb0c6e83""},{""sizeMl"":30,""bottleType"":"""",""sellingPrice"":1050,""oilMlUsed"":15.6,""ethanolMlUsed"":13.5,""fixativeMlUsed"":0.8999999999999999,""makingCost"":430.5905217391304,""bottleId"":""6a3fa86aa6a41926cb0c6e84""},{""sizeMl"":50,""bottleType"":"""",""sellingPrice"":1300,""oilMlUsed"":27.5,""ethanolMlUsed"":21,""fixativeMlUsed"":1.5,""makingCost"":599.39,""bottleId"":""6a3fa86aa6a41926cb0c6e85""},{""sizeMl"":100,""bottleType"":"""",""sellingPrice"":1650,""oilMlUsed"":60,""ethanolMlUsed"":37,""fixativeMlUsed"":3,""makingCost"":1033.78,""bottleId"":""6a3fa86aa6a41926cb0c6e86""}]"
Pure Seduction,PuSD,roll-on,Light floral fruity fragrance. Perfect for romantic evenings.,light,evening,floral fruity,false,true,2026-06-27T19:12:04.425Z,2026-09-10T19:25:45.328Z,Pure Seduction,,180,1500,"[{""sizeMl"":3.5,""bottleType"":"""",""sellingPrice"":180,""oilMlUsed"":3.5,""ethanolMlUsed"":0,""fixativeMlUsed"":0,""makingCost"":145.11296137339056,""bottleId"":""6a3fa869a6a41926cb0c6e7e""},{""sizeMl"":6,""bottleType"":"""",""sellingPrice"":280,""oilMlUsed"":6,""ethanolMlUsed"":0,""fixativeMlUsed"":0,""makingCost"":192.60169491525426,""bottleId"":""6a3fa869a6a41926cb0c6e7f""},{""sizeMl"":15,""bottleType"":"""",""sellingPrice"":750,""oilMlUsed"":15,""ethanolMlUsed"":0,""fixativeMlUsed"":0,""makingCost"":316.42857142857144,""bottleId"":""6a3fa869a6a41926cb0c6e80""},{""sizeMl"":30,""bottleType"":"""",""sellingPrice"":1500,""oilMlUsed"":30,""ethanolMlUsed"":0,""fixativeMlUsed"":0,""makingCost"":475,""bottleId"":""6a3fa869a6a41926cb0c6e81""}]"
Pure Seduction Spray,PuSD_SP,spray,Light floral fruity fragrance. Perfect for romantic evenings.,light,evening,floral fruity,false,true,2026-06-27T19:12:05.293Z,2026-09-27T01:16:09.640Z,,,330,1650,"[{""sizeMl"":6,""bottleType"":"""",""sellingPrice"":330,""oilMlUsed"":3.3120000000000003,""ethanolMlUsed"":2.6879999999999997,""fixativeMlUsed"":0,""makingCost"":169.90299047619047,""bottleId"":""6a3fa86aa6a41926cb0c6e82""},{""sizeMl"":15,""bottleType"":"""",""sellingPrice"":780,""oilMlUsed"":7.5,""ethanolMlUsed"":7.05,""fixativeMlUsed"":0.44999999999999996,""makingCost"":253.567,""bottleId"":""6a3fa86aa6a41926cb0c6e83""},{""sizeMl"":30,""bottleType"":"""",""sellingPrice"":1050,""oilMlUsed"":15.6,""ethanolMlUsed"":13.5,""fixativeMlUsed"":0.8999999999999999,""makingCost"":447.0905217391304,""bottleId"":""6a3fa86aa6a41926cb0c6e84""},{""sizeMl"":50,""bottleType"":"""",""sellingPrice"":1300,""oilMlUsed"":27.5,""ethanolMlUsed"":21,""fixativeMlUsed"":1.5,""makingCost"":626.89,""bottleId"":""6a3fa86aa6a41926cb0c6e85""},{""sizeMl"":100,""bottleType"":"""",""sellingPrice"":1650,""oilMlUsed"":60,""ethanolMlUsed"":37,""fixativeMlUsed"":3,""makingCost"":1088.78,""bottleId"":""6a3fa86aa6a41926cb0c6e86""}]"
Red Tobaco,RedTob,roll-on,Strong tobacco spicy sweet fragrance. Bold evening statement.,strong,evening,tobacco spicy sweet,false,true,2026-06-27T19:11:48.727Z,2026-09-10T19:26:51.895Z,Red Tobaco,,150,1250,"[{""sizeMl"":3.5,""bottleType"":"""",""sellingPrice"":150,""oilMlUsed"":3.5,""ethanolMlUsed"":0,""fixativeMlUsed"":0,""makingCost"":141.61296137339056,""bottleId"":""6a3fa869a6a41926cb0c6e7e""},{""sizeMl"":6,""bottleType"":"""",""sellingPrice"":250,""oilMlUsed"":6,""ethanolMlUsed"":0,""fixativeMlUsed"":0,""makingCost"":186.60169491525426,""bottleId"":""6a3fa869a6a41926cb0c6e7f""},{""sizeMl"":15,""bottleType"":"""",""sellingPrice"":650,""oilMlUsed"":15,""ethanolMlUsed"":0,""fixativeMlUsed"":0,""makingCost"":301.42857142857144,""bottleId"":""6a3fa869a6a41926cb0c6e80""},{""sizeMl"":30,""bottleType"":"""",""sellingPrice"":1250,""oilMlUsed"":30,""ethanolMlUsed"":0,""fixativeMlUsed"":0,""makingCost"":445,""bottleId"":""6a3fa869a6a41926cb0c6e81""}]"
Red Tobaco Spray,RedTob_SP,spray,Strong tobacco spicy sweet fragrance. Bold evening statement.,strong,evening,tobacco spicy sweet,false,true,2026-06-27T19:11:49.590Z,2026-09-27T01:16:03.372Z,,,300,1700,"[{""sizeMl"":6,""bottleType"":"""",""sellingPrice"":300,""oilMlUsed"":3.3120000000000003,""ethanolMlUsed"":2.6879999999999997,""fixativeMlUsed"":0,""makingCost"":166.60299047619048,""bottleId"":""6a3fa86aa6a41926cb0c6e82""},{""sizeMl"":15,""bottleType"":"""",""sellingPrice"":700,""oilMlUsed"":7.5,""ethanolMlUsed"":7.05,""fixativeMlUsed"":0.44999999999999996,""makingCost"":245.317,""bottleId"":""6a3fa86aa6a41926cb0c6e83""},{""sizeMl"":30,""bottleType"":"""",""sellingPrice"":1000,""oilMlUsed"":15.6,""ethanolMlUsed"":13.5,""fixativeMlUsed"":0.8999999999999999,""makingCost"":430.5905217391304,""bottleId"":""6a3fa86aa6a41926cb0c6e84""},{""sizeMl"":50,""bottleType"":"""",""sellingPrice"":1300,""oilMlUsed"":27.5,""ethanolMlUsed"":21,""fixativeMlUsed"":1.5,""makingCost"":599.39,""bottleId"":""6a3fa86aa6a41926cb0c6e85""},{""sizeMl"":100,""bottleType"":"""",""sellingPrice"":1700,""oilMlUsed"":60,""ethanolMlUsed"":37,""fixativeMlUsed"":3,""makingCost"":1033.78,""bottleId"":""6a3fa86aa6a41926cb0c6e86""}]"
Rose,Rose,roll-on,Classic floral sweet rose fragrance. Timeless for any occasion.,medium,all,floral sweet,false,true,2026-06-27T19:11:34.753Z,2026-09-10T19:28:25.661Z,Rose,,150,1250,"[{""sizeMl"":3.5,""bottleType"":"""",""sellingPrice"":150,""oilMlUsed"":3.5,""ethanolMlUsed"":0,""fixativeMlUsed"":0,""makingCost"":145.11296137339056,""bottleId"":""6a3fa869a6a41926cb0c6e7e""},{""sizeMl"":6,""bottleType"":"""",""sellingPrice"":250,""oilMlUsed"":6,""ethanolMlUsed"":0,""fixativeMlUsed"":0,""makingCost"":192.60169491525426,""bottleId"":""6a3fa869a6a41926cb0c6e7f""},{""sizeMl"":15,""bottleType"":"""",""sellingPrice"":650,""oilMlUsed"":15,""ethanolMlUsed"":0,""fixativeMlUsed"":0,""makingCost"":316.42857142857144,""bottleId"":""6a3fa869a6a41926cb0c6e80""},{""sizeMl"":30,""bottleType"":"""",""sellingPrice"":1250,""oilMlUsed"":30,""ethanolMlUsed"":0,""fixativeMlUsed"":0,""makingCost"":475,""bottleId"":""6a3fa869a6a41926cb0c6e81""}]"
Rose Spray,Rose_SP,spray,Classic floral sweet rose fragrance. Timeless for any occasion.,medium,all,floral sweet,false,true,2026-06-27T19:11:35.642Z,2026-09-27T01:15:54.065Z,,,300,1700,"[{""sizeMl"":6,""bottleType"":"""",""sellingPrice"":300,""oilMlUsed"":3.3120000000000003,""ethanolMlUsed"":2.6879999999999997,""fixativeMlUsed"":0,""makingCost"":169.90299047619047,""bottleId"":""6a3fa86aa6a41926cb0c6e82""},{""sizeMl"":15,""bottleType"":"""",""sellingPrice"":700,""oilMlUsed"":7.5,""ethanolMlUsed"":7.05,""fixativeMlUsed"":0.44999999999999996,""makingCost"":253.567,""bottleId"":""6a3fa86aa6a41926cb0c6e83""},{""sizeMl"":30,""bottleType"":"""",""sellingPrice"":1000,""oilMlUsed"":15.6,""ethanolMlUsed"":13.5,""fixativeMlUsed"":0.8999999999999999,""makingCost"":447.0905217391304,""bottleId"":""6a3fa86aa6a41926cb0c6e84""},{""sizeMl"":50,""bottleType"":"""",""sellingPrice"":1300,""oilMlUsed"":27.5,""ethanolMlUsed"":21,""fixativeMlUsed"":1.5,""makingCost"":626.89,""bottleId"":""6a3fa86aa6a41926cb0c6e85""},{""sizeMl"":100,""bottleType"":"""",""sellingPrice"":1700,""oilMlUsed"":60,""ethanolMlUsed"":37,""fixativeMlUsed"":3,""makingCost"":1088.78,""bottleId"":""6a3fa86aa6a41926cb0c6e86""}]"
SRK,SR,roll-on,Medium oriental woody fragrance. Elegant evening scent.,medium,evening,oriental woody,false,false,2026-06-27T19:12:18.568Z,2026-08-24T10:36:35.834Z,,,220,1550,"[{""sizeMl"":3.5,""bottleType"":"""",""sellingPrice"":220,""oilMlUsed"":3.5,""ethanolMlUsed"":0,""fixativeMlUsed"":0,""makingCost"":99.89878787878789,""bottleId"":""6a3fa869a6a41926cb0c6e7e""},{""sizeMl"":6,""bottleType"":"""",""sellingPrice"":400,""oilMlUsed"":6,""ethanolMlUsed"":0,""fixativeMlUsed"":0,""makingCost"":115.27906976744185,""bottleId"":""6a3fa869a6a41926cb0c6e7f""},{""sizeMl"":15,""bottleType"":"""",""sellingPrice"":780,""oilMlUsed"":15,""ethanolMlUsed"":0,""fixativeMlUsed"":0,""makingCost"":121.53846153846155,""bottleId"":""6a3fa869a6a41926cb0c6e80""},{""sizeMl"":30,""bottleType"":"""",""sellingPrice"":1550,""oilMlUsed"":30,""ethanolMlUsed"":0,""fixativeMlUsed"":0,""makingCost"":185,""bottleId"":""6a3fa869a6a41926cb0c6e81""}]"
SRK,SR2,roll-on,SRK – a roll‑on fragrance with distinctive notes.,medium,all,"premium, aromatic",false,true,2026-06-27T19:12:25.798Z,2026-09-10T20:14:25.988Z,SRK,,112,960,"[{""sizeMl"":3.5,""bottleType"":"""",""sellingPrice"":112,""oilMlUsed"":3.5,""ethanolMlUsed"":0,""fixativeMlUsed"":0,""makingCost"":99.61296137339056,""bottleId"":""6a3fa869a6a41926cb0c6e7e""},{""sizeMl"":6,""bottleType"":"""",""sellingPrice"":192,""oilMlUsed"":6,""ethanolMlUsed"":0,""fixativeMlUsed"":0,""makingCost"":114.60169491525424,""bottleId"":""6a3fa869a6a41926cb0c6e7f""},{""sizeMl"":15,""bottleType"":"""",""sellingPrice"":480,""oilMlUsed"":15,""ethanolMlUsed"":0,""fixativeMlUsed"":0,""makingCost"":121.42857142857143,""bottleId"":""6a3fa869a6a41926cb0c6e80""},{""sizeMl"":30,""bottleType"":"""",""sellingPrice"":960,""oilMlUsed"":30,""ethanolMlUsed"":0,""fixativeMlUsed"":0,""makingCost"":85,""bottleId"":""6a3fa869a6a41926cb0c6e81""}]"
SRK Spray,SR2_SP,spray,SRK Spray – a spray fragrance with distinctive notes.,medium,all,"premium, aromatic",false,false,2026-06-27T19:12:26.705Z,2026-08-24T10:33:45.533Z,,SRK (55%); Ethanol (42%); Iso E Super (1%); Galaxolide (1%); Ambroxan (1%),240,4000,"[{""sizeMl"":6,""bottleType"":"""",""sellingPrice"":240,""oilMlUsed"":3.3,""ethanolMlUsed"":2.52,""fixativeMlUsed"":0.18,""makingCost"":124.71922580645162,""bottleId"":""6a3fa86aa6a41926cb0c6e82""},{""sizeMl"":15,""bottleType"":"""",""sellingPrice"":600,""oilMlUsed"":8.25,""ethanolMlUsed"":6.3,""fixativeMlUsed"":0.44999999999999996,""makingCost"":139.54,""bottleId"":""6a3fa86aa6a41926cb0c6e83""},{""sizeMl"":30,""bottleType"":"""",""sellingPrice"":1200,""oilMlUsed"":16.5,""ethanolMlUsed"":12.6,""fixativeMlUsed"":0.8999999999999999,""makingCost"":216.4646153846154,""bottleId"":""6a3fa86aa6a41926cb0c6e84""},{""sizeMl"":50,""bottleType"":"""",""sellingPrice"":2000,""oilMlUsed"":27.5,""ethanolMlUsed"":21,""fixativeMlUsed"":1.5,""makingCost"":246.8,""bottleId"":""6a3fa86aa6a41926cb0c6e85""},{""sizeMl"":100,""bottleType"":"""",""sellingPrice"":4000,""oilMlUsed"":55,""ethanolMlUsed"":42,""fixativeMlUsed"":3,""makingCost"":328.6,""bottleId"":""6a3fa86aa6a41926cb0c6e86""}]"
SRK Spray,SR_SP,spray,Medium oriental woody fragrance. Elegant evening scent.,medium,evening,oriental woody,true,true,2026-06-27T19:12:19.521Z,2026-09-27T00:47:59.844Z,,,380,2800,"[{""sizeMl"":6,""bottleType"":"""",""sellingPrice"":380,""oilMlUsed"":3.3,""ethanolMlUsed"":2.7,""fixativeMlUsed"":0,""makingCost"":172.39299047619048,""bottleId"":""6a3fa86aa6a41926cb0c6e82""},{""sizeMl"":15,""bottleType"":"""",""sellingPrice"":900,""oilMlUsed"":8.25,""ethanolMlUsed"":6.3,""fixativeMlUsed"":0.44999999999999996,""makingCost"":259.79200000000003,""bottleId"":""6a3fa86aa6a41926cb0c6e83""},{""sizeMl"":30,""bottleType"":"""",""sellingPrice"":1600,""oilMlUsed"":16.5,""ethanolMlUsed"":12.6,""fixativeMlUsed"":0.8999999999999999,""makingCost"":459.54052173913044,""bottleId"":""6a3fa86aa6a41926cb0c6e84""},{""sizeMl"":50,""bottleType"":"""",""sellingPrice"":1900,""oilMlUsed"":27.5,""ethanolMlUsed"":21,""fixativeMlUsed"":1.5,""makingCost"":647.64,""bottleId"":""6a3fa86aa6a41926cb0c6e85""},{""sizeMl"":100,""bottleType"":"""",""sellingPrice"":2800,""oilMlUsed"":60,""ethanolMlUsed"":37,""fixativeMlUsed"":3,""makingCost"":1130.28,""bottleId"":""6a3fa86aa6a41926cb0c6e86""}]"
Special For Sourav,SPSourav,spray,Strong Max,medium,,Wood,false,true,2026-09-10T19:03:01.268Z,2026-09-30T17:39:24.618Z,,,800,800,"[{""sizeMl"":30,""bottleType"":"""",""sellingPrice"":800,""oilMlUsed"":12.6,""ethanolMlUsed"":16.5,""fixativeMlUsed"":0.8999999999999999,""makingCost"":199.95652173913044,""bottleId"":""6a3fa86aa6a41926cb0c6e84""}]"
Sultan (al-haramain),SUL,roll-on,"Top Notes: Strawberry and pineapple.
Heart/Middle Notes: Peach, raspberry, ylang-ylang, fresh floral notes, and musk.
Base Notes: Vanilla, amber, sandalwood, patchouli, cinnamon, rose, jasmine, and lavender.",medium,daytime,"vanilla, sweet, oud",false,true,2026-08-09T10:28:59.590Z,2026-09-10T19:23:03.062Z,Sultan (al-haramain),,220,1500,"[{""sizeMl"":3.5,""bottleType"":"""",""sellingPrice"":220,""oilMlUsed"":3.5,""ethanolMlUsed"":0,""fixativeMlUsed"":0,""makingCost"":155.61296137339056,""bottleId"":""6a3fa869a6a41926cb0c6e7e""},{""sizeMl"":15,""bottleType"":"""",""sellingPrice"":800,""oilMlUsed"":15,""ethanolMlUsed"":0,""fixativeMlUsed"":0,""makingCost"":361.42857142857144,""bottleId"":""6a3fa869a6a41926cb0c6e80""},{""sizeMl"":6,""bottleType"":"""",""sellingPrice"":380,""oilMlUsed"":6,""ethanolMlUsed"":0,""fixativeMlUsed"":0,""makingCost"":210.60169491525426,""bottleId"":""6a3fa869a6a41926cb0c6e7f""},{""sizeMl"":30,""bottleType"":"""",""sellingPrice"":1500,""oilMlUsed"":30,""ethanolMlUsed"":0,""fixativeMlUsed"":0,""makingCost"":565,""bottleId"":""6a3fa869a6a41926cb0c6e81""}]"
TubeRose,TubRos,roll-on,Floral creamy sweet fragrance. Perfect for romantic evenings.,medium,evening,floral creamy sweet,false,true,2026-06-27T19:11:33.019Z,2026-09-10T19:28:27.871Z,TubeRose,,150,1250,"[{""sizeMl"":3.5,""bottleType"":"""",""sellingPrice"":150,""oilMlUsed"":3.5,""ethanolMlUsed"":0,""fixativeMlUsed"":0,""makingCost"":162.61296137339056,""bottleId"":""6a3fa869a6a41926cb0c6e7e""},{""sizeMl"":6,""bottleType"":"""",""sellingPrice"":250,""oilMlUsed"":6,""ethanolMlUsed"":0,""fixativeMlUsed"":0,""makingCost"":222.60169491525423,""bottleId"":""6a3fa869a6a41926cb0c6e7f""},{""sizeMl"":15,""bottleType"":"""",""sellingPrice"":650,""oilMlUsed"":15,""ethanolMlUsed"":0,""fixativeMlUsed"":0,""makingCost"":391.42857142857144,""bottleId"":""6a3fa869a6a41926cb0c6e80""},{""sizeMl"":30,""bottleType"":"""",""sellingPrice"":1250,""oilMlUsed"":30,""ethanolMlUsed"":0,""fixativeMlUsed"":0,""makingCost"":625,""bottleId"":""6a3fa869a6a41926cb0c6e81""}]"
TubeRose Spray,TubRos_SP,spray,Floral creamy sweet fragrance. Perfect for romantic evenings.,medium,evening,floral creamy sweet,false,true,2026-06-27T19:11:33.883Z,2026-09-27T01:15:53.592Z,,,300,1700,"[{""sizeMl"":6,""bottleType"":"""",""sellingPrice"":300,""oilMlUsed"":3.3120000000000003,""ethanolMlUsed"":2.6879999999999997,""fixativeMlUsed"":0,""makingCost"":186.40299047619047,""bottleId"":""6a3fa86aa6a41926cb0c6e82""},{""sizeMl"":15,""bottleType"":"""",""sellingPrice"":700,""oilMlUsed"":7.5,""ethanolMlUsed"":7.05,""fixativeMlUsed"":0.44999999999999996,""makingCost"":294.817,""bottleId"":""6a3fa86aa6a41926cb0c6e83""},{""sizeMl"":30,""bottleType"":"""",""sellingPrice"":1000,""oilMlUsed"":15.6,""ethanolMlUsed"":13.5,""fixativeMlUsed"":0.8999999999999999,""makingCost"":529.5905217391305,""bottleId"":""6a3fa86aa6a41926cb0c6e84""},{""sizeMl"":50,""bottleType"":"""",""sellingPrice"":1300,""oilMlUsed"":27.5,""ethanolMlUsed"":21,""fixativeMlUsed"":1.5,""makingCost"":764.39,""bottleId"":""6a3fa86aa6a41926cb0c6e85""},{""sizeMl"":100,""bottleType"":"""",""sellingPrice"":1700,""oilMlUsed"":60,""ethanolMlUsed"":37,""fixativeMlUsed"":3,""makingCost"":1363.78,""bottleId"":""6a3fa86aa6a41926cb0c6e86""}]"
Ultra male,UltMal,roll-on,"Spicy, sweet, and woody aromatic blend. Strong and captivating for evening wear.",strong,evening,spicy sweet woody,false,true,2026-06-27T19:11:22.508Z,2026-09-10T19:29:21.158Z,Ultra male,,150,1250,"[{""sizeMl"":3.5,""bottleType"":"""",""sellingPrice"":150,""oilMlUsed"":3.5,""ethanolMlUsed"":0,""fixativeMlUsed"":0,""makingCost"":139.86296137339056,""bottleId"":""6a3fa869a6a41926cb0c6e7e""},{""sizeMl"":6,""bottleType"":"""",""sellingPrice"":250,""oilMlUsed"":6,""ethanolMlUsed"":0,""fixativeMlUsed"":0,""makingCost"":183.60169491525426,""bottleId"":""6a3fa869a6a41926cb0c6e7f""},{""sizeMl"":15,""bottleType"":"""",""sellingPrice"":650,""oilMlUsed"":15,""ethanolMlUsed"":0,""fixativeMlUsed"":0,""makingCost"":293.92857142857144,""bottleId"":""6a3fa869a6a41926cb0c6e80""},{""sizeMl"":30,""bottleType"":"""",""sellingPrice"":1250,""oilMlUsed"":30,""ethanolMlUsed"":0,""fixativeMlUsed"":0,""makingCost"":430,""bottleId"":""6a3fa869a6a41926cb0c6e81""}]"
Ultra male Spray,UltMal_SP,spray,"Spicy, sweet, and woody aromatic blend. Strong and captivating for evening wear.",strong,evening,spicy sweet woody,false,true,2026-06-27T19:11:23.390Z,2026-09-27T01:15:50.755Z,,,300,1700,"[{""sizeMl"":6,""bottleType"":"""",""sellingPrice"":300,""oilMlUsed"":3.3120000000000003,""ethanolMlUsed"":2.6879999999999997,""fixativeMlUsed"":0,""makingCost"":164.95299047619045,""bottleId"":""6a3fa86aa6a41926cb0c6e82""},{""sizeMl"":15,""bottleType"":"""",""sellingPrice"":700,""oilMlUsed"":7.5,""ethanolMlUsed"":7.05,""fixativeMlUsed"":0.44999999999999996,""makingCost"":241.192,""bottleId"":""6a3fa86aa6a41926cb0c6e83""},{""sizeMl"":30,""bottleType"":"""",""sellingPrice"":1000,""oilMlUsed"":15.6,""ethanolMlUsed"":13.5,""fixativeMlUsed"":0.8999999999999999,""makingCost"":422.3405217391304,""bottleId"":""6a3fa86aa6a41926cb0c6e84""},{""sizeMl"":50,""bottleType"":"""",""sellingPrice"":1300,""oilMlUsed"":27.5,""ethanolMlUsed"":21,""fixativeMlUsed"":1.5,""makingCost"":585.64,""bottleId"":""6a3fa86aa6a41926cb0c6e85""},{""sizeMl"":100,""bottleType"":"""",""sellingPrice"":1700,""oilMlUsed"":60,""ethanolMlUsed"":37,""fixativeMlUsed"":3,""makingCost"":1006.28,""bottleId"":""6a3fa86aa6a41926cb0c6e86""}]"
Valentino,Valen,roll-on,"Top Note: Rich Bourbon vanilla infusion (provides a thick, warm, and comforting opening sweetness).
Heart/Middle Note: Aromatic lavandin/lavender (adds a fresh, floral, and classically masculine punch).
Base Note: Smoked vetiver (grounds the sweetness with a dark, sophisticated woodiness)",medium,"special, evening","amber, vanilla, lavender.",false,true,2026-08-09T10:42:23.248Z,2026-09-10T19:23:00.191Z,Valentino,,220,1300,"[{""sizeMl"":3.5,""bottleType"":"""",""sellingPrice"":220,""oilMlUsed"":3.5,""ethanolMlUsed"":0,""fixativeMlUsed"":0,""makingCost"":155.61296137339056,""bottleId"":""6a3fa869a6a41926cb0c6e7e""},{""sizeMl"":6,""bottleType"":"""",""sellingPrice"":380,""oilMlUsed"":6,""ethanolMlUsed"":0,""fixativeMlUsed"":0,""makingCost"":210.60169491525426,""bottleId"":""6a3fa869a6a41926cb0c6e7f""},{""sizeMl"":15,""bottleType"":"""",""sellingPrice"":700,""oilMlUsed"":15,""ethanolMlUsed"":0,""fixativeMlUsed"":0,""makingCost"":361.42857142857144,""bottleId"":""6a3fa869a6a41926cb0c6e80""},{""sizeMl"":30,""bottleType"":"""",""sellingPrice"":1300,""oilMlUsed"":30,""ethanolMlUsed"":0,""fixativeMlUsed"":0,""makingCost"":565,""bottleId"":""6a3fa869a6a41926cb0c6e81""}]"
Valentino Spray,Valen_SP,spray,"Top Note: Rich Bourbon vanilla infusion (provides a thick, warm, and comforting opening sweetness).
Heart/Middle Note: Aromatic lavandin/lavender (adds a fresh, floral, and classically masculine punch).
Base Note: Smoked vetiver (grounds the sweetness with a dark, sophisticated woodiness)",medium,"special, evening","amber, vanilla, lavender.",false,true,2026-08-09T10:43:34.295Z,2026-09-27T01:16:19.099Z,,,400,1900,"[{""sizeMl"":6,""bottleType"":"""",""sellingPrice"":400,""oilMlUsed"":3.3120000000000003,""ethanolMlUsed"":2.6879999999999997,""fixativeMlUsed"":0,""makingCost"":179.80299047619047,""bottleId"":""6a3fa86aa6a41926cb0c6e82""},{""sizeMl"":15,""bottleType"":"""",""sellingPrice"":900,""oilMlUsed"":7.5,""ethanolMlUsed"":7.05,""fixativeMlUsed"":0.44999999999999996,""makingCost"":278.317,""bottleId"":""6a3fa86aa6a41926cb0c6e83""},{""sizeMl"":30,""bottleType"":"""",""sellingPrice"":1200,""oilMlUsed"":15.6,""ethanolMlUsed"":13.5,""fixativeMlUsed"":0.8999999999999999,""makingCost"":496.59052173913045,""bottleId"":""6a3fa86aa6a41926cb0c6e84""},{""sizeMl"":50,""bottleType"":"""",""sellingPrice"":1500,""oilMlUsed"":27.5,""ethanolMlUsed"":21,""fixativeMlUsed"":1.5,""makingCost"":709.39,""bottleId"":""6a3fa86aa6a41926cb0c6e85""},{""sizeMl"":100,""bottleType"":"""",""sellingPrice"":1900,""oilMlUsed"":60,""ethanolMlUsed"":37,""fixativeMlUsed"":3,""makingCost"":1253.78,""bottleId"":""6a3fa86aa6a41926cb0c6e86""}]"
Vampire B.,VampB,roll-on,"Deep, mysterious oriental scent with spicy and woody undertones. Best for special evenings.",strong,evening,oriental spicy woody,true,true,2026-06-27T19:11:17.183Z,2026-09-10T19:28:59.548Z,Vampire B.,,200,1650,"[{""sizeMl"":3.5,""bottleType"":"""",""sellingPrice"":200,""oilMlUsed"":3.5,""ethanolMlUsed"":0,""fixativeMlUsed"":0,""makingCost"":147.887351617293,""bottleId"":""6a3fa869a6a41926cb0c6e7e""},{""sizeMl"":6,""bottleType"":"""",""sellingPrice"":300,""oilMlUsed"":6,""ethanolMlUsed"":0,""fixativeMlUsed"":0,""makingCost"":197.35779247622986,""bottleId"":""6a3fa869a6a41926cb0c6e7f""},{""sizeMl"":15,""bottleType"":"""",""sellingPrice"":800,""oilMlUsed"":15,""ethanolMlUsed"":0,""fixativeMlUsed"":0,""makingCost"":328.31881533101046,""bottleId"":""6a3fa869a6a41926cb0c6e80""},{""sizeMl"":30,""bottleType"":"""",""sellingPrice"":1650,""oilMlUsed"":30,""ethanolMlUsed"":0,""fixativeMlUsed"":0,""makingCost"":498.7804878048781,""bottleId"":""6a3fa869a6a41926cb0c6e81""}]"
Vampire B. Spray,VampB_SP,spray,"Deep, mysterious oriental scent with spicy and woody undertones. Best for special evenings.",strong,evening,oriental spicy woody,true,true,2026-06-27T19:11:18.200Z,2026-09-27T01:15:49.322Z,,,350,2200,"[{""sizeMl"":6,""bottleType"":"""",""sellingPrice"":350,""oilMlUsed"":3.3120000000000003,""ethanolMlUsed"":2.6879999999999997,""fixativeMlUsed"":0,""makingCost"":172.51884413472706,""bottleId"":""6a3fa86aa6a41926cb0c6e82""},{""sizeMl"":15,""bottleType"":"""",""sellingPrice"":850,""oilMlUsed"":7.5,""ethanolMlUsed"":7.05,""fixativeMlUsed"":0.44999999999999996,""makingCost"":260.1066341463415,""bottleId"":""6a3fa86aa6a41926cb0c6e83""},{""sizeMl"":30,""bottleType"":"""",""sellingPrice"":1500,""oilMlUsed"":15.6,""ethanolMlUsed"":13.5,""fixativeMlUsed"":0.8999999999999999,""makingCost"":460.1697900318134,""bottleId"":""6a3fa86aa6a41926cb0c6e84""},{""sizeMl"":50,""bottleType"":"""",""sellingPrice"":1900,""oilMlUsed"":27.5,""ethanolMlUsed"":21,""fixativeMlUsed"":1.5,""makingCost"":648.6887804878049,""bottleId"":""6a3fa86aa6a41926cb0c6e85""},{""sizeMl"":100,""bottleType"":"""",""sellingPrice"":2200,""oilMlUsed"":60,""ethanolMlUsed"":37,""fixativeMlUsed"":3,""makingCost"":1132.3775609756099,""bottleId"":""6a3fa86aa6a41926cb0c6e86""}]"
Vanila,Vanil,roll-on,"Warm, sweet vanilla fragrance with light intensity. Perfect for all-day comfort.",light,all,vanilla sweet warm,false,true,2026-06-27T19:11:38.248Z,2026-09-10T19:28:10.313Z,Vanila,,150,1250,"[{""sizeMl"":3.5,""bottleType"":"""",""sellingPrice"":150,""oilMlUsed"":3.5,""ethanolMlUsed"":0,""fixativeMlUsed"":0,""makingCost"":125.22659773702692,""bottleId"":""6a3fa869a6a41926cb0c6e7e""},{""sizeMl"":6,""bottleType"":"""",""sellingPrice"":250,""oilMlUsed"":6,""ethanolMlUsed"":0,""fixativeMlUsed"":0,""makingCost"":158.51078582434513,""bottleId"":""6a3fa869a6a41926cb0c6e7f""},{""sizeMl"":15,""bottleType"":"""",""sellingPrice"":650,""oilMlUsed"":15,""ethanolMlUsed"":0,""fixativeMlUsed"":0,""makingCost"":231.2012987012987,""bottleId"":""6a3fa869a6a41926cb0c6e80""},{""sizeMl"":30,""bottleType"":"""",""sellingPrice"":1250,""oilMlUsed"":30,""ethanolMlUsed"":0,""fixativeMlUsed"":0,""makingCost"":304.54545454545456,""bottleId"":""6a3fa869a6a41926cb0c6e81""}]"
Vanila Spray,Vanil_SP,spray,"Warm, sweet vanilla fragrance with light intensity. Perfect for all-day comfort.",light,all,vanilla sweet warm,false,true,2026-06-27T19:11:39.128Z,2026-09-27T01:15:55.611Z,,,300,1700,"[{""sizeMl"":6,""bottleType"":"""",""sellingPrice"":300,""oilMlUsed"":3.3120000000000003,""ethanolMlUsed"":2.6879999999999997,""fixativeMlUsed"":0,""makingCost"":151.15299047619047,""bottleId"":""6a3fa86aa6a41926cb0c6e82""},{""sizeMl"":15,""bottleType"":"""",""sellingPrice"":700,""oilMlUsed"":7.5,""ethanolMlUsed"":7.05,""fixativeMlUsed"":0.44999999999999996,""makingCost"":206.692,""bottleId"":""6a3fa86aa6a41926cb0c6e83""},{""sizeMl"":30,""bottleType"":"""",""sellingPrice"":1000,""oilMlUsed"":15.6,""ethanolMlUsed"":13.5,""fixativeMlUsed"":0.8999999999999999,""makingCost"":353.3405217391304,""bottleId"":""6a3fa86aa6a41926cb0c6e84""},{""sizeMl"":50,""bottleType"":"""",""sellingPrice"":1300,""oilMlUsed"":27.5,""ethanolMlUsed"":21,""fixativeMlUsed"":1.5,""makingCost"":470.64,""bottleId"":""6a3fa86aa6a41926cb0c6e85""},{""sizeMl"":100,""bottleType"":"""",""sellingPrice"":1700,""oilMlUsed"":60,""ethanolMlUsed"":37,""fixativeMlUsed"":3,""makingCost"":776.28,""bottleId"":""6a3fa86aa6a41926cb0c6e86""}]"
Versace EROS,VerEros,roll-on,"Fresh mint and vanilla fragrance with a strong, captivating presence. Ideal for evening wear.",strong,evening,fresh mint vanilla,false,true,2026-06-27T19:11:13.641Z,2026-09-10T20:06:17.830Z,Versace EROS,,150,1250,"[{""sizeMl"":3.5,""bottleType"":"""",""sellingPrice"":150,""oilMlUsed"":3.5,""ethanolMlUsed"":0,""fixativeMlUsed"":0,""makingCost"":131.91796137339054,""bottleId"":""6a3fa869a6a41926cb0c6e7e""},{""sizeMl"":6,""bottleType"":"""",""sellingPrice"":250,""oilMlUsed"":6,""ethanolMlUsed"":0,""fixativeMlUsed"":0,""makingCost"":169.98169491525425,""bottleId"":""6a3fa869a6a41926cb0c6e7f""},{""sizeMl"":15,""bottleType"":"""",""sellingPrice"":650,""oilMlUsed"":15,""ethanolMlUsed"":0,""fixativeMlUsed"":0,""makingCost"":259.87857142857143,""bottleId"":""6a3fa869a6a41926cb0c6e80""},{""sizeMl"":30,""bottleType"":"""",""sellingPrice"":1250,""oilMlUsed"":30,""ethanolMlUsed"":0,""fixativeMlUsed"":0,""makingCost"":361.90000000000003,""bottleId"":""6a3fa869a6a41926cb0c6e81""}]"
Versace EROS Spray,VerEros_SP,spray,"Fresh mint and vanilla fragrance with a strong, captivating presence. Ideal for evening wear.",strong,evening,fresh mint vanilla,false,true,2026-06-27T19:11:14.488Z,2026-09-27T01:15:48.374Z,,,300,1700,"[{""sizeMl"":6,""bottleType"":"""",""sellingPrice"":300,""oilMlUsed"":3.3120000000000003,""ethanolMlUsed"":2.6879999999999997,""fixativeMlUsed"":0,""makingCost"":157.46199047619046,""bottleId"":""6a3fa86aa6a41926cb0c6e82""},{""sizeMl"":15,""bottleType"":"""",""sellingPrice"":700,""oilMlUsed"":7.5,""ethanolMlUsed"":7.05,""fixativeMlUsed"":0.44999999999999996,""makingCost"":222.4645,""bottleId"":""6a3fa86aa6a41926cb0c6e83""},{""sizeMl"":30,""bottleType"":"""",""sellingPrice"":1000,""oilMlUsed"":15.6,""ethanolMlUsed"":13.5,""fixativeMlUsed"":0.8999999999999999,""makingCost"":384.88552173913047,""bottleId"":""6a3fa86aa6a41926cb0c6e84""},{""sizeMl"":50,""bottleType"":"""",""sellingPrice"":1300,""oilMlUsed"":27.5,""ethanolMlUsed"":21,""fixativeMlUsed"":1.5,""makingCost"":523.215,""bottleId"":""6a3fa86aa6a41926cb0c6e85""},{""sizeMl"":100,""bottleType"":"""",""sellingPrice"":1700,""oilMlUsed"":60,""ethanolMlUsed"":37,""fixativeMlUsed"":3,""makingCost"":881.4300000000001,""bottleId"":""6a3fa86aa6a41926cb0c6e86""}]"
Versace Eros Flame,VrEf,roll-on,"Top Notes: Mandarin orange, chinotto (bitter orange), lemon, Madagascar pepper, and rosemary.
Heart/Middle Notes: Pepperwood, geranium, and rose.
Base Notes: Vanilla, tonka bean, sandalwood, Texas cedar, patchouli, and oakmoss.",strong,special,"Cold, Hot, Sweet, Spicy",false,true,2026-08-08T19:31:35.428Z,2026-09-10T19:23:58.310Z,Versace Eros Flame,,210,1400,"[{""sizeMl"":3.5,""bottleType"":"""",""sellingPrice"":210,""oilMlUsed"":3.5,""ethanolMlUsed"":0,""fixativeMlUsed"":0,""makingCost"":155.61296137339056,""bottleId"":""6a3fa869a6a41926cb0c6e7e""},{""sizeMl"":6,""bottleType"":"""",""sellingPrice"":350,""oilMlUsed"":6,""ethanolMlUsed"":0,""fixativeMlUsed"":0,""makingCost"":210.60169491525426,""bottleId"":""6a3fa869a6a41926cb0c6e7f""},{""sizeMl"":15,""bottleType"":"""",""sellingPrice"":850,""oilMlUsed"":15,""ethanolMlUsed"":0,""fixativeMlUsed"":0,""makingCost"":361.42857142857144,""bottleId"":""6a3fa869a6a41926cb0c6e80""},{""sizeMl"":30,""bottleType"":"""",""sellingPrice"":1400,""oilMlUsed"":30,""ethanolMlUsed"":0,""fixativeMlUsed"":0,""makingCost"":565,""bottleId"":""6a3fa869a6a41926cb0c6e81""}]"
Versace Eros Flame Spray,VrEf_SP,spray,"Top Notes: Mandarin orange, chinotto (bitter orange), lemon, Madagascar pepper, and rosemary.
Heart/Middle Notes: Pepperwood, geranium, and rose.
Base Notes: Vanilla, tonka bean, sandalwood, Texas cedar, patchouli, and oakmoss.",strong,special,"Cold, Hot, Sweet, Spicy",false,true,2026-08-08T19:33:30.545Z,2026-09-27T01:16:16.233Z,,,370,2500,"[{""sizeMl"":6,""bottleType"":"""",""sellingPrice"":370,""oilMlUsed"":3.3120000000000003,""ethanolMlUsed"":2.6879999999999997,""fixativeMlUsed"":0,""makingCost"":179.80299047619047,""bottleId"":""6a3fa86aa6a41926cb0c6e82""},{""sizeMl"":15,""bottleType"":"""",""sellingPrice"":870,""oilMlUsed"":7.5,""ethanolMlUsed"":7.05,""fixativeMlUsed"":0.44999999999999996,""makingCost"":278.317,""bottleId"":""6a3fa86aa6a41926cb0c6e83""},{""sizeMl"":30,""bottleType"":"""",""sellingPrice"":1450,""oilMlUsed"":15.6,""ethanolMlUsed"":13.5,""fixativeMlUsed"":0.8999999999999999,""makingCost"":496.59052173913045,""bottleId"":""6a3fa86aa6a41926cb0c6e84""},{""sizeMl"":50,""bottleType"":"""",""sellingPrice"":1600,""oilMlUsed"":27.5,""ethanolMlUsed"":21,""fixativeMlUsed"":1.5,""makingCost"":709.39,""bottleId"":""6a3fa86aa6a41926cb0c6e85""},{""sizeMl"":100,""bottleType"":"""",""sellingPrice"":2500,""oilMlUsed"":60,""ethanolMlUsed"":37,""fixativeMlUsed"":3,""makingCost"":1253.78,""bottleId"":""6a3fa86aa6a41926cb0c6e86""}]"
White Oud,WO,roll-on,Strong woody oud fragrance. A sophisticated evening scent.,strong,evening,oud woody,false,true,2026-06-27T19:12:02.620Z,2026-09-10T20:10:35.591Z,White Oud,,180,1500,"[{""sizeMl"":3.5,""bottleType"":"""",""sellingPrice"":180,""oilMlUsed"":3.5,""ethanolMlUsed"":0,""fixativeMlUsed"":0,""makingCost"":141.61296137339056,""bottleId"":""6a3fa869a6a41926cb0c6e7e""},{""sizeMl"":6,""bottleType"":"""",""sellingPrice"":280,""oilMlUsed"":6,""ethanolMlUsed"":0,""fixativeMlUsed"":0,""makingCost"":186.60169491525426,""bottleId"":""6a3fa869a6a41926cb0c6e7f""},{""sizeMl"":15,""bottleType"":"""",""sellingPrice"":750,""oilMlUsed"":15,""ethanolMlUsed"":0,""fixativeMlUsed"":0,""makingCost"":301.42857142857144,""bottleId"":""6a3fa869a6a41926cb0c6e80""},{""sizeMl"":30,""bottleType"":"""",""sellingPrice"":1500,""oilMlUsed"":30,""ethanolMlUsed"":0,""fixativeMlUsed"":0,""makingCost"":445,""bottleId"":""6a3fa869a6a41926cb0c6e81""}]"
White Oud Spray,WO_SP,spray,Strong woody oud fragrance. A sophisticated evening scent.,strong,evening,oud woody,false,false,2026-06-27T19:12:03.558Z,2026-09-10T20:09:52.190Z,,White Oud (55%); Ethanol (42%); Iso E Super (1%); Galaxolide (1%); Ambroxan (1%),330,1650,"[{""sizeMl"":6,""bottleType"":"""",""sellingPrice"":330,""oilMlUsed"":3.3,""ethanolMlUsed"":2.52,""fixativeMlUsed"":0.18,""makingCost"":166.60299047619048,""bottleId"":""6a3fa86aa6a41926cb0c6e82""},{""sizeMl"":15,""bottleType"":"""",""sellingPrice"":780,""oilMlUsed"":8.25,""ethanolMlUsed"":6.3,""fixativeMlUsed"":0.44999999999999996,""makingCost"":245.317,""bottleId"":""6a3fa86aa6a41926cb0c6e83""},{""sizeMl"":30,""bottleType"":"""",""sellingPrice"":1050,""oilMlUsed"":16.5,""ethanolMlUsed"":12.6,""fixativeMlUsed"":0.8999999999999999,""makingCost"":430.5905217391304,""bottleId"":""6a3fa86aa6a41926cb0c6e84""},{""sizeMl"":50,""bottleType"":"""",""sellingPrice"":1300,""oilMlUsed"":27.5,""ethanolMlUsed"":21,""fixativeMlUsed"":1.5,""makingCost"":599.39,""bottleId"":""6a3fa86aa6a41926cb0c6e85""},{""sizeMl"":100,""bottleType"":"""",""sellingPrice"":1650,""oilMlUsed"":55,""ethanolMlUsed"":42,""fixativeMlUsed"":3,""makingCost"":1033.78,""bottleId"":""6a3fa86aa6a41926cb0c6e86""}]"
kacha beli,KacBel,roll-on,Light fruity sweet fragrance. Fresh and cheerful for daytime.,light,daytime,fruity sweet,false,true,2026-06-27T19:11:50.444Z,2026-09-10T19:26:50.432Z,kacha beli,,150,1250,"[{""sizeMl"":3.5,""bottleType"":"""",""sellingPrice"":150,""oilMlUsed"":3.5,""ethanolMlUsed"":0,""fixativeMlUsed"":0,""makingCost"":113.61296137339056,""bottleId"":""6a3fa869a6a41926cb0c6e7e""},{""sizeMl"":6,""bottleType"":"""",""sellingPrice"":250,""oilMlUsed"":6,""ethanolMlUsed"":0,""fixativeMlUsed"":0,""makingCost"":138.60169491525426,""bottleId"":""6a3fa869a6a41926cb0c6e7f""},{""sizeMl"":15,""bottleType"":"""",""sellingPrice"":650,""oilMlUsed"":15,""ethanolMlUsed"":0,""fixativeMlUsed"":0,""makingCost"":181.42857142857144,""bottleId"":""6a3fa869a6a41926cb0c6e80""},{""sizeMl"":30,""bottleType"":"""",""sellingPrice"":1250,""oilMlUsed"":30,""ethanolMlUsed"":0,""fixativeMlUsed"":0,""makingCost"":205,""bottleId"":""6a3fa869a6a41926cb0c6e81""}]"
kacha beli Spray,KacBel_SP,spray,Light fruity sweet fragrance. Fresh and cheerful for daytime.,light,daytime,fruity sweet,false,true,2026-06-27T19:11:51.328Z,2026-09-27T01:16:04.083Z,,,300,1700,"[{""sizeMl"":6,""bottleType"":"""",""sellingPrice"":300,""oilMlUsed"":3.3120000000000003,""ethanolMlUsed"":2.6879999999999997,""fixativeMlUsed"":0,""makingCost"":140.20299047619048,""bottleId"":""6a3fa86aa6a41926cb0c6e82""},{""sizeMl"":15,""bottleType"":"""",""sellingPrice"":700,""oilMlUsed"":7.5,""ethanolMlUsed"":7.05,""fixativeMlUsed"":0.44999999999999996,""makingCost"":179.317,""bottleId"":""6a3fa86aa6a41926cb0c6e83""},{""sizeMl"":30,""bottleType"":"""",""sellingPrice"":1000,""oilMlUsed"":15.6,""ethanolMlUsed"":13.5,""fixativeMlUsed"":0.8999999999999999,""makingCost"":298.59052173913045,""bottleId"":""6a3fa86aa6a41926cb0c6e84""},{""sizeMl"":50,""bottleType"":"""",""sellingPrice"":1300,""oilMlUsed"":27.5,""ethanolMlUsed"":21,""fixativeMlUsed"":1.5,""makingCost"":379.39,""bottleId"":""6a3fa86aa6a41926cb0c6e85""},{""sizeMl"":100,""bottleType"":"""",""sellingPrice"":1700,""oilMlUsed"":60,""ethanolMlUsed"":37,""fixativeMlUsed"":3,""makingCost"":593.78,""bottleId"":""6a3fa86aa6a41926cb0c6e86""}]"
lacoste White,LaW,roll-on,"Top Notes: Grapefruit, rosemary, and cardamom.
Heart/Middle Notes: Ylang-ylang and tuberose (creamy white florals).
Base Notes: Suede, Virginia cedar, vetiver, and leather",light,daytime,"woody, citrus",false,true,2026-08-08T19:40:51.837Z,2026-09-10T19:23:48.001Z,lacoste White,,150,1150,"[{""sizeMl"":3.5,""bottleType"":"""",""sellingPrice"":150,""oilMlUsed"":3.5,""ethanolMlUsed"":0,""fixativeMlUsed"":0,""makingCost"":127.61296137339056,""bottleId"":""6a3fa869a6a41926cb0c6e7e""},{""sizeMl"":6,""bottleType"":"""",""sellingPrice"":250,""oilMlUsed"":6,""ethanolMlUsed"":0,""fixativeMlUsed"":0,""makingCost"":162.60169491525426,""bottleId"":""6a3fa869a6a41926cb0c6e7f""},{""sizeMl"":15,""bottleType"":"""",""sellingPrice"":600,""oilMlUsed"":15,""ethanolMlUsed"":0,""fixativeMlUsed"":0,""makingCost"":250,""bottleId"":""6a3fa86aa6a41926cb0c6e83""},{""sizeMl"":30,""bottleType"":"""",""sellingPrice"":1150,""oilMlUsed"":30,""ethanolMlUsed"":0,""fixativeMlUsed"":0,""makingCost"":439.95652173913044,""bottleId"":""6a3fa86aa6a41926cb0c6e84""}]"
lacoste White Spray,LaW_SP,spray,"Top Notes: Grapefruit, rosemary, and cardamom.
Heart/Middle Notes: Ylang-ylang and tuberose (creamy white florals).
Base Notes: Suede, Virginia cedar, vetiver, and leather",light,daytime,"woody, citrus",false,true,2026-08-08T19:42:56.716Z,2026-09-27T01:16:16.714Z,,,280,1900,"[{""sizeMl"":6,""bottleType"":"""",""sellingPrice"":280,""oilMlUsed"":3.3120000000000003,""ethanolMlUsed"":2.6879999999999997,""fixativeMlUsed"":0,""makingCost"":153.40299047619047,""bottleId"":""6a3fa86aa6a41926cb0c6e82""},{""sizeMl"":15,""bottleType"":"""",""sellingPrice"":700,""oilMlUsed"":7.5,""ethanolMlUsed"":7.05,""fixativeMlUsed"":0.44999999999999996,""makingCost"":212.317,""bottleId"":""6a3fa86aa6a41926cb0c6e83""},{""sizeMl"":30,""bottleType"":"""",""sellingPrice"":1250,""oilMlUsed"":15.6,""ethanolMlUsed"":13.5,""fixativeMlUsed"":0.8999999999999999,""makingCost"":364.5905217391304,""bottleId"":""6a3fa86aa6a41926cb0c6e84""},{""sizeMl"":50,""bottleType"":"""",""sellingPrice"":1450,""oilMlUsed"":27.5,""ethanolMlUsed"":21,""fixativeMlUsed"":1.5,""makingCost"":489.39,""bottleId"":""6a3fa86aa6a41926cb0c6e85""},{""sizeMl"":100,""bottleType"":"""",""sellingPrice"":1900,""oilMlUsed"":60,""ethanolMlUsed"":37,""fixativeMlUsed"":3,""makingCost"":813.78,""bottleId"":""6a3fa86aa6a41926cb0c6e86""}]"
le male elixir,LeME,roll-on,Premium perfume oil with a captivating scent.,medium,"Night, Evening",honey leather tobacco,false,true,2026-08-08T19:12:46.469Z,2026-09-10T19:23:52.330Z,le male elixir,,180,1100,"[{""sizeMl"":3.5,""bottleType"":"""",""sellingPrice"":180,""oilMlUsed"":3.5,""ethanolMlUsed"":0,""fixativeMlUsed"":0,""makingCost"":150.36296137339056,""bottleId"":""6a3fa869a6a41926cb0c6e7e""},{""sizeMl"":6,""bottleType"":"""",""sellingPrice"":300,""oilMlUsed"":6,""ethanolMlUsed"":0,""fixativeMlUsed"":0,""makingCost"":201.60169491525426,""bottleId"":""6a3fa869a6a41926cb0c6e7f""},{""sizeMl"":15,""bottleType"":"""",""sellingPrice"":750,""oilMlUsed"":15,""ethanolMlUsed"":0,""fixativeMlUsed"":0,""makingCost"":338.92857142857144,""bottleId"":""6a3fa869a6a41926cb0c6e80""},{""sizeMl"":30,""bottleType"":"""",""sellingPrice"":1100,""oilMlUsed"":30,""ethanolMlUsed"":0,""fixativeMlUsed"":0,""makingCost"":520,""bottleId"":""6a3fa869a6a41926cb0c6e81""}]"
le male elixir Spray,LeME__SP,spray,Premium perfume oil with a captivating scent.,medium,"Night, Evening",honey leather tobacco,false,true,2026-08-08T19:14:38.398Z,2026-09-27T01:16:15.762Z,,,330,2000,"[{""sizeMl"":6,""bottleType"":"""",""sellingPrice"":330,""oilMlUsed"":3.3120000000000003,""ethanolMlUsed"":2.6879999999999997,""fixativeMlUsed"":0,""makingCost"":174.85299047619048,""bottleId"":""6a3fa86aa6a41926cb0c6e82""},{""sizeMl"":15,""bottleType"":"""",""sellingPrice"":800,""oilMlUsed"":7.5,""ethanolMlUsed"":7.05,""fixativeMlUsed"":0.44999999999999996,""makingCost"":265.942,""bottleId"":""6a3fa86aa6a41926cb0c6e83""},{""sizeMl"":30,""bottleType"":"""",""sellingPrice"":1100,""oilMlUsed"":15.6,""ethanolMlUsed"":13.5,""fixativeMlUsed"":0.8999999999999999,""makingCost"":471.84052173913045,""bottleId"":""6a3fa86aa6a41926cb0c6e84""},{""sizeMl"":50,""bottleType"":"""",""sellingPrice"":1500,""oilMlUsed"":27.5,""ethanolMlUsed"":21,""fixativeMlUsed"":1.5,""makingCost"":668.14,""bottleId"":""6a3fa86aa6a41926cb0c6e85""},{""sizeMl"":100,""bottleType"":"""",""sellingPrice"":2000,""oilMlUsed"":60,""ethanolMlUsed"":37,""fixativeMlUsed"":3,""makingCost"":1171.28,""bottleId"":""6a3fa86aa6a41926cb0c6e86""}]"
victoriya secret,VicSec,roll-on,Seductive floral and vanilla fragrance. Light and sweet for daytime.,light,daytime,floral vanilla sweet,false,true,2026-06-27T19:11:27.711Z,2026-09-10T19:29:45.724Z,victoriya secret,,180,1500,"[{""sizeMl"":3.5,""bottleType"":"""",""sellingPrice"":180,""oilMlUsed"":3.5,""ethanolMlUsed"":0,""fixativeMlUsed"":0,""makingCost"":145.11296137339056,""bottleId"":""6a3fa869a6a41926cb0c6e7e""},{""sizeMl"":6,""bottleType"":"""",""sellingPrice"":280,""oilMlUsed"":6,""ethanolMlUsed"":0,""fixativeMlUsed"":0,""makingCost"":192.60169491525426,""bottleId"":""6a3fa869a6a41926cb0c6e7f""},{""sizeMl"":15,""bottleType"":"""",""sellingPrice"":750,""oilMlUsed"":15,""ethanolMlUsed"":0,""fixativeMlUsed"":0,""makingCost"":316.42857142857144,""bottleId"":""6a3fa869a6a41926cb0c6e80""},{""sizeMl"":30,""bottleType"":"""",""sellingPrice"":1500,""oilMlUsed"":30,""ethanolMlUsed"":0,""fixativeMlUsed"":0,""makingCost"":475,""bottleId"":""6a3fa869a6a41926cb0c6e81""}]"
victoriya secret Spray,VicSec_SP,spray,Seductive floral and vanilla fragrance. Light and sweet for daytime.,light,daytime,floral vanilla sweet,true,true,2026-06-27T19:11:28.570Z,2026-09-27T01:15:52.173Z,,,330,1650,"[{""sizeMl"":6,""bottleType"":"""",""sellingPrice"":330,""oilMlUsed"":3.3120000000000003,""ethanolMlUsed"":2.6879999999999997,""fixativeMlUsed"":0,""makingCost"":169.90299047619047,""bottleId"":""6a3fa86aa6a41926cb0c6e82""},{""sizeMl"":15,""bottleType"":"""",""sellingPrice"":750,""oilMlUsed"":7.5,""ethanolMlUsed"":7.05,""fixativeMlUsed"":0.44999999999999996,""makingCost"":253.567,""bottleId"":""6a3fa86aa6a41926cb0c6e83""},{""sizeMl"":30,""bottleType"":"""",""sellingPrice"":1050,""oilMlUsed"":15.6,""ethanolMlUsed"":13.5,""fixativeMlUsed"":0.8999999999999999,""makingCost"":447.0905217391304,""bottleId"":""6a3fa86aa6a41926cb0c6e84""},{""sizeMl"":50,""bottleType"":"""",""sellingPrice"":1300,""oilMlUsed"":27.5,""ethanolMlUsed"":21,""fixativeMlUsed"":1.5,""makingCost"":626.89,""bottleId"":""6a3fa86aa6a41926cb0c6e85""},{""sizeMl"":100,""bottleType"":"""",""sellingPrice"":1650,""oilMlUsed"":60,""ethanolMlUsed"":37,""fixativeMlUsed"":3,""makingCost"":1088.78,""bottleId"":""6a3fa86aa6a41926cb0c6e86""}]"